datetime,actual_value,xgboost_forecast,lightgbm_forecast,gradient_boosting_forecast,catboost_forecast,adaboost_forecast,lstm_forecast
2025-11-01 00:00:00,11.33,11.589507,10.65003372884476,11.33549365564155,10.73696480667346,11.92740603463244,11.06
2025-11-01 00:30:00,10.99,11.334913,10.318220321892412,11.057014682656364,9.890094130288848,9.870817557511112,11.05
2025-11-01 01:00:00,10.84,11.334913,10.32617897297264,11.184364668452194,10.33597215102334,9.923783820866312,10.82
2025-11-01 01:30:00,10.81,11.334913,10.33089073190831,11.187682452683491,10.350832572350742,9.870817557511112,11.03
2025-11-01 02:00:00,10.79,11.421839,10.374137815849217,11.157035578639029,10.30120658681698,9.870817557511112,10.91
2025-11-01 02:30:00,10.81,11.478434,10.378849574784883,11.197110518700608,10.492488842036432,10.605377854444276,10.82
2025-11-01 03:00:00,10.81,11.421839,10.374137815849217,11.250250566140055,10.156941117703171,11.92740603463244,11.42
2025-11-01 03:30:00,10.84,11.707211,10.57259065188823,11.257303712299976,10.305694316773772,11.92740603463244,11.37
2025-11-01 04:00:00,11.05,11.814565,10.725851666318912,11.631398466516796,10.539421697673054,12.21807509398078,11.51
2025-11-01 04:30:00,10.84,11.94867,10.942684866389838,11.791479156185307,10.921401367377154,12.45750477789977,11.85
2025-11-01 05:00:00,10.84,11.907754,10.953294777838744,11.830689270921209,10.78024080746862,12.473685468065916,11.93
2025-11-01 05:30:00,11.26,12.563002,11.377327530859754,12.28338161131748,12.327789022684756,13.12382667810645,11.99
2025-11-01 06:00:00,11.18,14.123512,13.08697585869451,13.267964088939753,12.734392246858182,13.369164630232936,13.06
2025-11-01 06:30:00,10.84,12.781985,11.302651306468253,12.423093070441736,10.943532170235578,13.14773625598477,12.99
2025-11-01 07:00:00,11.0,11.764081,10.824825155144676,11.4746741477238,10.693454537314055,11.92740603463244,12.65
2025-11-01 07:30:00,9.92,11.155752,9.236397728535636,10.422758512955244,9.815928167688345,10.605377854444276,12.58
2025-11-01 08:00:00,9.16,10.596942,8.60144458825699,9.415759906374351,9.123171053980071,9.27528525438898,11.43
2025-11-01 08:30:00,9.44,9.814847,8.36504825365578,8.202964322547736,8.538693949066976,8.516659321826795,11.69
2025-11-01 09:00:00,10.22,9.550097,8.290691129962452,8.47152151220315,8.438467049535557,8.36034559384442,12.37
2025-11-01 09:30:00,9.5,9.302926,8.379630621728356,8.182917313580603,6.832781669517565,8.134925717087711,11.1
2025-11-01 10:00:00,8.5,8.747565,7.471158166140746,7.843422816155364,6.210169759749978,8.344482161775305,9.58
2025-11-01 10:30:00,6.3,8.218978,7.999543655884166,7.857366225365439,6.476904959174345,7.773711370405081,9.99
2025-11-01 11:00:00,6.15,8.522264,7.581830721540431,7.662410093146967,6.549298713249995,7.881227447724293,10.6
2025-11-01 11:30:00,6.17,8.457422,8.081759670819881,7.868066483539476,7.51076218680618,7.758283397791501,10.71
2025-11-01 12:00:00,6.18,8.544508,8.689900993216607,8.19356126405183,6.815575391098762,7.567541612807434,9.56
2025-11-01 12:30:00,5.01,9.127006,9.270658384885714,8.630774841768355,7.219357056687418,7.567541612807434,9.32
2025-11-01 13:00:00,6.17,10.167009,10.153653212557222,8.96727425078544,8.122979389772985,8.36034559384442,10.59
2025-11-01 13:30:00,6.16,10.056254,9.791500329082954,9.947378697478015,9.545214184501315,9.693669673973298,13.0
2025-11-01 14:00:00,6.12,10.79052,10.273811695310782,9.894541818850469,10.957711797163856,8.931392701749362,12.99
2025-11-01 14:30:00,6.11,11.664009,10.225301056416638,11.70609913025207,11.466390524670556,9.3928986954622,13.33
2025-11-01 15:00:00,7.01,11.870654,10.142417044158735,11.851526847772458,11.78926794880167,11.273231737782892,13.54
2025-11-01 15:30:00,8.72,14.11863,12.878465835947422,14.653344859668264,14.19472376513235,13.106985697832734,14.68
2025-11-01 16:00:00,11.05,16.200737,15.34323243606059,16.24782694698744,15.59796859830482,13.46070284451754,16.73
2025-11-01 16:30:00,12.25,17.7138,15.827009266438925,23.21762652333857,17.443425202110348,14.72231459480538,17.08
2025-11-01 17:00:00,12.83,17.749327,15.76005340894588,23.71560899491139,16.882920697405925,14.72231459480538,17.62
2025-11-01 17:30:00,11.42,16.43852,15.494788349056458,16.901873983599767,15.475859199560803,14.72231459480538,15.92
2025-11-01 18:00:00,10.01,16.66481,15.36496989533961,16.78555320769897,15.113444946440527,14.122359787926149,16.73
2025-11-01 18:30:00,10.01,15.626051,15.106969604749716,15.802403483973327,15.91412836057096,14.042991815402171,16.06
2025-11-01 19:00:00,11.05,15.806454,14.909783910786096,15.81945674937814,15.046221706573355,14.042991815402171,15.96
2025-11-01 19:30:00,11.05,16.958643,13.35937682461108,16.82404222238606,12.635385980097697,14.541125823772427,15.5
2025-11-01 20:00:00,11.05,16.236403,13.821090122833478,15.264516761765211,12.683808856911105,13.44797740639606,15.55
2025-11-01 20:30:00,11.45,14.583954,13.073789636676004,14.461418601765075,13.174498777016142,13.26825176602713,14.41
2025-11-01 21:00:00,11.4,14.137944,13.234318852938468,13.836431425515883,12.690880555664176,13.369164630232936,13.12
2025-11-01 21:30:00,11.28,12.804439,11.502810917888851,13.733758928200508,11.1325914138102,13.14773625598477,12.23
2025-11-01 22:00:00,11.0,13.271263,11.97724356274752,12.787026058435266,12.91968742357714,13.14773625598477,12.31
2025-11-01 22:30:00,10.22,12.390692,11.522472278881663,12.153881660280746,10.924134336744782,13.089508514437254,10.68
2025-11-01 23:00:00,11.29,12.624383,11.422985417241073,13.237203128841806,11.223868631461842,12.66506534947766,10.12
2025-11-01 23:30:00,11.1,11.089234,10.677814374059114,11.347707681296187,9.896071798179278,9.85456210447275,9.75
2025-11-02 00:00:00,10.73,11.303643,10.4692716015344,11.199955419408074,10.75349961701934,11.39909806149461,10.35
2025-11-02 00:30:00,10.99,11.303643,9.52025365753807,10.96047072100569,10.509157991698638,9.923783820866312,10.0
2025-11-02 01:00:00,10.72,11.303643,9.528212308618295,11.073604589244434,10.62136889584012,9.923783820866312,10.08
2025-11-02 01:30:00,10.62,11.303643,9.528212308618295,11.074827308542943,10.63960068312161,9.870817557511112,9.99
2025-11-02 02:00:00,10.62,11.390568,9.576171151494872,11.04621221303736,10.650908172114088,10.576270884174416,10.06
2025-11-02 02:30:00,10.7,11.447163,9.576171151494872,11.10255218558305,11.079401864073278,9.923783820866312,10.12
2025-11-02 03:00:00,10.99,11.390568,10.26750320455244,11.16168073902009,10.94569398581652,11.348880059043385,10.24
2025-11-02 03:30:00,10.91,11.597953,9.5547741936411,11.078177239706973,11.122872069672429,11.348880059043385,10.23
2025-11-02 04:00:00,10.91,11.7267,9.855407771463112,11.514470840554864,11.140604840259495,12.21807509398078,10.58
2025-11-02 04:30:00,10.91,11.839413,10.816009208940631,11.727428546078942,11.337594877066351,12.45750477789977,10.57
2025-11-02 05:00:00,11.0,11.781211,10.858725107406723,11.736434315611808,11.257497928604044,12.473685468065916,10.46
2025-11-02 05:30:00,11.0,11.896269,10.920787682555556,12.099039272381582,11.375626865323664,12.57857066211709,10.61
2025-11-02 06:00:00,10.9,13.552513,12.49647592724982,12.886141855801394,13.12654227275472,13.369164630232936,10.94
2025-11-02 06:30:00,10.01,12.421787,11.422476660212451,12.376909751554846,11.541337028297628,13.416680429508771,10.54
2025-11-02 07:00:00,9.15,11.65567,10.925381231611365,11.50173405575367,11.105440301186652,11.94434315734298,10.66
2025-11-02 07:30:00,8.0,11.239305,10.481588250168585,11.120708753228897,10.467895576303864,12.36684439954555,9.93
2025-11-02 08:00:00,6.97,10.645743,10.443779270008283,9.951815051949866,10.65427242025758,9.340302995785247,9.4
2025-11-02 08:30:00,6.1,10.527642,10.550096131024214,9.360671941499536,10.146126302265865,9.291207996034828,9.69
2025-11-02 09:00:00,6.09,11.331286,10.309519008170744,10.254567115057243,11.748553834962213,9.923783820866312,10.43
2025-11-02 09:30:00,5.01,10.780728,10.525883056437584,9.798948121433796,8.84046495568243,9.340302995785247,8.89
2025-11-02 10:00:00,2.01,10.324727,8.416980809801775,9.097648629092172,9.067599110585304,8.931392701749362,8.2
2025-11-02 10:30:00,1.01,11.464881,10.351745911255374,10.352352319598449,8.047741473888435,8.578707448540385,6.76
2025-11-02 11:00:00,2.01,11.87742,11.353199021623489,11.316579587275406,10.1777204968773,9.3928986954622,7.82
2025-11-02 11:30:00,2.01,12.105952,10.453002041330572,10.373809751326457,10.112700165244942,8.850576968062533,7.84
2025-11-02 12:00:00,3.01,10.256513,10.906018672930326,10.08765280709598,9.207886371557889,7.748290504544496,7.08
2025-11-02 12:30:00,6.81,9.501752,9.696170104924834,8.774577677635293,8.246348420291111,7.748290504544496,6.48
2025-11-02 13:00:00,6.92,9.552451,8.222260689932128,9.497954028326244,9.086157216540297,11.180953122539114,8.16
2025-11-02 13:30:00,7.95,9.432337,9.253558034973157,9.301862811248954,9.444084652403864,12.994759201352997,8.15
2025-11-02 14:00:00,10.41,10.196696,9.876027426218142,10.19946248873665,10.492660056993316,11.39909806149461,7.67
2025-11-02 14:30:00,10.41,11.026827,9.658322005941956,11.345781885658752,11.477100353797264,12.994759201352997,8.7
2025-11-02 15:00:00,10.64,11.195542,10.44479213807571,11.283287865400714,11.74901522469531,12.11940899357585,8.56
2025-11-02 15:30:00,11.38,14.272136,12.755190238921022,13.805946895041334,15.23085190304872,13.12382667810645,10.48
2025-11-02 16:00:00,15.36,16.026186,15.34912242419737,16.05207293819663,15.853760440076124,13.582660166769609,11.9
2025-11-02 16:30:00,15.36,17.03996,15.543963120687708,17.605382209537282,16.960673389504354,14.72231459480538,13.33
2025-11-02 17:00:00,15.36,16.18661,15.720360054983368,16.650209486765675,15.69681779282694,14.211378086897,13.91
2025-11-02 17:30:00,15.36,15.634535,14.771612553569843,15.528630031156473,15.692388988344732,14.211378086897,12.56
2025-11-02 18:00:00,14.49,15.5458975,14.916662738625307,15.514562411965931,16.02418228136722,14.042991815402171,11.87
2025-11-02 18:30:00,14.49,14.7305355,14.38951894954374,14.673920485405676,15.526678416365431,14.042991815402171,12.03
2025-11-02 19:00:00,13.1,14.73499,14.442305772588789,14.936094810829694,15.180873431519489,14.042991815402171,12.3
2025-11-02 19:30:00,14.49,15.138347,14.679300036062855,14.845152656656042,14.410416501812312,13.44797740639606,12.48
2025-11-02 20:00:00,12.93,16.0324,13.980723433959174,14.706035489641996,13.112921405316648,13.46070284451754,13.51
2025-11-02 20:30:00,12.24,14.483878,13.090195085590157,13.791475957177338,13.19144073869114,13.26825176602713,11.66
2025-11-02 21:00:00,12.24,13.810711,12.579704068767636,13.700000578064325,12.734919906696437,13.369164630232936,11.44
2025-11-02 21:30:00,11.45,12.467597,11.607405865209548,13.668789643583851,10.809494446469202,13.106985697832734,10.74
2025-11-02 22:00:00,11.38,13.281098,12.022633981521537,12.759377163769306,13.079397542011783,13.14773625598477,9.75
2025-11-02 22:30:00,11.14,12.399332,11.583815717661214,11.956379490935664,11.432899339130774,13.089508514437254,9.04
2025-11-02 23:00:00,11.18,11.723628,10.93398228202849,11.444940442238966,10.852795135716088,12.46802498855974,8.9
2025-11-02 23:30:00,10.77,10.975023,10.460900777409712,11.14619944186222,9.324592111359724,8.516659321826795,8.51
2025-11-03 00:00:00,11.23,11.284817,10.4692716015344,11.24890302635506,10.274532751220429,11.344240612838934,9.17
2025-11-03 00:30:00,10.72,11.303643,9.528212308618295,10.96704385199912,10.577757257593076,9.923783820866312,8.98
2025-11-03 01:00:00,10.69,11.303643,9.528212308618295,11.055825880462802,10.384368899180169,9.923783820866312,9.11
2025-11-03 01:30:00,10.64,11.303643,9.528212308618295,11.036262099167528,10.316247078766036,9.870817557511112,8.56
2025-11-03 02:00:00,10.72,11.33445,9.576171151494872,11.028433504255728,10.386126313450704,9.870817557511112,9.39
2025-11-03 02:30:00,10.75,11.390568,9.576171151494872,11.061942243122628,10.749011841553909,10.605377854444276,9.21
2025-11-03 03:00:00,10.74,11.33445,10.27839202497129,11.14390203023846,10.800108599457635,11.348880059043385,9.8
2025-11-03 03:30:00,11.05,11.597953,9.573621665140177,11.119423556569952,10.467197814373764,11.180953122539114,9.6
2025-11-03 04:00:00,11.09,11.7267,9.86336642254334,11.40249690678794,10.73193135728395,11.348880059043385,9.57
2025-11-03 04:30:00,11.18,11.782818,10.541260168827364,11.407727889034442,10.528857620795966,11.92740603463244,9.82
2025-11-03 05:00:00,11.28,11.724616,10.901228083786688,11.710269266677138,11.38112884319012,12.46802498855974,10.03
2025-11-03 05:30:00,11.25,11.647953,10.806177150794346,11.690809235931518,11.219075553467707,12.36684439954555,10.19
2025-11-03 06:00:00,11.46,12.432461,11.465515909273783,12.241681043687722,12.110796108621864,13.208895493409887,10.65
2025-11-03 06:30:00,11.05,11.865929,11.13731989127219,11.85470539391418,11.834668290838335,13.26825176602713,9.86
2025-11-03 07:00:00,10.41,11.530141,10.757653747299289,11.386265459509264,10.977514938094304,11.92740603463244,9.23
2025-11-03 07:30:00,10.52,11.236259,9.707111420081691,10.73445594112189,10.306580636184176,12.11940899357585,8.39
2025-11-03 08:00:00,10.18,10.198042,9.5847470094118,9.393302489385269,10.118567225016928,9.3928986954622,7.78
2025-11-03 08:30:00,9.4,9.4967575,8.453430535684259,7.755875252797395,8.307373783884424,8.578707448540385,7.51
2025-11-03 09:00:00,8.74,9.224515,8.740996651642229,7.722676116677057,8.425831045611814,9.27528525438898,7.56
2025-11-03 09:30:00,7.31,8.266776,8.028509777388399,7.283002935948549,7.052805255100113,8.924472233605046,6.73
2025-11-03 10:00:00,8.0,7.041571,6.419425482839378,6.935416023145104,5.342738369567458,9.27528525438898,5.23
2025-11-03 10:30:00,7.82,6.232907,5.52625910690252,5.953198403679141,4.882636376019994,7.942139085496182,4.07
2025-11-03 11:00:00,7.76,5.948785,4.908646299369608,5.361514604128495,5.480485145920154,8.931392701749362,4.86
2025-11-03 11:30:00,7.77,6.372918,5.10765761783404,5.661185645482591,5.5586608839377085,8.54492393296032,4.84
2025-11-03 12:00:00,7.81,6.4742537,6.073940248846893,5.673179778848879,4.889682024145879,7.773711370405081,4.01
2025-11-03 12:30:00,7.81,7.347793,6.937290983966582,7.020681026504268,6.01676423163694,7.773711370405081,5.82
2025-11-03 13:00:00,7.85,7.5927143,7.106258006997928,8.219387007666844,7.961942829481493,9.923783820866312,6.92
2025-11-03 13:30:00,9.58,9.237279,8.448891790779454,8.779367238317892,9.325962305935027,12.11940899357585,7.93
2025-11-03 14:00:00,9.76,9.557428,8.555561440235248,9.125115699678949,9.282866222205328,11.348880059043385,9.14
2025-11-03 14:30:00,10.41,10.667024,9.347364881839647,10.653554254968393,10.438253063128853,12.11940899357585,9.54
2025-11-03 15:00:00,11.05,11.150187,9.98788346969516,11.266378894235345,10.90200525213307,11.92740603463244,9.83
2025-11-03 15:30:00,11.38,13.325564,12.160229154205531,12.87303030098552,13.760362799416972,13.12382667810645,11.57
2025-11-03 16:00:00,15.49,15.317939,14.369485710289077,14.718909979389691,14.631313488596694,13.435627095734118,14.08
2025-11-03 16:30:00,15.53,16.15692,14.847761278659249,15.518919246519133,15.140413604545492,14.042991815402171,15.33
2025-11-03 17:00:00,15.53,16.015697,15.259183681232408,15.322439419457108,15.976287448131298,14.042991815402171,15.31
2025-11-03 17:30:00,15.53,15.017594,14.061366231113972,14.50150697038556,14.8227391362005,14.042991815402171,14.84
2025-11-03 18:00:00,15.32,15.421407,14.367667199038245,14.5470253771126,15.37072896119354,13.582660166769609,14.09
2025-11-03 18:30:00,14.94,14.655986,13.91797738312288,14.220043769933264,15.079321923016929,13.582660166769609,14.29
2025-11-03 19:00:00,13.5,14.6604395,13.958346556894789,14.62779515187839,14.57261077679268,13.582660166769609,13.53
2025-11-03 19:30:00,13.63,15.073554,13.943919722200734,14.060416836527482,13.552270345439258,13.435627095734118,13.91
2025-11-03 20:00:00,14.76,15.275499,13.782923639761687,14.317305026304474,12.865325344590808,13.44797740639606,13.76
2025-11-03 20:30:00,15.53,14.00038,12.8458663803416,13.602668067190754,12.993944512777402,13.208895493409887,12.36
2025-11-03 21:00:00,15.1,13.439223,11.96849464113387,12.969043364898138,12.197479356938844,13.369164630232936,12.37
2025-11-03 21:30:00,12.84,12.419625,11.40028670883794,12.042081118859736,10.791628917096926,13.089508514437254,10.8
2025-11-03 22:00:00,12.69,12.670222,11.742328348573457,12.515327409339486,11.685923688587325,13.14773625598477,10.2
2025-11-03 22:30:00,12.05,11.948043,11.1715205179265,11.656022703883393,10.889489226535002,12.473685468065916,9.88
2025-11-03 23:00:00,11.61,11.394862,10.711757393171595,11.305683764870109,10.880595498294747,11.344240612838934,10.08
2025-11-03 23:30:00,11.07,10.763564,9.732174842871716,10.59060117714339,9.498179617869134,8.357186586755402,9.65
2025-11-04 00:00:00,11.35,11.284817,10.32656591747706,11.11388646878916,9.978666623503615,11.180953122539114,11.25
2025-11-04 00:30:00,11.42,11.278207,9.621528379966408,10.433771351431668,10.000571555166015,9.693669673973298,10.25
2025-11-04 01:00:00,11.36,11.096402,9.38290509583842,10.508996045515795,10.03419859246616,9.693669673973298,10.35
2025-11-04 01:30:00,11.36,11.096402,9.38290509583842,10.49005703078498,9.929102592493503,9.693669673973298,10.39
2025-11-04 02:00:00,11.33,11.12721,9.430863938714994,10.511091110448586,10.02824495268068,9.693669673973298,10.88
2025-11-04 02:30:00,11.36,11.12721,9.418846383590331,10.531677122741849,10.271620341099116,9.693669673973298,11.05
2025-11-04 03:00:00,11.38,11.309014,10.655440500299502,11.08432207923673,10.511348096735786,10.83139720349999,10.94
2025-11-04 03:30:00,11.45,11.231874,10.619048432242357,11.122788839405665,10.223086040873715,11.180953122539114,11.23
2025-11-04 04:00:00,11.45,11.231874,10.6324867390159,11.144903234647446,10.623172713954563,11.180953122539114,11.21
2025-11-04 04:30:00,11.45,11.564788,10.619048432242357,11.167990971166896,10.269167811595516,11.187881022436446,11.72
2025-11-04 05:00:00,11.61,11.565923,10.87880130845688,11.532632875527645,11.087168126696996,12.11940899357585,11.96
2025-11-04 05:30:00,12.04,11.565923,11.13546411949306,11.711919326348516,10.97996058160982,12.21807509398078,11.92
2025-11-04 06:00:00,15.5,12.12868,11.523209852952624,12.060350166943342,12.224521408845977,13.202264496687464,12.62
2025-11-04 06:30:00,12.82,11.680133,11.315789449395428,11.745966848450225,11.587858671719925,13.106985697832734,12.15
2025-11-04 07:00:00,11.26,11.361473,10.616687997964922,11.135372647717483,10.19186778300561,11.273231737782892,11.64
2025-11-04 07:30:00,9.32,11.141873,10.104240367822271,10.383700521409516,10.326308697399186,11.92740603463244,11.4
2025-11-04 08:00:00,8.02,10.412827,10.033632023489035,9.748746972208572,11.381694658396295,8.74806274059605,10.73
2025-11-04 08:30:00,7.87,10.307136,10.045599587370354,9.639110076445547,9.791805064017046,8.357186586755402,10.73
2025-11-04 09:00:00,7.89,10.7520685,10.00035351215644,9.80702298942112,10.819152896026903,7.942139085496182,10.6
2025-11-04 09:30:00,7.32,9.678533,8.828308278027432,8.826011384697326,8.182417067576301,7.867405281821788,9.11
2025-11-04 10:00:00,6.14,8.562159,7.58054599119244,7.849693292884947,6.548703818105864,7.881227447724293,9.03
2025-11-04 10:30:00,6.8,8.600037,9.11664177600605,8.274916456109608,6.917484794956152,7.471945320883604,8.91
2025-11-04 11:00:00,6.41,8.9828,9.51618826644313,9.39782612482017,8.020882022679364,7.881227447724293,10.31
2025-11-04 11:30:00,6.37,9.994315,10.328995809502036,10.517061850083715,8.898109560773282,7.8237980071271,8.44
2025-11-04 12:00:00,5.01,10.859249,11.757986264408013,11.191438561690497,9.856845526679876,7.492382594314744,7.85
2025-11-04 12:30:00,5.01,10.206423,11.66618071191962,10.334741412427338,9.453792895273722,7.471945320883604,8.1
2025-11-04 13:00:00,5.01,10.629279,10.558736867815846,10.340893572096585,9.654139966506012,8.353774920873418,8.84
2025-11-04 13:30:00,5.01,9.061672,8.404820347653526,9.246540144762916,8.841909429896953,9.85456210447275,11.12
2025-11-04 14:00:00,7.05,8.079566,8.112175788757664,8.295997300588603,8.42919238609314,9.923783820866312,11.06
2025-11-04 14:30:00,8.02,9.522657,8.454868552607458,10.02644590156792,10.0915181665237,11.39909806149461,12.08
2025-11-04 15:00:00,11.36,10.712944,9.551545980525734,10.878085213811312,10.523639779571408,11.344240612838934,12.5
2025-11-04 15:30:00,13.01,12.386711,12.117462147923346,12.632828154863985,13.40733661244444,13.106985697832734,13.81
2025-11-04 16:00:00,16.15,15.271454,14.817563188941064,15.129536522181697,14.463783191413008,13.328394732795877,16.73
2025-11-04 16:30:00,16.93,16.124428,15.254370063715092,15.512530858423728,15.091394872081269,14.042991815402171,17.61
2025-11-04 17:00:00,16.8,15.800475,15.275181704746112,15.191006170523057,15.851524108796967,14.042991815402171,17.29
2025-11-04 17:30:00,16.15,14.96522,14.497358194005484,14.679809893770395,14.852340637738497,14.042991815402171,16.96
2025-11-04 18:00:00,15.59,15.472908,14.874896030081349,14.57452256692717,15.653723657375403,13.582660166769609,16.73
2025-11-04 18:30:00,15.52,14.481943,13.860695417098452,14.06757441427238,14.277823167017576,13.46070284451754,16.42
2025-11-04 19:00:00,15.59,14.5833,13.98479035305341,14.524043382255044,14.746764272754897,13.47445693785932,15.14
2025-11-04 19:30:00,15.1,15.149111,14.06098898246921,14.228516577256537,13.831441698516004,13.435627095734118,15.43
2025-11-04 20:00:00,15.01,15.375294,13.685365456434122,14.376373389817603,13.450392503273155,13.44797740639606,15.61
2025-11-04 20:30:00,15.52,13.821878,12.940885961379257,13.011569675227683,13.244693355819448,13.208895493409887,15.29
2025-11-04 21:00:00,14.0,12.81903,11.910348948074343,12.701603306335391,11.556696842525444,13.199222194920074,14.34
2025-11-04 21:30:00,11.69,12.05192,11.406001242660292,12.00988563036183,11.540738061004475,12.66506534947766,12.68
2025-11-04 22:00:00,11.65,12.303882,11.512567790269122,12.17121783613241,11.594269346814311,13.089508514437254,12.33
2025-11-04 22:30:00,11.62,11.9087105,10.959783865156512,11.55331954653466,10.496530103905508,11.94434315734298,11.24
2025-11-04 23:00:00,11.98,11.299412,10.777227279344842,11.311821264594869,10.842358972583032,11.187881022436446,11.03
2025-11-04 23:30:00,11.67,10.77361,9.630111129843296,10.42735594177092,9.940948971794391,8.356519120982403,10.72
2025-11-05 00:00:00,11.29,11.218303,10.6547723706575,11.322520337410207,10.323437964154158,10.605377854444276,12.14
2025-11-05 00:30:00,11.54,11.055476,10.381848352611762,10.658145633648834,10.25736354969532,9.693669673973298,11.87
2025-11-05 01:00:00,11.53,11.055476,10.214314753410092,10.561627679241823,10.257614792856243,9.693669673973298,11.93
2025-11-05 01:30:00,11.51,11.009998,10.214314753410092,10.329130167847625,10.223457059249348,9.3928986954622,11.79
2025-11-05 02:00:00,11.49,11.135661,10.274338537151422,10.573468224256384,10.29650354228752,9.693669673973298,12.07
2025-11-05 02:30:00,11.51,11.163423,10.453077560408166,10.686503213282077,10.387480279692744,9.693669673973298,12.32
2025-11-05 03:00:00,11.91,11.268087,10.679635903671402,11.257316306888752,10.62689134377633,10.605377854444276,12.15
2025-11-05 03:30:00,11.77,11.268087,10.668430479616324,11.296147173748697,10.373120876082696,10.83139720349999,12.21
2025-11-05 04:00:00,11.75,11.268087,10.679635903671402,11.409421375675832,10.35225709523482,11.180953122539114,12.44
2025-11-05 04:30:00,11.61,11.268087,10.666197596897858,11.420036045508486,10.373279310083786,11.180953122539114,12.5
2025-11-05 05:00:00,11.62,11.532725,10.925950473112383,11.7658620273415,11.253375868096445,11.92740603463244,12.78
2025-11-05 05:30:00,12.18,11.602136,11.17968311480994,12.018394168621104,10.98914846436515,12.21807509398078,12.84
2025-11-05 06:00:00,14.37,12.21027,11.677129388314656,12.48540409129392,12.538926980468116,13.199222194920074,15.17
2025-11-05 06:30:00,12.25,11.653719,11.315500672679656,11.99725341459029,11.67745518540996,13.089508514437254,13.44
2025-11-05 07:00:00,11.37,11.242252,10.71971986022273,11.373054643974005,10.61431450559587,11.180953122539114,12.67
2025-11-05 07:30:00,10.53,10.105876,9.832431467502964,9.91913449063992,11.050851339847377,11.180953122539114,11.54
2025-11-05 08:00:00,10.0,10.026341,9.344825376469448,9.603704147285685,10.578572298485946,8.356519120982403,10.68
2025-11-05 08:30:00,8.0,9.43632,8.551218833900261,8.90497154594741,9.223096556891196,8.344482161775305,10.59
2025-11-05 09:00:00,8.91,9.110261,8.957533718345708,7.877150353571671,10.956995415841773,7.8237980071271,11.43
2025-11-05 09:30:00,7.89,7.6998076,8.5474460232413,7.832838046763547,9.326768166810742,7.443593052767814,9.16
2025-11-05 10:00:00,7.89,7.1319013,7.664036262373853,6.7994473479388375,7.587397213473677,7.443593052767814,8.44
2025-11-05 10:30:00,6.92,6.8852015,7.481462581394916,6.995358323232538,6.530171445233241,7.0607999930633865,7.92
2025-11-05 11:00:00,6.67,5.997829,5.971674019696358,5.542389998262386,5.940183738304989,7.072533653846468,8.48
2025-11-05 11:30:00,6.42,6.017857,5.65066717535845,5.3684585610377225,6.389512192432789,7.072533653846468,7.82
2025-11-05 12:00:00,6.16,5.7070627,5.581051419270814,5.258458353153068,5.480723386933467,7.0607999930633865,7.27
2025-11-05 12:30:00,5.01,5.7603507,6.068605476492274,5.518080004309478,6.307710924753382,7.0607999930633865,6.38
2025-11-05 13:00:00,5.01,6.842838,6.693507610778337,6.306883535888051,6.776769183159117,7.881227447724293,7.36
2025-11-05 13:30:00,6.6,6.9377146,5.793251668065621,6.589689085906692,7.1394207490533175,7.881227447724293,8.38
2025-11-05 14:00:00,7.76,8.140942,7.840285622438956,8.43239785908697,7.770211823323165,8.800452775502588,8.83
2025-11-05 14:30:00,10.26,8.980392,8.510402884626075,9.060483859253306,10.122377970173895,9.27528525438898,10.5
2025-11-05 15:00:00,12.28,9.7939,8.913480223498407,10.556041428066155,9.52268044866102,9.291207996034828,11.68
2025-11-05 15:30:00,14.38,12.088786,11.898798784082215,12.18046995158063,12.85973460450982,13.105097405656725,13.29
2025-11-05 16:00:00,16.13,14.786958,14.022456799440056,14.535765318158829,15.1015675586169,13.328394732795877,17.3
2025-11-05 16:30:00,16.13,16.405416,15.491914275767575,16.241961463182836,15.40682381455295,14.042991815402171,17.64
2025-11-05 17:00:00,15.74,16.056519,15.390270659595489,15.39649856697343,15.783412548324383,14.042991815402171,17.13
2025-11-05 17:30:00,15.68,15.916902,15.524404926209334,15.082087240480092,15.75022207249393,14.042991815402171,16.4
2025-11-05 18:00:00,15.52,15.780272,15.036721230311413,15.376962501309904,14.909696906454409,13.582660166769609,16.28
2025-11-05 18:30:00,14.49,15.468925,14.724877215769672,14.902874482247803,14.455531941384358,13.47445693785932,16.09
2025-11-05 19:00:00,15.0,15.59987,15.232611636445515,15.16548821880769,15.489564821996204,13.582660166769609,15.78
2025-11-05 19:30:00,15.2,15.2976,14.15614714970259,14.218222437696545,13.623020634005243,13.435627095734118,15.29
2025-11-05 20:00:00,15.2,15.480863,14.11192983606968,14.149905764610216,13.418988490368918,13.44797740639606,16.11
2025-11-05 20:30:00,15.1,14.593463,13.51831490707798,13.459830271812942,12.6680909001058,13.26825176602713,15.04
2025-11-05 21:00:00,13.01,13.569285,13.188603018994325,13.19960222317844,12.609750847530927,13.369164630232936,13.79
2025-11-05 21:30:00,15.49,12.251092,11.948863838223367,12.16713822567526,11.65379957062273,13.089508514437254,11.99
2025-11-05 22:00:00,13.0,12.32455,11.65894957496517,12.105774364329596,11.35802721357751,12.964080624373418,11.73
2025-11-05 22:30:00,11.92,11.9293785,11.4399070326046,11.462912782509989,10.35000544933403,12.21807509398078,11.11
2025-11-05 23:00:00,11.93,11.31949,11.105328977831125,11.267903731540066,10.327162877907694,10.83139720349999,11.28
2025-11-05 23:30:00,11.4,10.775936,9.86638043914667,10.445199419998858,9.264239655732949,8.356519120982403,10.55
2025-11-06 00:00:00,12.56,11.264606,10.722250926036605,11.252096837900352,9.995741607143549,10.605377854444276,11.49
2025-11-06 00:30:00,11.66,11.082953,10.39340260879598,10.394648005315606,9.958602106898946,9.693669673973298,11.46
2025-11-06 01:00:00,11.45,11.082953,10.449326907990864,10.41785046943714,10.01184088379676,9.693669673973298,11.34
2025-11-06 01:30:00,11.35,11.000226,10.449326907990864,10.298958173879472,9.940001485090256,9.3928986954622,11.14
2025-11-06 02:00:00,11.36,11.076511,10.36684622861299,10.537761938813407,9.880227191426227,9.693669673973298,11.63
2025-11-06 02:30:00,11.52,11.086283,10.378051652668068,10.566396572585743,9.942935020188049,9.85456210447275,11.82
2025-11-06 03:00:00,11.62,11.268087,10.602382594586844,11.276479265094618,10.141139540525886,10.605377854444276,11.71
2025-11-06 03:30:00,11.51,11.268087,10.591493774167994,11.452787349349574,9.96832225296504,10.83139720349999,11.7
2025-11-06 04:00:00,11.68,11.53159,10.613588018641922,11.356861715555077,10.15043068846523,11.180953122539114,12.11
2025-11-06 04:30:00,11.69,11.53159,10.721544862555184,11.422248176666375,10.087981282720664,11.344240612838934,11.91
2025-11-06 05:00:00,11.75,11.602136,10.857669705364437,11.778468002059888,10.920718843744377,12.11940899357585,12.03
2025-11-06 05:30:00,12.03,11.602136,11.194388339189585,12.02090508293003,10.65490679933236,12.21807509398078,12.39
2025-11-06 06:00:00,14.37,12.663821,12.114562931266894,12.7372684402685,12.3402958552869,13.208895493409887,14.24
2025-11-06 06:30:00,13.96,11.683735,11.466366384299578,12.075569097989902,11.911011314105137,13.199222194920074,12.56
2025-11-06 07:00:00,15.49,11.299733,10.542147713066036,11.19593354429726,10.127981326908031,11.180953122539114,11.94
2025-11-06 07:30:00,15.49,10.489113,9.678368391808013,9.960016903123044,10.710308626229509,10.83139720349999,10.86
2025-11-06 08:00:00,15.0,9.788992,9.311842312229372,8.189062452368276,10.342206967535668,8.383755560394667,10.32
2025-11-06 08:30:00,15.47,9.081336,9.030326354966329,7.7255078731419715,8.383413466624615,8.169607375541784,9.45
2025-11-06 09:00:00,13.41,8.368187,8.401884146247308,6.860203539137596,10.76979236114493,7.881227447724293,9.77
2025-11-06 09:30:00,11.63,7.2807555,7.452964905548439,6.743059532340468,7.968856495829709,7.686595702439196,8.25
2025-11-06 10:00:00,10.85,6.593678,6.125359284605418,5.754531126850542,7.15172901978836,7.471945320883604,7.74
2025-11-06 10:30:00,10.55,5.6208377,5.944867794283364,5.302867263698303,6.059229389568453,7.0607999930633865,7.08
2025-11-06 11:00:00,10.51,4.813111,4.970465216481561,4.5170357350869885,4.6380878609829015,7.0607999930633865,7.52
2025-11-06 11:30:00,10.44,4.5359316,5.00098569330989,4.553595680432874,5.294247784573469,7.0607999930633865,6.47
2025-11-06 12:00:00,9.05,4.6053863,4.207206500579298,4.291180949004185,4.6885789291033335,7.0607999930633865,6.59
2025-11-06 12:30:00,7.89,4.5852275,4.85811166336662,4.72283008004324,4.697845663852399,7.0607999930633865,5.81
2025-11-06 13:00:00,10.74,6.368706,6.360764979303055,5.415847320052615,5.830237831729282,7.686595702439196,6.16
2025-11-06 13:30:00,11.63,6.788069,5.905685840832907,6.6544544330995645,7.252834381139373,7.881227447724293,7.15
2025-11-06 14:00:00,11.77,7.398668,6.705214281958965,7.812005523423879,7.455925678984498,8.618138550787236,9.08
2025-11-06 14:30:00,15.0,8.73049,8.943329524329341,9.20419224222841,10.123678620252402,8.924472233605046,10.36
2025-11-06 15:00:00,15.0,9.674353,8.704431188475459,10.478161219094416,9.52534201191705,9.693669673973298,11.9
2025-11-06 15:30:00,15.52,11.4539385,11.586546353247886,11.875447404509549,12.49929310610696,13.089508514437254,13.98
2025-11-06 16:00:00,15.62,15.080847,14.145079585847016,14.544216673227996,15.531281034176509,13.328394732795877,16.2
2025-11-06 16:30:00,15.71,16.336597,15.545576856206148,16.024013486518484,15.576554911743564,14.042991815402171,16.74
2025-11-06 17:00:00,15.62,16.056519,15.726365451635669,15.205137469062832,15.230481098545898,14.042991815402171,16.03
2025-11-06 17:30:00,15.71,15.916902,15.510193034226845,15.282786693044224,16.1884125832999,14.042991815402171,15.78
2025-11-06 18:00:00,15.55,15.8309,14.999014049643591,15.14447012665656,14.75695651902551,13.582660166769609,15.28
2025-11-06 18:30:00,14.49,15.646044,15.181939020451477,14.878077330591392,14.94709528408434,13.582660166769609,14.93
2025-11-06 19:00:00,14.49,15.650497,15.160357278179356,15.262926876577056,15.04499846712554,13.582660166769609,14.72
2025-11-06 19:30:00,12.84,15.3072195,13.951633169794588,14.12234598164645,13.629006182354548,13.435627095734118,14.65
2025-11-06 20:00:00,11.69,15.656391,14.072653336594785,14.176729385636524,13.843968104682643,13.44797740639606,14.22
2025-11-06 20:30:00,11.69,14.643665,13.46373384132358,13.455876968243176,12.7891135605431,13.26825176602713,14.23
2025-11-06 21:00:00,11.75,13.976751,13.101033061043386,13.660840751261494,12.522275725566,13.369164630232936,13.17
2025-11-06 21:30:00,11.38,12.276527,11.724770428904009,12.21916936500495,10.960180900572851,13.089508514437254,13.58
2025-11-06 22:00:00,11.62,12.33116,11.692789610482494,12.142155743980892,11.339274102457583,12.994759201352997,11.92
2025-11-06 22:30:00,11.46,11.935988,11.20492480286639,11.593820247079623,10.905271137153855,12.45750477789977,11.06
2025-11-06 23:00:00,11.45,11.413622,10.958527452612836,11.254911451637128,10.418414177171954,10.83139720349999,11.4
2025-11-06 23:30:00,11.22,10.77361,10.002092720011474,10.537008630421026,9.384402608692575,8.356519120982403,10.7
2025-11-07 00:00:00,11.25,11.207525,10.49939699592932,11.157229066489643,10.165359077338774,10.605377854444276,11.29
2025-11-07 00:30:00,10.44,11.044698,10.170548678688696,10.474097231175364,10.163517231152792,9.693669673973298,11.03
2025-11-07 01:00:00,11.0,11.019262,10.31978904923169,10.493864368877055,9.892896787757635,9.693669673973298,10.77
2025-11-07 01:30:00,11.22,11.044698,9.277207479989327,10.494247672258783,9.959389338441389,9.693669673973298,10.44
2025-11-07 02:00:00,11.18,11.075505,10.274431820760157,10.49684159479532,10.013843455694078,9.693669673973298,10.62
2025-11-07 02:30:00,11.22,11.075505,10.285637244815234,10.514587583076937,10.361782136120627,9.85456210447275,11.19
2025-11-07 03:00:00,11.38,11.25731,10.513055104888142,11.02372453526112,10.630912954563584,10.605377854444276,11.18
2025-11-07 03:30:00,11.38,11.495377,10.606371176236252,11.215785395007847,10.518048009728668,10.83139720349999,11.29
2025-11-07 04:00:00,11.38,11.518683,10.591339305027354,11.127100606171446,10.389148282892362,11.180953122539114,11.42
2025-11-07 04:30:00,11.46,11.624124,10.81902306714776,11.3576996938475,10.28220787655469,11.348880059043385,11.67
2025-11-07 05:00:00,11.64,11.565923,10.561089622311076,11.524397723317756,11.024881377830283,12.11940899357585,11.78
2025-11-07 05:30:00,12.12,11.565923,10.912755980599504,11.658430752721,10.80796692501903,12.11940899357585,11.94
2025-11-07 06:00:00,12.42,12.310365,11.649270914456697,12.513145779026518,12.348057372422009,13.26825176602713,13.95
2025-11-07 06:30:00,10.93,11.626853,11.082147381620118,11.640612250006797,12.09144183202045,13.199222194920074,13.16
2025-11-07 07:00:00,8.45,11.254306,10.101628151124553,10.930472469341352,10.699863191083336,11.180953122539114,13.49
2025-11-07 07:30:00,8.17,10.5391865,9.11111012635314,9.577891301661705,10.792966758558451,10.605377854444276,13.02
2025-11-07 08:00:00,8.96,9.491475,8.789165406843965,8.592769730106587,9.427458000411033,8.578707448540385,12.81
2025-11-07 08:30:00,7.32,8.931477,8.13789748803505,7.7892368949636,7.962518614682735,8.136959916014783,12.56
2025-11-07 09:00:00,7.32,8.215772,8.096261896370303,7.378523125187938,10.436043489332514,8.535154123642926,12.82
2025-11-07 09:30:00,5.01,7.589895,7.436396492291001,6.589919148036965,8.5669572420904,7.748290504544496,10.14
2025-11-07 10:00:00,2.01,6.983707,6.926262957813459,6.51733017341905,7.652739021050921,7.586680814940996,10.38
2025-11-07 10:30:00,2.01,5.8535523,6.25967377102581,5.831793209349281,6.709604539781623,7.0607999930633865,9.72
2025-11-07 11:00:00,2.01,5.9663606,5.666700445412969,5.647143154642336,6.899161626159463,7.0607999930633865,10.45
2025-11-07 11:30:00,2.01,5.6789145,6.0540970518118575,5.309037755440167,6.400352245598564,7.0607999930633865,9.04
2025-11-07 12:00:00,2.01,4.5524745,4.349809159068077,4.690636151010303,5.483013114518219,7.0607999930633865,10.69
2025-11-07 12:30:00,2.01,5.4499564,6.0252329587684335,5.499348326895953,6.639704237549902,7.0607999930633865,7.69
2025-11-07 13:00:00,5.01,6.498089,5.715165760405638,6.004372027502539,5.787926804249961,7.8237980071271,8.72
2025-11-07 13:30:00,5.01,6.655054,5.487439709877462,6.708215777880564,6.248382400176725,7.881227447724293,11.24
2025-11-07 14:00:00,7.32,8.324839,7.2349799773068195,8.420506296991263,7.323338073813992,8.618138550787236,12.29
2025-11-07 14:30:00,8.55,8.978503,8.248830798366757,9.13663937781003,9.860514082918929,9.27528525438898,13.62
2025-11-07 15:00:00,8.52,10.011204,9.30210819771595,10.543037853594589,9.335716273919244,10.83139720349999,13.7
2025-11-07 15:30:00,12.09,11.9248085,11.795157575840973,11.753534585425932,12.386942319297011,13.106985697832734,14.96
2025-11-07 16:00:00,13.61,15.243378,14.339890854321082,14.809177039653182,14.890813214481913,13.435627095734118,16.46
2025-11-07 16:30:00,14.0,16.531332,15.510405437857818,15.933491382422318,14.440799338495184,14.042991815402171,18.1
2025-11-07 17:00:00,13.28,16.024029,15.755352881267727,15.457212553047816,14.208132245235776,14.042991815402171,16.55
2025-11-07 17:30:00,13.44,16.301636,15.614330274218498,15.391615466807176,14.862521436092472,14.042991815402171,16.1
2025-11-07 18:00:00,12.5,15.769122,14.748943397539698,14.825639675833266,13.533462267024404,13.44797740639606,15.48
2025-11-07 18:30:00,12.22,15.500729,14.757855709379388,14.416006678401356,13.787129787395868,13.44797740639606,14.98
2025-11-07 19:00:00,12.24,15.179226,14.627604023992092,14.723706293000983,13.756736765155065,13.44797740639606,14.81
2025-11-07 19:30:00,12.77,15.024972,13.658175231309578,14.30925843268914,13.602095081139383,13.435627095734118,13.9
2025-11-07 20:00:00,12.77,15.363216,13.583379175809563,14.18706831460074,13.860036013346171,13.44797740639606,12.91
2025-11-07 20:30:00,14.01,14.504151,13.471578661697286,13.609896043570338,12.501889767509164,13.26825176602713,13.61
2025-11-07 21:00:00,13.0,14.094275,13.321577505958851,13.409101822164477,12.662558768671364,13.369164630232936,12.71
2025-11-07 21:30:00,12.69,12.3604765,11.673250475657916,12.256849680973565,11.114352130154678,12.66506534947766,12.21
2025-11-07 22:00:00,11.85,12.381869,11.749325034469887,12.27965705509365,11.146373233507004,13.01979998436281,11.61
2025-11-07 22:30:00,12.03,11.9087105,11.369020803820838,11.669304843575594,10.559361747086834,12.45750477789977,10.96
2025-11-07 23:00:00,11.69,11.335026,10.766442514074525,11.40205305966372,9.95078727077432,9.870817557511112,11.06
2025-11-07 23:30:00,11.37,10.737027,9.66431073961312,10.5859692700193,9.278509359797765,8.353774920873418,10.59
2025-11-08 00:00:00,11.58,11.211054,10.714268883230744,11.298936792950318,10.159943959448816,9.923783820866312,10.68
2025-11-08 00:30:00,11.2,10.998594,10.17597550696558,10.554769680233443,10.09720363451148,9.693669673973298,10.24
2025-11-08 01:00:00,11.04,10.998594,10.239791517832243,10.548962234741726,10.13788665156347,9.693669673973298,10.67
2025-11-08 01:30:00,11.03,10.998594,10.239791517832243,10.548962234741726,10.125828091380123,9.693669673973298,10.35
2025-11-08 02:00:00,10.87,11.029401,10.287750360708818,10.574196259622104,9.973641960940002,9.693669673973298,10.52
2025-11-08 02:30:00,11.03,11.029401,10.298955784763898,10.511022104919782,10.126975235860272,9.85456210447275,10.91
2025-11-08 03:00:00,11.26,11.280616,10.526373644836806,11.040390899560457,10.335603760319172,10.605377854444276,10.95
2025-11-08 03:30:00,11.27,11.544119,10.526373644836806,11.224908759105984,10.190839006472132,10.83139720349999,11.08
2025-11-08 04:00:00,11.92,11.544119,9.538909449122649,11.081646078946148,9.876539784744269,11.180953122539114,11.18
2025-11-08 04:30:00,12.05,11.513312,9.609796270578183,11.132707968799124,10.05448405126936,10.83139720349999,11.82
2025-11-08 05:00:00,12.92,11.545255,10.50399846645514,11.63452010702133,10.836842217230442,11.348880059043385,11.54
2025-11-08 05:30:00,12.5,11.545255,10.78508167331088,11.589984045857191,10.541823749402353,11.94434315734298,11.76
2025-11-08 06:00:00,14.4,13.27205,11.739072966905006,12.592802015553184,12.384905618133304,13.202264496687464,12.93
2025-11-08 06:30:00,12.92,11.832636,11.245686785748305,11.849056415650931,12.125066311513152,13.199222194920074,11.57
2025-11-08 07:00:00,11.63,11.239243,10.44210648902216,11.294674951064076,10.802317040686011,11.344240612838934,10.9
2025-11-08 07:30:00,10.5,10.566274,9.353811880882134,11.001702705585975,10.787680125837444,11.348880059043385,10.55
2025-11-08 08:00:00,9.58,10.117028,9.300511704999131,9.109633414704298,10.318699807575918,8.850576968062533,10.67
2025-11-08 08:30:00,7.89,9.380386,8.759886239924064,8.36891594197896,8.482673503565106,8.49955534376255,9.66
2025-11-08 09:00:00,7.89,9.102225,9.142491260528836,7.868065855942027,10.600257146595233,8.850576968062533,10.75
2025-11-08 09:30:00,7.89,8.406392,8.33628529139939,7.528443514225127,9.473162712381312,7.748290504544496,8.33
2025-11-08 10:00:00,8.01,8.130534,8.364280896137648,7.7180272719656,8.9273484737166,7.471945320883604,6.74
2025-11-08 10:30:00,7.76,6.404977,6.224080517401563,6.359417628251343,7.31645729636909,7.0607999930633865,6.41
2025-11-08 11:00:00,7.34,6.2077894,5.575796030738706,6.172155441455793,7.126835660797251,7.0607999930633865,6.47
2025-11-08 11:30:00,6.51,5.599749,5.729761783028969,5.928696147703971,7.395410811947722,7.0607999930633865,6.09
2025-11-08 12:00:00,6.39,6.019127,5.654099479962563,6.012975841878305,7.312416332269158,7.0607999930633865,6.75
2025-11-08 12:30:00,6.33,5.8653564,6.165207856479329,6.10647809061295,6.718504464720156,7.0607999930633865,5.73
2025-11-08 13:00:00,8.01,7.0519896,6.460916745266508,6.470978439864674,6.83505342745466,7.811469882664264,7.5
2025-11-08 13:30:00,8.04,7.1945114,6.334308345254605,6.888728801676491,7.537146422106682,7.881227447724293,8.37
2025-11-08 14:00:00,10.54,8.225656,7.920553576630938,8.482046617221608,8.084377579003899,8.924472233605046,9.74
2025-11-08 14:30:00,11.0,9.479213,9.397291216080667,10.39973537724167,10.361420897211092,11.273231737782892,10.26
2025-11-08 15:00:00,11.63,9.882114,9.144859712663278,10.497355686061532,10.310229818528176,10.83139720349999,10.84
2025-11-08 15:30:00,12.14,11.856358,11.471436809681252,11.621669032413346,11.65866722310107,13.105097405656725,12.59
2025-11-08 16:00:00,12.89,15.137973,14.40633779839723,14.639031333346043,14.127116020489616,13.435627095734118,15.33
2025-11-08 16:30:00,14.5,16.531332,15.551058885281472,15.910723419858003,13.850220994546268,14.042991815402171,16.04
2025-11-08 17:00:00,15.59,15.751633,15.666582917411445,15.175832358584156,14.05823853392362,13.582660166769609,14.81
2025-11-08 17:30:00,15.59,15.65661,15.603798410359442,15.165393948935764,15.041749594773805,14.042991815402171,14.56
2025-11-08 18:00:00,15.0,15.453069,14.12999197676552,14.9535855114628,13.630886644521569,13.435627095734118,14.0
2025-11-08 18:30:00,14.31,15.024488,13.845706956396349,14.350451788878344,13.73823878604768,13.435627095734118,13.55
2025-11-08 19:00:00,14.47,15.108735,13.860855504529209,14.55050625435109,13.854067536910554,13.435627095734118,13.33
2025-11-08 19:30:00,14.49,14.37244,13.16031626805765,13.872579508503035,12.956228746962996,13.435627095734118,12.86
2025-11-08 20:00:00,14.01,14.175293,12.930000765477402,13.468804417164842,13.050160535454506,13.435627095734118,12.66
2025-11-08 20:30:00,13.5,13.914041,12.732532127008025,13.323716082236896,12.711463143941016,13.26825176602713,13.4
2025-11-08 21:00:00,11.98,12.745141,12.016516990565494,12.526993662688362,12.06133476610285,13.26825176602713,12.7
2025-11-08 21:30:00,11.68,12.354084,11.719701664723608,12.182952836473207,12.05614097605738,12.619909821249172,11.69
2025-11-08 22:00:00,12.0,12.177983,11.698292101719655,12.15686834642746,11.41579023929863,12.994759201352997,11.43
2025-11-08 22:30:00,11.78,11.798654,11.16017645452798,11.333198258634742,10.379992793310825,11.180953122539114,10.6
2025-11-08 23:00:00,12.5,11.305012,10.746223414873038,11.275081412450444,9.751242420170296,8.933845495370813,10.53
2025-11-08 23:30:00,12.36,10.711592,9.462475396840842,10.358511941528633,9.282041895714984,8.136959916014783,9.77
2025-11-09 00:00:00,12.06,11.003814,10.219417303656527,10.460586505985331,10.314108510860596,9.693669673973298,10.51
2025-11-09 00:30:00,11.36,10.995555,9.989925324263696,10.474810332724893,10.114622717551196,9.85456210447275,10.27
2025-11-09 01:00:00,11.34,10.995555,9.99590651984746,10.387171320062,9.960318056785402,9.693669673973298,10.24
2025-11-09 01:30:00,11.27,10.995555,9.99590651984746,10.33922239571793,10.015284111385478,9.693669673973298,10.15
2025-11-09 02:00:00,11.31,11.050299,10.25026736152665,10.403537569910467,9.859328083073583,9.693669673973298,10.43
2025-11-09 02:30:00,11.31,11.0851145,10.261472785581727,10.652023257437854,9.968658958079828,9.693669673973298,10.64
2025-11-09 03:00:00,11.34,11.297726,10.657553616193086,11.3006187019482,10.164538376716942,10.605377854444276,10.7
2025-11-09 03:30:00,11.57,11.533467,10.761292515808844,11.490336943113968,10.202966802601953,10.83139720349999,10.78
2025-11-09 04:00:00,11.43,11.484089,10.76043299899917,11.396787279005414,9.972503469375624,10.605377854444276,11.21
2025-11-09 04:30:00,11.56,11.453281,10.712474156122594,11.406631623392428,10.067865959090676,10.83139720349999,11.23
2025-11-09 05:00:00,11.57,11.612836,11.023301142855244,11.837457525495488,10.716636343119315,11.344240612838934,11.61
2025-11-09 05:30:00,11.36,11.554634,11.213308690784029,11.875990668534948,10.670420636156967,11.94434315734298,11.53
2025-11-09 06:00:00,11.51,12.670554,11.898382932334403,12.651833662020008,11.700539192951416,13.199222194920074,12.64
2025-11-09 06:30:00,11.57,11.842015,11.402299125189684,12.019165388258166,11.474164777059237,13.199222194920074,11.55
2025-11-09 07:00:00,11.57,11.377896,10.972929759623796,11.415248603013875,11.077791696772753,12.36684439954555,10.93
2025-11-09 07:30:00,11.65,10.545952,9.63671300693552,11.290928729013668,10.907400076564768,11.348880059043385,9.96
2025-11-09 08:00:00,11.74,10.116209,9.265592465714882,9.561096086523024,10.085302013778485,9.27528525438898,9.69
2025-11-09 08:30:00,12.2,9.672103,9.839809792119752,8.366598225357643,9.637913149530542,8.931392701749362,8.44
2025-11-09 09:00:00,11.74,9.509124,10.32631226527854,8.802018563722312,12.239489648088894,9.340302995785247,8.78
2025-11-09 09:30:00,11.64,8.432753,9.590353179896736,8.115228706785,10.169304353966613,7.773711370405081,8.15
2025-11-09 10:00:00,11.03,8.248044,9.127392107754652,7.552533639748048,10.5937810142754,7.586680814940996,7.67
2025-11-09 10:30:00,11.0,6.9832315,7.186998973398315,7.525360980417324,9.375054032145773,7.0607999930633865,7.02
2025-11-09 11:00:00,11.05,6.189096,6.636249704843062,6.191208170509283,8.820464439782954,7.0607999930633865,6.5
2025-11-09 11:30:00,11.5,6.3841066,6.349599973605312,6.286915850153302,8.43772280422066,7.0607999930633865,6.59
2025-11-09 12:00:00,11.42,6.3449187,7.09872623162078,5.577735237334867,8.192332370482276,7.0607999930633865,7.47
2025-11-09 12:30:00,11.34,6.9918666,8.003517149821384,7.357288395884117,8.309289887535632,7.0607999930633865,6.37
2025-11-09 13:00:00,11.33,8.414276,8.510421551674208,7.882346533309723,8.98863362286943,7.686595702439196,7.16
2025-11-09 13:30:00,11.34,8.82309,9.049452942215702,8.112731849594276,9.731620516798008,7.881227447724293,7.37
2025-11-09 14:00:00,11.45,9.163115,9.00452246830577,8.935982341353759,9.216356755487103,9.27528525438898,9.18
2025-11-09 14:30:00,11.52,10.614348,9.342467325146009,10.727764870369567,10.932246356347752,12.11940899357585,9.73
2025-11-09 15:00:00,11.68,11.281711,10.926630815639378,11.214940839773943,11.13337229787471,12.11940899357585,10.41
2025-11-09 15:30:00,12.15,12.55077,12.081924174941394,11.995059767366817,11.947601502275296,13.105097405656725,11.6
2025-11-09 16:00:00,12.13,14.785819,13.77012706890513,14.724315056080204,13.805615321761431,13.435627095734118,12.92
2025-11-09 16:30:00,14.49,16.06825,15.975021394347117,15.882380147406431,14.307062300412843,13.582660166769609,14.19
2025-11-09 17:00:00,14.19,15.806063,15.278092832066683,15.537441162604386,14.09602309457892,13.582660166769609,14.77
2025-11-09 17:30:00,12.92,15.656294,15.69914537434681,15.780134405953996,14.502895884978972,13.582660166769609,14.38
2025-11-09 18:00:00,12.79,15.216984,14.307606380329975,15.668687246786096,12.667133232069222,13.435627095734118,13.76
2025-11-09 18:30:00,12.61,14.803193,13.81132338735639,15.03054274926337,13.558245638011616,13.435627095734118,13.04
2025-11-09 19:00:00,12.92,14.689219,13.646951477324658,13.602247910586163,13.715976139787744,13.435627095734118,13.14
2025-11-09 19:30:00,12.0,14.010297,12.772444592992466,13.695244575638196,12.711824395955285,13.435627095734118,12.62
2025-11-09 20:00:00,12.79,13.919848,13.08357167056368,13.31739307774227,12.962679665059154,13.435627095734118,12.57
2025-11-09 20:30:00,11.97,13.837977,12.86475023459144,13.466315106505816,12.774802250424694,13.26825176602713,12.47
2025-11-09 21:00:00,11.82,12.808418,12.307651515830896,12.952055756086711,11.865239401679364,13.369164630232936,11.03
2025-11-09 21:30:00,11.43,12.328648,11.87241633398066,12.281449523714786,12.533567260238993,12.964080624373418,10.64
2025-11-09 22:00:00,11.45,12.1232395,11.6263749979667,12.147576419635184,11.802660762155767,13.01979998436281,10.32
2025-11-09 22:30:00,11.28,11.8032465,11.386343442242344,11.870547342647894,10.598252810528306,11.92740603463244,9.67
2025-11-09 23:00:00,11.23,11.276032,10.609083324258458,11.33677392178205,10.023579282886296,8.933845495370813,9.84
2025-11-09 23:30:00,11.26,10.770836,9.835671322336928,10.37655057713811,9.42802016559799,8.136959916014783,9.22
2025-11-10 00:00:00,10.27,,,,,,9.96
2025-11-10 00:30:00,10.16,,,,,,9.43
2025-11-10 01:00:00,10.0,,,,,,9.48
2025-11-10 01:30:00,10.08,,,,,,9.3
2025-11-10 02:00:00,10.34,,,,,,9.65
2025-11-10 02:30:00,10.96,,,,,,9.91
2025-11-10 03:00:00,11.0,,,,,,10.07
2025-11-10 03:30:00,11.05,,,,,,10.17
2025-11-10 04:00:00,11.08,,,,,,10.3
2025-11-10 04:30:00,11.17,,,,,,10.6
2025-11-10 05:00:00,11.2,,,,,,10.56
2025-11-10 05:30:00,11.2,,,,,,10.55
2025-11-10 06:00:00,11.5,,,,,,11.7
2025-11-10 06:30:00,11.63,,,,,,11.2
2025-11-10 07:00:00,9.58,,,,,,11.12
2025-11-10 07:30:00,8.42,,,,,,10.83
2025-11-10 08:00:00,8.19,,,,,,10.68
2025-11-10 08:30:00,8.21,,,,,,10.56
2025-11-10 09:00:00,8.54,,,,,,10.25
2025-11-10 09:30:00,8.74,,,,,,9.95
2025-11-10 10:00:00,7.34,,,,,,9.27
2025-11-10 10:30:00,6.01,,,,,,8.57
2025-11-10 11:00:00,8.3,,,,,,8.43
2025-11-10 11:30:00,8.0,,,,,,8.17
2025-11-10 12:00:00,5.01,,,,,,9.77
2025-11-10 12:30:00,5.0,,,,,,8.08
2025-11-10 13:00:00,8.04,,,,,,8.9
2025-11-10 13:30:00,8.06,,,,,,9.34
2025-11-10 14:00:00,7.91,,,,,,10.13
2025-11-10 14:30:00,10.09,,,,,,10.65
2025-11-10 15:00:00,11.05,,,,,,12.33
2025-11-10 15:30:00,12.2,,,,,,13.54
2025-11-10 16:00:00,16.29,,,,,,13.25
2025-11-10 16:30:00,16.29,,,,,,14.82
2025-11-10 17:00:00,15.57,,,,,,15.12
2025-11-10 17:30:00,15.54,,,,,,14.41
2025-11-10 18:00:00,14.14,,,,,,14.12
2025-11-10 18:30:00,12.83,,,,,,13.67
2025-11-10 19:00:00,12.27,,,,,,13.72
2025-11-10 19:30:00,12.24,,,,,,12.99
2025-11-10 20:00:00,12.07,,,,,,13.34
2025-11-10 20:30:00,11.9,,,,,,13.36
2025-11-10 21:00:00,11.61,,,,,,12.05
2025-11-10 21:30:00,11.05,,,,,,11.88
2025-11-10 22:00:00,10.4,,,,,,11.59
2025-11-10 22:30:00,9.47,,,,,,10.99
2025-11-10 23:00:00,9.81,,,,,,10.73
2025-11-10 23:30:00,8.42,,,,,,10.4
2025-11-11 00:00:00,10.5,11.15631,10.30840530193542,10.62831866781789,9.8856139854604,9.3928986954622,10.75
2025-11-11 00:30:00,10.33,11.02099,9.012396108297606,10.572902584994631,10.006605079005476,9.693669673973298,10.38
2025-11-11 01:00:00,10.36,11.02099,9.07621211916427,10.590198399109044,9.771137465364673,9.693669673973298,10.45
2025-11-11 01:30:00,10.39,11.02099,9.07621211916427,10.547562932371022,9.63227865724315,9.693669673973298,10.56
2025-11-11 02:00:00,11.01,11.02099,9.084170770244498,10.56055704865761,9.432415768495812,9.693669673973298,10.93
2025-11-11 02:30:00,11.15,11.257539,9.420826720905085,11.169717173170625,9.579655717994056,9.923783820866312,11.36
2025-11-11 03:00:00,11.13,11.288346,10.52754976528271,11.232612820806578,10.116705066312576,10.83139720349999,11.77
2025-11-11 03:30:00,11.34,11.551849,10.52754976528271,11.3641748699587,10.405392607464586,10.83139720349999,12.01
2025-11-11 04:00:00,11.89,11.534045,9.86462002162725,11.752989251804191,9.499786505570366,11.348880059043385,11.96
2025-11-11 04:30:00,12.08,11.603456,9.8755088420461,11.793062694759646,10.297991603847828,11.348880059043385,12.35
2025-11-11 05:00:00,12.13,11.652834,10.619097288197258,11.806026097822288,10.858222421420622,12.11940899357585,12.2
2025-11-11 05:30:00,12.15,11.545255,10.832724023517434,11.81748942588384,10.589975997256165,12.11940899357585,12.28
2025-11-11 06:00:00,12.36,12.327504,11.474989910551344,12.493952461546224,11.282883052876322,13.44797740639606,12.74
2025-11-11 06:30:00,11.0,11.664661,10.850254761607,11.928117056852834,11.198718013811444,13.089508514437254,12.74
2025-11-11 07:00:00,8.42,11.425562,10.341408455373886,11.392860833033373,10.934616696501854,11.92740603463244,11.87
2025-11-11 07:30:00,8.42,10.095939,9.497859513838216,10.40053541092354,10.657336249186756,9.693669673973298,11.54
2025-11-11 08:00:00,8.04,10.28767,9.439932576743974,9.972373725898874,10.82214878638666,9.27528525438898,11.19
2025-11-11 08:30:00,5.01,10.631291,9.581906498480697,9.878343813446914,10.706694264470498,8.357186586755402,10.89
2025-11-11 09:00:00,5.01,10.232828,9.539631840763162,8.62453821630352,12.167543945814703,8.535154123642926,11.37
2025-11-11 09:30:00,5.01,9.205982,8.45332672016629,8.459450337312704,10.58533458535268,7.732856686639216,11.03
2025-11-11 10:00:00,6.01,8.0608225,7.86594358815369,8.902773320918298,10.237416151342115,7.586680814940996,10.16
2025-11-11 10:30:00,5.01,7.861261,7.814338811210863,7.77296857246685,8.47834601441932,7.0607999930633865,9.24
2025-11-11 11:00:00,5.01,8.06781,7.510027346487202,7.98123396291603,8.143758451748164,7.0607999930633865,10.21
2025-11-11 11:30:00,5.01,9.166875,8.494359678137805,9.592927346605796,8.948074013745272,7.0607999930633865,9.23
2025-11-11 12:00:00,5.01,9.977434,8.292100446338402,9.986194968931542,11.487840452121512,7.0607999930633865,7.77
2025-11-11 12:30:00,5.84,9.758338,10.089023669968205,9.250265121926049,9.153360615094796,7.0607999930633865,7.8
2025-11-11 13:00:00,7.34,9.547693,9.85085592463301,10.048983244781402,9.936305645108805,7.072533653846468,10.14
2025-11-11 13:30:00,8.27,9.908399,8.467961997342504,8.938765171487928,9.522307944085888,7.471945320883604,10.33
2025-11-11 14:00:00,8.42,10.360411,9.36499159636564,9.804007198199528,10.907946796552952,7.881227447724293,10.35
2025-11-11 14:30:00,8.42,10.446778,9.804559240660817,10.240484342531117,11.418551758238609,9.27528525438898,12.73
2025-11-11 15:00:00,11.05,10.365295,10.263984037211154,10.773320609378471,11.210353950733683,10.576270884174416,12.86
2025-11-11 15:30:00,12.25,12.011726,12.03937455340852,13.410393748410122,14.55048446877542,13.105097405656725,14.47
2025-11-11 16:00:00,16.81,14.760984,14.01182619493318,14.68867786132837,14.73047222531654,13.26825176602713,16.48
2025-11-11 16:30:00,16.81,16.108223,15.998411880452458,16.473797589074103,15.257208769218352,14.179390988309674,17.14
2025-11-11 17:00:00,15.83,15.753572,15.354301526669312,15.284376718001472,15.109926040567151,14.155377253813322,16.56
2025-11-11 17:30:00,15.83,15.261044,15.329432434086147,15.541879053283726,14.058739965240246,13.46070284451754,16.38
2025-11-11 18:00:00,15.66,15.322496,14.518969725986446,16.061076172377028,13.511767622062507,13.369164630232936,15.46
2025-11-11 18:30:00,16.81,14.343302,13.909826817704523,15.1870126987913,13.576215794236,13.369164630232936,14.72
2025-11-11 19:00:00,13.01,14.420442,13.76258701187839,14.648526574202036,14.24554223741544,13.369164630232936,14.25
2025-11-11 19:30:00,13.0,13.819531,12.759176433936776,14.529070267638916,13.460128804402576,13.208895493409887,13.99
2025-11-11 20:00:00,15.75,13.757144,12.756791560699366,13.45050407368785,13.452514139682922,13.369164630232936,13.6
2025-11-11 20:30:00,15.68,13.792274,12.756791560699366,13.32852723405484,13.3220867661318,13.26825176602713,13.39
2025-11-11 21:00:00,15.62,12.77515,12.10950227807132,12.63538557844062,12.995077417614826,13.208895493409887,12.94
2025-11-11 21:30:00,15.0,12.125422,11.767821386659964,12.24818769905533,11.846188456474028,12.964080624373418,12.36
2025-11-11 22:00:00,13.06,11.812909,11.481634614225364,12.031847355578927,11.195393274172972,12.619909821249172,12.01
2025-11-11 22:30:00,12.16,11.741863,11.368575737399173,11.937731255937376,11.272377233943647,11.348880059043385,11.24
2025-11-11 23:00:00,12.17,11.339208,10.660384106360873,11.637888617504098,10.154040337703115,9.340302995785247,11.15
2025-11-11 23:30:00,11.27,10.82449,10.257924923737503,10.71664832839362,9.8325160859567,8.358820706538975,10.11
2025-11-12 00:00:00,12.1,11.400537,10.59031856057494,11.477277218837282,10.238931144034709,10.605377854444276,11.81
2025-11-12 00:30:00,11.92,11.187924,10.161719271421802,10.898174436570118,10.37105567138924,9.693669673973298,11.55
2025-11-12 01:00:00,11.79,11.187924,10.233493933368694,10.956576232793104,9.956263275418523,9.693669673973298,11.61
2025-11-12 01:30:00,11.73,11.160163,10.261137368333817,10.900904072168318,10.03776867956818,9.693669673973298,11.42
2025-11-12 02:00:00,11.7,11.187924,10.510966076516882,10.883068185942918,9.875165978327408,9.693669673973298,11.98
2025-11-12 02:30:00,11.8,11.369729,10.510966076516882,11.490133245523149,9.698681029846115,10.576270884174416,12.39
2025-11-12 03:00:00,11.75,11.66404,10.679312443419104,11.63043105867967,10.16559844998394,11.180953122539114,12.57
2025-11-12 03:30:00,11.74,11.66404,10.977713138522647,11.935275837777397,10.447396245021372,11.348880059043385,12.79
2025-11-12 04:00:00,11.82,11.723376,10.977713138522647,11.950603161736993,10.571477393330465,11.344240612838934,12.97
2025-11-12 04:30:00,12.0,11.792787,10.955954311296631,11.986865220404614,10.695173636036907,11.348880059043385,12.95
2025-11-12 05:00:00,12.19,11.792787,11.138462695590889,12.223847202376,10.734864296985242,11.92740603463244,13.06
2025-11-12 05:30:00,12.74,11.734585,11.221448687718476,12.258234628382834,10.401475439799835,12.11940899357585,13.12
2025-11-12 06:00:00,15.62,13.018565,12.056534723138864,13.056998214005752,11.58411629199327,13.47445693785932,14.13
2025-11-12 06:30:00,15.81,12.021966,11.408420655403544,12.116674016196963,11.579568933237107,13.089508514437254,13.0
2025-11-12 07:00:00,11.95,11.788422,11.211140660230017,11.689467791123723,11.950988459038566,12.57857066211709,11.42
2025-11-12 07:30:00,13.18,11.227781,10.842252534049406,11.207657652334856,10.58844783089431,10.83139720349999,11.56
2025-11-12 08:00:00,9.57,10.7400465,10.55233473148485,10.188274493861895,11.201726140683729,9.85456210447275,10.93
2025-11-12 08:30:00,8.37,10.516101,10.430746636297988,9.664613282434916,9.913389351232988,9.291207996034828,9.35
2025-11-12 09:00:00,7.79,10.945676,11.431770938071224,8.98958733919065,10.271382516179294,9.340302995785247,9.53
2025-11-12 09:30:00,7.34,10.085633,10.469115077940812,7.9844764927357375,9.499759131868082,8.383755560394667,9.05
2025-11-12 10:00:00,5.01,9.84291,9.692167549225616,8.628110977568351,9.170563384930198,8.169607375541784,8.68
2025-11-12 10:30:00,5.01,9.305698,10.055636072617112,8.660701835872171,8.922546277333261,7.443593052767814,7.58
2025-11-12 11:00:00,5.0,8.445557,9.041458427341954,8.25069085112806,8.492175654144347,7.0607999930633865,7.41
2025-11-12 11:30:00,5.01,9.123293,9.26140429567564,8.372054848797488,8.621131341720254,7.0607999930633865,7.13
2025-11-12 12:00:00,5.0,8.906931,8.778194344510796,7.8463369797847164,8.097678389402617,7.0607999930633865,6.09
2025-11-12 12:30:00,5.01,9.136476,9.483212160967213,8.661270651801646,7.605581615260171,7.0607999930633865,6.76
2025-11-12 13:00:00,7.34,10.127749,9.04925031070693,9.240963378794747,8.498233573851133,7.586680814940996,8.56
2025-11-12 13:30:00,8.15,10.419834,9.852266738030895,8.73662388461171,9.58382616800749,7.773711370405081,9.14
2025-11-12 14:00:00,8.47,10.670367,9.841080194825157,9.579286365784156,10.861948377518132,8.800452775502588,9.9
2025-11-12 14:30:00,10.11,11.1847925,10.843714033667478,10.14818636285113,12.670825098008756,9.85456210447275,10.39
2025-11-12 15:00:00,15.65,11.076985,10.933081555224796,11.691389880601085,12.092033758215686,9.870817557511112,11.82
2025-11-12 15:30:00,16.41,12.7135515,12.038238716766935,12.588484670023051,13.887952005765724,13.106985697832734,13.64
2025-11-12 16:00:00,18.52,15.305182,14.87881768437177,15.252391031613762,14.398898468291549,13.435627095734118,16.24
2025-11-12 16:30:00,18.52,16.20658,16.05746627106773,16.33141360104404,15.59649551898285,14.211378086897,16.95
2025-11-12 17:00:00,18.0,15.750864,15.125705574308084,15.336387923904647,15.660028555617856,14.179390988309674,16.79
2025-11-12 17:30:00,17.21,15.836243,15.413350939810249,15.657897805897637,16.596716081789715,13.582660166769609,16.26
2025-11-12 18:00:00,17.21,15.257617,14.08457483322322,15.29428865962525,14.604551374373813,13.435627095734118,15.88
2025-11-12 18:30:00,16.93,14.953583,13.761862134044389,14.453475831575338,14.681565088673915,13.435627095734118,15.96
2025-11-12 19:00:00,16.93,14.912577,13.85229243871728,15.233534856301546,13.848154373327803,13.369164630232936,14.1
2025-11-12 19:30:00,16.41,13.786211,12.866108813553993,14.516251473970744,13.26302807272458,13.26825176602713,13.99
2025-11-12 20:00:00,16.41,13.816855,13.220283356693436,14.492931727777243,13.283330034148602,13.369164630232936,14.75
2025-11-12 20:30:00,15.68,13.851986,12.88415661771035,13.54171715001881,13.306178387239774,13.369164630232936,14.48
2025-11-12 21:00:00,15.59,12.611587,12.06976325923594,12.496981241416416,12.847688638073787,13.208895493409887,14.2
2025-11-12 21:30:00,14.0,12.095832,11.57096917969761,12.147240551473551,11.937294466773682,13.01979998436281,13.42
2025-11-12 22:00:00,15.0,12.095832,11.447645745108495,12.115351809395271,11.657052147559504,13.105097405656725,12.56
2025-11-12 22:30:00,12.92,11.819003,11.356588424677764,11.80996381090575,11.519098475802965,11.92740603463244,11.45
2025-11-12 23:00:00,12.2,11.398544,10.907385707851995,11.861924543707792,10.632683261696462,11.344240612838934,11.52
2025-11-12 23:30:00,12.25,11.006294,10.204625893911938,11.259088215418512,10.041094857901834,8.800452775502588,10.65
2025-11-13 00:00:00,13.01,11.365721,10.573271492284594,11.212988936609651,10.337426252196542,10.83139720349999,11.68
2025-11-13 00:30:00,11.77,11.289436,10.447111498126109,11.08782665349644,10.328272093032211,9.923783820866312,11.48
2025-11-13 01:00:00,11.57,11.289436,10.383295487259444,11.130869953052342,10.016208492141596,9.870817557511112,11.34
2025-11-13 01:30:00,11.5,11.289436,10.410938922224569,11.05766949808825,10.253200434512424,9.870817557511112,11.16
2025-11-13 02:00:00,11.67,11.334913,10.430102997359873,11.128865243176596,9.94388232035145,9.923783820866312,11.52
2025-11-13 02:30:00,12.09,11.334913,10.493919008226536,11.267637350372466,10.030805001241488,10.83139720349999,11.54
2025-11-13 03:00:00,11.82,11.629224,10.662581978764988,11.269347119031655,10.75475503258128,11.180953122539114,11.73
2025-11-13 03:30:00,11.93,11.6885605,10.938571825758377,11.638010062972455,11.136871864350615,11.348880059043385,11.78
2025-11-13 04:00:00,11.97,11.757971,10.949460646177226,11.690161525929382,10.929789733806272,11.39909806149461,11.85
2025-11-13 04:30:00,12.2,11.757971,11.128393554544378,11.818888920909789,11.095993603056757,11.39909806149461,11.99
2025-11-13 05:00:00,12.03,11.757971,11.143174454526555,13.29649811147898,11.192061213834233,12.11940899357585,12.23
2025-11-13 05:30:00,12.21,11.813979,11.28889908542871,11.896393265706056,10.608508477149812,12.57857066211709,12.42
2025-11-13 06:00:00,13.01,13.719123,12.695387585737754,13.462053228465203,13.47782428586931,13.56279419354775,14.1
2025-11-13 06:30:00,15.0,12.265494,11.772815067402943,12.163799591888225,12.304717989920338,13.12382667810645,13.9
2025-11-13 07:00:00,14.0,12.077981,11.467218112773356,11.658241835235309,12.229765654839934,13.01979998436281,12.14
2025-11-13 07:30:00,14.0,11.818224,10.918087193371164,11.304420034299277,11.205694673322697,12.57857066211709,12.19
2025-11-13 08:00:00,11.62,11.200539,10.846050457848314,10.377954379648545,10.351859199530985,11.273231737782892,10.69
2025-11-13 08:30:00,10.98,9.521616,9.392916577461271,8.637947071948451,9.65549854780962,10.576270884174416,9.96
2025-11-13 09:00:00,9.57,9.775816,8.972550942319387,7.577731376701062,8.801728006305417,9.85456210447275,9.77
2025-11-13 09:30:00,8.61,8.718847,8.322098230759384,7.358903873731904,8.04017414917183,8.850576968062533,9.52
2025-11-13 10:00:00,8.14,7.2007346,7.969306970456698,7.408643908122035,8.015131561970929,8.54492393296032,8.27
2025-11-13 10:30:00,7.34,7.6052523,8.548637304007062,7.045922057497126,6.356170174447845,7.748290504544496,8.24
2025-11-13 11:00:00,7.34,6.8364563,7.600899111901517,6.445219420369473,5.957881191449376,7.492382594314744,8.29
2025-11-13 11:30:00,7.34,7.2390966,7.559416527854446,6.404031918831993,6.15358970444978,7.471945320883604,8.07
2025-11-13 12:00:00,5.7,6.3689556,7.424187610412117,6.252034542840874,5.647250482687633,7.0607999930633865,8.02
2025-11-13 12:30:00,7.34,6.325236,6.702955129347193,5.862630024682827,5.10268603345429,7.0607999930633865,7.79
2025-11-13 13:00:00,8.07,7.583251,7.979121214718622,7.104385871983201,6.5635483124551,7.881227447724293,9.35
2025-11-13 13:30:00,8.42,7.4911904,8.158400364543935,7.815383069468136,8.054161496388232,8.36034559384442,9.85
2025-11-13 14:00:00,9.24,8.097257,8.831772003879358,9.310691685875968,9.05721098409795,8.850576968062533,10.32
2025-11-13 14:30:00,9.49,9.854968,9.331842867447213,10.736909924103667,11.036872939628198,11.187881022436446,11.51
2025-11-13 15:00:00,11.99,10.64337,9.886842255766052,10.88695772695852,10.8876964709001,12.11940899357585,13.45
2025-11-13 15:30:00,11.97,12.359248,11.78330548428675,12.758689077583911,12.796307660647164,13.202264496687464,14.94
2025-11-13 16:00:00,16.74,14.907668,14.26984526796832,14.859488654320234,13.537886865999294,13.44797740639606,16.46
2025-11-13 16:30:00,16.97,16.400333,15.598811689029914,15.79747793059416,14.81925689896845,14.211378086897,17.06
2025-11-13 17:00:00,16.74,14.779982,14.232310030245952,15.152641460471042,14.458833645438208,14.211378086897,16.58
2025-11-13 17:30:00,12.83,15.567431,15.106180701901916,15.230208971503371,14.764192203134131,14.042991815402171,16.64
2025-11-13 18:00:00,14.27,15.370373,14.559696211126845,14.571614274996325,14.013319798623195,13.46070284451754,16.39
2025-11-13 18:30:00,16.74,14.072988,13.775721451816445,14.546990536589792,13.9718549601008,13.44797740639606,15.69
2025-11-13 19:00:00,14.01,13.85964,13.272034461513046,13.96849096760702,12.389954133855367,13.369164630232936,15.53
2025-11-13 19:30:00,12.14,13.388988,12.777540548496436,14.4823665298254,13.301921044390909,13.202264496687464,15.03
2025-11-13 20:00:00,14.0,13.816855,12.906278696151842,14.524366162185531,13.939472316977891,13.369164630232936,15.19
2025-11-13 20:30:00,11.47,13.328391,12.873889668301096,13.24653521375042,13.404190580812504,13.369164630232936,14.89
2025-11-13 21:00:00,11.14,12.646402,12.282960196843463,12.64245833666894,12.731319511603338,13.14773625598477,14.29
2025-11-13 21:30:00,10.64,12.2607,11.767821386659964,12.476589440439128,11.88236401663282,13.089508514437254,13.51
2025-11-13 22:00:00,10.17,12.266955,11.677715742434629,12.349139000572414,12.09554754172257,13.105097405656725,13.7
2025-11-13 22:30:00,10.19,11.96803,11.437357921275384,12.0074982150967,11.452062203171378,12.46802498855974,12.77
2025-11-13 23:00:00,10.6,12.089554,11.50826362581221,12.244280503272533,11.144939509965532,12.45750477789977,12.42
2025-11-13 23:30:00,10.48,11.071917,10.566265877968084,11.597807333347308,10.011162466478652,9.85456210447275,12.52
2025-11-14 00:00:00,10.9,11.471344,10.604462256876346,11.489115706935598,10.469314700626503,11.187881022436446,11.62
2025-11-14 00:30:00,10.31,11.455506,10.368777922333049,11.254609553703506,10.43611591430648,9.923783820866312,11.05
2025-11-14 01:00:00,10.34,11.455506,10.304961911466386,11.29563920805521,9.669177329953866,9.923783820866312,11.11
2025-11-14 01:30:00,10.5,11.455506,10.351769421566813,11.274909600315542,9.96214745778984,9.923783820866312,11.13
2025-11-14 02:00:00,11.19,11.424699,10.295851927610013,11.318421848113552,9.964648403481744,9.923783820866312,11.41
2025-11-14 02:30:00,11.55,11.719008,10.415585432433478,11.424267167435252,9.949417667650742,10.83139720349999,11.64
2025-11-14 03:00:00,11.57,11.719008,10.536289560095351,11.444297561415482,10.90759420543802,11.180953122539114,11.61
2025-11-14 03:30:00,11.77,11.778345,10.812279407088743,11.761454186455351,11.06207425100771,11.348880059043385,11.64
2025-11-14 04:00:00,11.82,11.847755,10.901442460699512,11.831486090023343,10.379119438740178,11.39909806149461,11.82
2025-11-14 04:30:00,11.67,11.847755,11.200067334883755,11.953834463964167,11.12760625343952,11.92740603463244,12.12
2025-11-14 05:00:00,11.57,11.850193,11.20904197182498,12.169128286002802,10.760192480071389,12.11940899357585,12.0
2025-11-14 05:30:00,11.72,11.850193,11.227600163180046,12.068957648361396,11.288703499529834,12.57857066211709,12.12
2025-11-14 06:00:00,12.39,14.020168,12.84735277987599,13.771355924038332,13.48821162646968,13.56279419354775,13.05
2025-11-14 06:30:00,12.36,12.54759,12.13615375979893,12.581494351764578,12.78320996686038,13.202264496687464,13.48
2025-11-14 07:00:00,8.44,12.21579,11.65597743842704,11.882917659751204,12.09884033110168,13.199222194920074,12.65
2025-11-14 07:30:00,8.42,12.038638,11.241156564162074,11.81462393850368,11.97683838509066,12.66506534947766,12.29
2025-11-14 08:00:00,8.21,11.538627,11.21538290966627,11.364131870841357,10.983782750268425,11.39909806149461,11.14
2025-11-14 08:30:00,8.18,10.15112,10.819447682968052,10.671175124316848,9.973853096992467,10.605377854444276,10.45
2025-11-14 09:00:00,7.34,10.114647,9.445950083085886,7.962903721682528,9.928998488094996,9.923783820866312,9.94
2025-11-14 09:30:00,5.01,9.4341955,9.067790910105792,7.454649941384812,8.476312258167944,8.933845495370813,9.51
2025-11-14 10:00:00,5.01,8.488137,8.372947051354705,7.936306733164978,7.608829223195077,8.578707448540385,8.75
2025-11-14 10:30:00,4.0,8.203859,8.07262434584338,7.685354439110767,6.92031320889436,7.773711370405081,8.26
2025-11-14 11:00:00,5.01,7.941934,7.566386457111829,7.303545245839055,6.814373310669364,7.748290504544496,8.42
2025-11-14 11:30:00,6.01,7.7878866,7.684227887951319,7.467021205007099,8.868756444911986,7.748290504544496,8.26
2025-11-14 12:00:00,6.01,7.6750107,7.389517883738088,8.075735518673989,9.36049209191604,7.223367078189472,6.84
2025-11-14 12:30:00,6.6,7.6507616,7.708909855259876,7.24394172951847,7.651326973470005,7.492382594314744,8.02
2025-11-14 13:00:00,7.89,7.870849,8.367280162057016,7.738869191406496,6.895293272648877,8.508016800853001,9.13
2025-11-14 13:30:00,8.04,8.6482,8.506569019702765,8.411247601398134,8.661010751502303,8.74806274059605,9.29
2025-11-14 14:00:00,10.13,9.618059,8.86065492609328,9.290841849492164,9.742347899533742,9.340302995785247,10.2
2025-11-14 14:30:00,9.87,10.838302,9.455962730108253,10.883634586713914,11.218474253147694,11.348880059043385,10.79
2025-11-14 15:00:00,11.36,11.732768,10.559785524615291,11.207776671021977,11.1873829038505,12.994759201352997,12.48
2025-11-14 15:30:00,12.2,13.501233,12.844219361266404,13.352066600693544,12.912788265891429,13.26825176602713,12.95
2025-11-14 16:00:00,16.93,15.720738,15.257491703874422,15.495993931542248,14.357238824214583,13.582660166769609,15.62
2025-11-14 16:30:00,16.95,16.232086,15.47426394933935,16.96687281687922,14.839342314028736,14.923914011770886,16.47
2025-11-14 17:00:00,15.65,14.707414,14.306828928176664,15.218145514631788,14.853686302722831,14.211378086897,16.13
2025-11-14 17:30:00,15.25,15.59287,14.960932727834646,15.426779637602376,14.812744789940991,14.211378086897,14.53
2025-11-14 18:00:00,15.51,15.522302,15.05124099738786,14.924736989805158,14.507226755141849,14.179390988309674,14.77
2025-11-14 18:30:00,15.0,14.46416,14.033298009019534,14.783857171208547,14.06390913315385,14.155377253813322,15.9
2025-11-14 19:00:00,15.0,13.998496,14.0830609356652,14.267918389350031,12.801511316019694,13.582660166769609,14.27
2025-11-14 19:30:00,13.69,13.627867,13.282442182395686,14.764957259703753,12.45675654493158,13.369164630232936,13.46
2025-11-14 20:00:00,14.49,14.155751,13.258077801283122,15.015322075855815,13.174574413477218,13.369164630232936,14.19
2025-11-14 20:30:00,14.49,13.402455,12.700449254036092,13.262300030826308,12.7400838869123,13.369164630232936,12.93
2025-11-14 21:00:00,14.27,12.7152405,12.10951978257846,12.606407645973803,12.796323182176309,13.26825176602713,12.84
2025-11-14 21:30:00,13.69,12.483904,11.828854924262584,12.297316887886067,11.788185067277418,13.106985697832734,12.18
2025-11-14 22:00:00,13.0,12.353851,11.680529651144996,12.10655439318952,11.763410937041604,13.199222194920074,11.98
2025-11-14 22:30:00,13.01,11.964114,11.450020922401292,11.789470129451258,11.726324578692775,12.66506534947766,11.87
2025-11-14 23:00:00,13.0,12.074059,11.08873057825003,12.01620566893794,10.848648980631175,12.46802498855974,11.51
2025-11-14 23:30:00,11.5,11.671445,10.424853946586865,11.416980775196636,10.38478919280634,11.348880059043385,11.34
2025-11-15 00:00:00,11.47,11.742682,10.609267590375328,11.45430882923174,10.112717198506486,11.348880059043385,11.23
2025-11-15 00:30:00,11.79,11.409769,9.4990625029695,11.202275427250274,10.043354040166742,10.605377854444276,10.87
2025-11-15 01:00:00,11.57,11.409769,9.443205143183064,11.161385507889086,9.656959718016406,9.923783820866312,10.79
2025-11-15 01:30:00,11.49,11.409769,9.482054002203265,11.242127420796338,9.887542327397306,10.605377854444276,10.97
2025-11-15 02:00:00,11.66,11.3789625,9.434095159326688,11.231631198302049,10.06918598951831,10.83139720349999,11.21
2025-11-15 02:30:00,12.05,11.654659,9.545870013069928,11.34730532502808,9.982329868382129,10.83139720349999,11.52
2025-11-15 03:00:00,12.09,11.654659,9.79885811183746,11.355924534835248,10.459112681891868,11.187881022436446,11.54
2025-11-15 03:30:00,12.7,11.713996,9.942563987725194,11.651716578561697,10.8692898741894,11.348880059043385,11.65
2025-11-15 04:00:00,12.15,11.783406,10.319146491465126,11.857957667277812,10.70302056364218,11.39909806149461,11.82
2025-11-15 04:30:00,12.17,11.783406,11.00824566180423,11.904739208443626,11.232672765056392,11.94434315734298,11.73
2025-11-15 05:00:00,12.52,11.839416,10.946895213925188,12.039712364661929,10.624518936211269,12.45750477789977,11.95
2025-11-15 05:30:00,12.7,11.839416,10.978508979144491,11.896399528484388,11.552811706321553,12.57857066211709,11.95
2025-11-15 06:00:00,14.5,13.063799,12.188426645145109,13.170093949828912,11.606533627297637,13.47445693785932,12.76
2025-11-15 06:30:00,14.24,13.001494,12.112393512314684,12.533990872926209,12.792287708173273,13.26825176602713,12.6
2025-11-15 07:00:00,12.92,12.781967,11.520837215344557,12.179493777691382,12.002911945779267,13.208895493409887,10.75
2025-11-15 07:30:00,11.29,12.155699,10.935916545193658,11.731719118255326,11.673928717583491,12.66506534947766,10.64
2025-11-15 08:00:00,10.0,11.789745,10.488856003643347,11.167903449011757,10.561346683832593,11.92740603463244,10.0
2025-11-15 08:30:00,8.65,10.5941725,8.97168554280915,9.282459014332291,9.574182473583392,13.01979998436281,9.82
2025-11-15 09:00:00,8.2,10.02687,9.465399345503824,8.618006797010215,10.031634206440806,12.473685468065916,9.46
2025-11-15 09:30:00,7.56,9.074575,7.8968054831554895,7.424252570472053,9.14994385949669,9.693669673973298,8.66
2025-11-15 10:00:00,6.34,7.471161,7.326724923034509,7.462296224121931,7.066154264652286,9.27528525438898,7.79
2025-11-15 10:30:00,6.34,6.5613766,6.122417291228495,6.41452548792343,6.051406022072196,8.358820706538975,7.44
2025-11-15 11:00:00,6.17,6.536125,5.470666147934856,6.192101509626755,6.035059022915942,7.773711370405081,7.64
2025-11-15 11:30:00,6.14,6.208659,5.883763435096005,5.798666499145718,6.148708097263715,7.8237980071271,7.94
2025-11-15 12:00:00,6.14,6.161183,5.681973364120493,5.459110541088204,6.015887368668525,7.443593052767814,7.68
2025-11-15 12:30:00,6.14,6.6462274,5.801455568532195,5.545681888428083,6.389054948239605,7.686595702439196,7.92
2025-11-15 13:00:00,6.5,6.9916945,7.042235519561115,6.509772622925578,6.818469905235213,8.618138550787236,8.78
2025-11-15 13:30:00,7.56,7.463924,7.750460632847712,6.956932797048115,7.2654729779245795,8.924472233605046,9.08
2025-11-15 14:00:00,7.05,8.971609,9.278971299497544,9.185097713233484,8.737981508597075,9.3928986954622,10.34
2025-11-15 14:30:00,7.89,10.893289,9.49969516974243,10.57664679433439,11.349272241609684,12.473685468065916,10.78
2025-11-15 15:00:00,10.65,11.810888,10.81356098538828,12.49708728126,11.856289365061349,13.089508514437254,12.58
2025-11-15 15:30:00,10.99,12.907284,12.2916728219555,13.141071939737795,13.936232461756124,13.328394732795877,13.67
2025-11-15 16:00:00,11.32,15.540699,15.393829099811526,15.14113871439405,15.643351342411,13.582660166769609,16.04
2025-11-15 16:30:00,12.92,16.074873,15.66984075590618,16.382378829093117,15.238377998254316,14.923914011770886,16.6
2025-11-15 17:00:00,13.01,14.8453,14.584857414492628,15.296634320862369,14.956123004484732,14.211378086897,15.88
2025-11-15 17:30:00,12.92,15.120095,15.298540382955816,15.293710826972545,14.88888437226831,14.211378086897,15.43
2025-11-15 18:00:00,12.82,15.120095,14.62314356463991,14.93414429822892,14.371097219267131,14.179390988309674,15.35
2025-11-15 18:30:00,12.7,14.730606,14.699771660241275,15.034592659634397,14.505634760452605,14.179390988309674,15.15
2025-11-15 19:00:00,12.7,14.170121,14.092278167275545,14.545929503319169,13.683908172105232,14.211378086897,14.42
2025-11-15 19:30:00,12.0,13.841033,13.462459616636052,14.836585018190524,12.506721481376418,13.328394732795877,13.59
2025-11-15 20:00:00,12.0,13.78272,13.28230902218787,14.691084040843794,13.118394387451444,13.47445693785932,14.34
2025-11-15 20:30:00,12.5,12.947555,12.549653512987174,13.102132443777904,12.397936685040836,13.199222194920074,13.74
2025-11-15 21:00:00,15.0,12.669573,12.167464698171592,12.397180008902213,12.348843457900308,13.14773625598477,13.47
2025-11-15 21:30:00,13.39,12.201465,11.446165440670828,12.00313043900714,12.031400876084714,13.01979998436281,12.93
2025-11-15 22:00:00,12.92,12.337772,11.59744798117776,11.898367603666475,12.057279463918292,13.199222194920074,12.45
2025-11-15 22:30:00,11.54,11.948035,11.27720523438636,11.773858408834512,11.92820531505678,13.089508514437254,12.22
2025-11-15 23:00:00,11.58,12.057981,11.14024869630626,11.923819725292722,11.10041340347893,12.473685468065916,12.0
2025-11-15 23:30:00,12.43,11.869766,10.828354782780472,11.462328134817463,9.873433513759885,11.344240612838934,11.31
2025-11-16 00:00:00,11.37,11.771683,10.869062162256933,11.63155663823355,10.35215554852548,11.344240612838934,11.03
2025-11-16 00:30:00,11.22,11.374655,10.490672143656296,11.251456322832896,10.252642065244986,10.605377854444276,10.99
2025-11-16 01:00:00,11.16,11.384426,10.2127570018645,11.413102765677303,10.02077888766031,10.605377854444276,10.82
2025-11-16 01:30:00,11.11,11.384426,10.28640125307,11.282962702508714,10.216674258366467,10.605377854444276,10.89
2025-11-16 02:00:00,11.18,11.380485,10.243922065886744,11.309287354437032,9.859883667511616,10.83139720349999,11.11
2025-11-16 02:30:00,11.47,11.674794,10.355696919629985,11.37419827394496,9.971717982107744,11.180953122539114,11.43
2025-11-16 03:00:00,11.24,11.734131,10.796542473680285,11.682442117881086,10.600835319072395,11.348880059043385,11.42
2025-11-16 03:30:00,11.53,11.803541,10.798775356398751,11.693920122674262,10.764411964675062,11.348880059043385,11.59
2025-11-16 04:00:00,11.94,11.745339,11.164469039719837,11.96621997663944,10.593319612380144,11.39909806149461,11.46
2025-11-16 04:30:00,12.0,11.745339,11.17312497742022,11.984232511361744,11.098955412550817,11.94434315734298,11.68
2025-11-16 05:00:00,12.19,11.85955,11.09595035338921,12.001371509705889,10.467361698236058,12.11940899357585,11.69
2025-11-16 05:30:00,12.0,11.822228,11.185891271140449,12.003301339431996,11.284357695955643,12.57857066211709,11.69
2025-11-16 06:00:00,11.94,12.789985,12.069892439935552,12.839238931969764,11.76779460421373,13.416680429508771,12.9
2025-11-16 06:30:00,12.15,13.047065,12.410636147021156,12.832497345240585,12.160118032315436,13.106985697832734,12.75
2025-11-16 07:00:00,11.0,12.40003,11.62512940437226,11.902086806736556,11.607668704587333,13.208895493409887,11.62
2025-11-16 07:30:00,10.1,11.963366,11.00437901991799,11.64608659021218,11.241697870960516,12.66506534947766,10.87
2025-11-16 08:00:00,8.53,11.573463,10.49116791180538,11.043661425212512,10.184623191265908,11.180953122539114,10.21
2025-11-16 08:30:00,6.31,10.307458,9.055299664466,9.77725179247734,9.527543006441524,11.348880059043385,9.66
2025-11-16 09:00:00,6.19,9.848601,8.874766187872163,8.794887539878708,10.02949266914438,11.187881022436446,9.36
2025-11-16 09:30:00,6.18,9.164221,7.4959161982066815,7.5926136955163965,8.773493928434856,9.693669673973298,8.9
2025-11-16 10:00:00,2.01,7.74988,7.117203108679001,7.292378259041275,6.891819163592251,9.291207996034828,7.71
2025-11-16 10:30:00,0.01,7.4028907,7.304147085382324,7.054097807388849,5.135388926642202,8.383755560394667,7.3
2025-11-16 11:00:00,0.01,7.2326407,6.6593738784278536,6.9303854316386975,5.557352074076169,7.881227447724293,7.51
2025-11-16 11:30:00,0.01,6.5854344,5.980138060963726,5.839285063797433,5.838063838041427,8.169607375541784,7.51
2025-11-16 12:00:00,0.02,6.2510056,5.864040021187211,5.781931286804153,4.565187052928686,7.586680814940996,7.15
2025-11-16 12:30:00,0.1,6.5592394,6.0306993953043895,6.023311735676979,5.446536192367649,7.748290504544496,7.29
2025-11-16 13:00:00,2.01,7.097442,7.3458928946228434,6.855518485934144,6.835079280425967,8.800452775502588,7.84
2025-11-16 13:30:00,6.15,8.328197,8.898198357305535,8.24317746246989,8.092398034958867,8.924472233605046,8.36
2025-11-16 14:00:00,7.56,8.980967,9.02055309280948,8.853363433407008,9.291856300965566,9.870817557511112,8.75
2025-11-16 14:30:00,8.93,10.649146,9.419313317217757,10.427942363748633,11.226950994258369,11.94434315734298,9.52
2025-11-16 15:00:00,10.51,11.474783,10.513339770407947,11.013582537042051,11.219778551703143,13.01979998436281,11.68
2025-11-16 15:30:00,10.99,12.703416,12.327714813434584,12.165153404995818,13.35064440245513,13.202264496687464,12.23
2025-11-16 16:00:00,11.83,14.7121,14.515468717969505,15.195602612464546,15.03919827422702,13.582660166769609,13.34
2025-11-16 16:30:00,11.43,15.342835,14.992817578938023,16.02351902522523,15.084867098342135,14.923914011770886,14.46
2025-11-16 17:00:00,12.7,14.924173,14.42585374585337,15.247739058304726,14.514175857381646,14.211378086897,14.16
2025-11-16 17:30:00,12.7,14.80803,14.730724862799653,15.00367227657494,14.103734568848663,14.211378086897,13.38
2025-11-16 18:00:00,12.0,14.80803,14.338984759354048,14.675429595235212,14.01383801618004,14.211378086897,13.4
2025-11-16 18:30:00,11.61,14.80803,14.345596116541229,14.800584849941565,14.5678305220235,14.179390988309674,13.72
2025-11-16 19:00:00,12.4,14.492249,14.202740846065945,14.699893117333549,14.139863248753064,14.211378086897,13.32
2025-11-16 19:30:00,12.0,13.841033,13.861154356315785,15.018531649449676,12.91374202205034,13.369164630232936,12.45
2025-11-16 20:00:00,11.82,13.9580765,13.786477153783045,14.100390221995092,12.966234901800702,13.56279419354775,12.69
2025-11-16 20:30:00,11.78,13.707328,13.128745842565811,13.539845276180117,12.601481683638257,13.202264496687464,12.67
2025-11-16 21:00:00,11.54,12.990522,12.563226923354836,12.869273914104776,12.898943089050888,13.47445693785932,13.17
2025-11-16 21:30:00,11.27,12.609861,12.207629389707789,12.133262852060534,12.719161188664946,13.105097405656725,12.62
2025-11-16 22:00:00,11.02,12.39389,11.835208005422391,11.928808198171758,11.857836894523905,13.199222194920074,11.76
2025-11-16 22:30:00,10.84,12.153818,11.504954000685192,11.872226356042418,11.583910430905629,13.089508514437254,11.36
2025-11-16 23:00:00,10.91,12.168089,11.3699326544539,11.955480275093828,11.311930379578216,12.66506534947766,10.89
2025-11-16 23:30:00,10.71,11.979876,10.973117556951712,11.462231130956424,10.204882306737035,11.92740603463244,10.65
2025-11-17 00:00:00,10.56,11.872927,11.145267164999776,11.723798753905648,9.763987311681158,11.92740603463244,10.79
2025-11-17 00:30:00,10.51,11.593585,10.777787822996364,11.359776930742449,9.74476051093505,10.83139720349999,10.6
2025-11-17 01:00:00,10.47,11.548107,10.7139718121297,11.462431725748472,9.734369854519372,10.605377854444276,10.48
2025-11-17 01:30:00,10.41,11.548107,10.69316358167269,11.301352516246633,9.998862202298987,10.605377854444276,10.38
2025-11-17 02:00:00,10.5,11.590812,10.636152525528656,11.353195693677137,10.00797393594868,10.83139720349999,10.6
2025-11-17 02:30:00,10.47,11.885121,10.80439332813767,11.409736480811498,10.217934056017524,11.180953122539114,10.87
2025-11-17 03:00:00,10.51,11.925454,11.05565977237159,11.75257710289658,10.73576369353319,11.348880059043385,11.01
2025-11-17 03:30:00,10.51,11.994864,11.25125004423186,11.801273061498492,10.846957532108776,11.94434315734298,11.13
2025-11-17 04:00:00,10.51,11.936664,11.429866348962785,11.989833136842655,10.64386025830512,11.94434315734298,11.22
2025-11-17 04:30:00,10.51,11.936664,11.427633466244318,11.985429915121257,10.866560968218492,11.94434315734298,11.39
2025-11-17 05:00:00,10.51,12.1051,11.359702943557073,12.047468598233817,11.103274363774403,12.57857066211709,11.53
2025-11-17 05:30:00,10.62,12.01992,11.415380052429215,12.070669394087522,11.78638293766669,12.964080624373418,11.58
2025-11-17 06:00:00,11.01,13.567942,12.647769812583348,13.19708012363391,12.098444935993315,13.435627095734118,12.16
2025-11-17 06:30:00,11.37,13.45957,12.73610858978466,13.300112067068303,11.825843469992911,13.56279419354775,12.27
2025-11-17 07:00:00,8.18,12.760411,11.826973880614078,11.988846169377116,12.068900295067197,13.208895493409887,11.28
2025-11-17 07:30:00,7.56,12.1629505,11.207360383153484,11.688249177167805,11.423975028422364,13.089508514437254,10.91
2025-11-17 08:00:00,8.12,11.557073,10.326618510878616,10.74216109359116,9.840567980429276,10.83139720349999,9.68
2025-11-17 08:30:00,7.56,10.115904,9.232128795570858,9.067975443667745,9.05577260424354,11.348880059043385,8.95
2025-11-17 09:00:00,7.56,9.081363,8.515348289446253,8.580940342215401,8.566850545392866,11.187881022436446,8.68
2025-11-17 09:30:00,8.0,9.118749,8.087408248752793,7.610655299895204,8.160894417006611,9.693669673973298,8.58
2025-11-17 10:00:00,7.0,8.219782,7.658197336805016,7.629389825589392,5.881151482331876,9.291207996034828,6.67
2025-11-17 10:30:00,6.72,6.950215,5.660549529704826,6.515217701503735,3.36126804657078,8.383755560394667,5.97
2025-11-17 11:00:00,7.0,6.3802056,5.237553946769571,5.966118807960065,4.115928616649803,7.881227447724293,5.78
2025-11-17 11:30:00,7.56,6.137064,5.304639911603391,5.7780615516353615,3.789792031194049,7.75435448440363,5.87
2025-11-17 12:00:00,7.0,6.046064,4.867255353581999,5.512272157863728,2.6907487783246906,7.732856686639216,5.5
2025-11-17 12:30:00,6.01,6.0823193,4.716409574663347,5.446575297785585,3.2983255237966347,7.8237980071271,5.92
2025-11-17 13:00:00,8.29,7.114604,6.793964965216295,6.633299173752514,4.824490075368247,8.54492393296032,6.9
2025-11-17 13:30:00,9.2,7.948259,8.300598177470063,7.6595479600533665,7.29846645570996,8.933845495370813,8.46
2025-11-17 14:00:00,9.83,8.744311,8.665579376094891,8.494937858021002,8.674442177699264,9.3928986954622,9.14
2025-11-17 14:30:00,10.54,10.179307,8.651009371120422,9.84136475601727,10.14044907976015,11.344240612838934,10.19
2025-11-17 15:00:00,10.93,11.612459,10.517177792437025,10.993281140714728,10.56936318183844,12.994759201352997,12.01
2025-11-17 15:30:00,11.23,12.872445,12.351024428297809,11.899290426851582,12.863783131377806,13.202264496687464,12.7
2025-11-17 16:00:00,12.14,14.81641,14.44056405762952,14.908413640045616,13.84501949839712,13.582660166769609,14.08
2025-11-17 16:30:00,13.36,15.368274,14.83392848244294,15.940269775956144,15.232693646376916,14.923914011770886,14.24
2025-11-17 17:00:00,12.7,14.921847,14.384013267392367,15.207167528692464,14.573667174901516,14.211378086897,14.58
2025-11-17 17:30:00,12.26,14.756326,14.789821605746026,15.02691967713196,14.65888198970228,14.211378086897,14.28
2025-11-17 18:00:00,12.0,14.80803,14.394341981831078,14.69599227346372,14.932804946456583,14.211378086897,14.17
2025-11-17 18:30:00,11.91,14.833466,14.226143157777562,14.864866068831567,14.542215754818766,14.179390988309674,13.75
2025-11-17 19:00:00,11.31,14.718434,14.43606484486702,15.04517970273974,14.536716293306409,14.211378086897,13.8
2025-11-17 19:30:00,11.05,14.229057,14.093389409197668,15.436650503398589,13.295746804433747,13.369164630232936,13.11
2025-11-17 20:00:00,11.2,14.451634,13.97444306403157,14.502578567306356,13.605492961729828,13.56279419354775,13.41
2025-11-17 20:30:00,11.05,13.671454,13.289515236283606,13.620127083681057,12.582852757026757,13.202264496687464,13.08
2025-11-17 21:00:00,11.0,13.811232,13.31148062987399,13.60473465590958,13.153552970912544,13.47445693785932,13.08
2025-11-17 21:30:00,10.91,13.041582,12.617144447491937,12.78441887397054,13.16730543298064,13.199222194920074,12.66
2025-11-17 22:00:00,9.69,12.769292,12.027526462585476,12.577006042757676,12.941126411592863,13.199222194920074,12.36
2025-11-17 22:30:00,9.61,12.678698,11.697272457848277,12.49822030443258,12.71794836637214,13.089508514437254,11.65
2025-11-17 23:00:00,9.77,12.599608,11.350064111552843,12.38554926352797,11.731688190000916,12.66506534947766,11.76
2025-11-17 23:30:00,10.01,12.423694,11.089976066169456,11.795201939300227,10.618081757587916,12.11940899357585,11.58
2025-11-18 00:00:00,11.08,12.287597,11.299934813253373,11.711811706934322,10.849806797553963,11.344240612838934,11.37
2025-11-18 00:30:00,10.97,11.954683,11.173894145678473,11.56581198046241,10.498964310174372,10.83139720349999,11.12
2025-11-18 01:00:00,10.74,11.909205,11.165387942772307,11.57450401601998,10.649527743503208,10.83139720349999,11.11
2025-11-18 01:30:00,10.74,11.909205,11.131836962037823,11.56184905320099,10.440564707485668,10.605377854444276,11.12
2025-11-18 02:00:00,10.74,11.95312,11.074825905893787,11.540600000957015,10.528105332734,11.180953122539114,11.26
2025-11-18 02:30:00,10.74,12.345716,11.242642260412516,11.66136683904712,10.332303009180494,11.273231737782892,11.58
2025-11-18 03:00:00,10.91,12.276306,11.338997404703624,12.0405977463597,10.600240346157577,11.348880059043385,11.6
2025-11-18 03:30:00,11.0,12.405053,11.612483089570595,12.148447959287916,11.928576006590566,11.94434315734298,11.79
2025-11-18 04:00:00,11.05,12.346851,11.987536170569625,12.25858889326261,10.901346798144791,11.94434315734298,11.8
2025-11-18 04:30:00,11.04,12.309602,11.861175614667877,12.25858889326261,11.056379185439232,11.94434315734298,11.89
2025-11-18 05:00:00,11.18,12.527939,11.659056620727332,12.241560232809618,11.090230987742268,12.45750477789977,12.05
2025-11-18 05:30:00,11.25,12.4427595,11.71499998834958,12.314367141931015,11.18855397327137,12.57857066211709,12.08
2025-11-18 06:00:00,11.43,13.249659,12.485516658527349,12.89303379736435,12.701949901679722,13.416680429508771,12.92
2025-11-18 06:30:00,14.0,13.572131,12.883789692194153,13.370630147465183,12.862942455109442,13.47445693785932,12.94
2025-11-18 07:00:00,11.06,12.96085,12.135026790156298,12.26727792033766,12.235782473541231,13.26825176602713,11.52
2025-11-18 07:30:00,10.42,12.578314,11.646386723351837,12.18215111583842,12.136081080843796,12.66506534947766,10.75
2025-11-18 08:00:00,7.56,12.01781,10.745136434219669,11.163309325561258,10.111519669070711,11.273231737782892,10.27
2025-11-18 08:30:00,9.94,10.916937,9.887584865843172,9.65507497806774,9.568963188940655,11.348880059043385,9.63
2025-11-18 09:00:00,8.71,10.133334,8.37143363218122,9.03459342505272,8.68318511820271,10.83139720349999,9.54
2025-11-18 09:30:00,8.29,10.244095,9.063444963078076,8.471985849312812,8.381694667838651,9.340302995785247,9.5
2025-11-18 10:00:00,7.56,9.060962,8.413287730980239,8.111575796505566,7.277518226073382,9.291207996034828,8.18
2025-11-18 10:30:00,7.56,9.024201,8.55234613921362,7.797215975021203,6.087589911710941,8.356519120982403,7.48
2025-11-18 11:00:00,8.0,9.195301,8.281402162085156,8.241389077211423,6.681547839127608,8.136959916014783,7.47
2025-11-18 11:30:00,7.56,8.823764,8.072210894174496,7.79016850827663,6.31331820986493,7.965737530836342,7.74
2025-11-18 12:00:00,6.0,8.550228,8.091697956644586,7.80659733388626,5.612611677242168,7.75435448440363,7.34
2025-11-18 12:30:00,3.1,9.415331,7.710807493767676,8.43147430633391,5.7967127098227085,8.136959916014783,7.59
2025-11-18 13:00:00,7.56,11.013071,9.244683584691664,8.827576254839473,8.308117741400899,8.578707448540385,8.76
2025-11-18 13:30:00,7.56,10.807375,8.871358025728,8.955425804637807,10.09033118584922,9.27528525438898,9.66
2025-11-18 14:00:00,10.2,10.702812,10.090233734971555,9.490536835915464,10.6300061445698,9.291207996034828,10.35
2025-11-18 14:30:00,11.02,11.396724,9.05360506025156,10.069585376180626,10.839951013838805,10.576270884174416,10.96
2025-11-18 15:00:00,14.64,12.302148,10.99474739573762,11.663662836623196,11.534185742329386,12.994759201352997,12.88
2025-11-18 15:30:00,15.89,13.437843,13.036806240248774,13.020718638560805,12.8822318346633,13.14773625598477,13.26
2025-11-18 16:00:00,17.62,14.855152,14.821319228962269,15.280439067654768,15.058227454051416,13.47445693785932,15.04
2025-11-18 16:30:00,17.62,15.4227295,14.842568842201814,15.726855674785822,15.39010109725231,14.833871094089494,15.84
2025-11-18 17:00:00,16.5,14.975761,15.097749173430428,15.7051513546128,15.473155374097216,14.211378086897,15.46
2025-11-18 17:30:00,16.4,15.037173,15.28610876100061,15.25362367636925,15.238516107583436,14.211378086897,14.88
2025-11-18 18:00:00,16.31,14.974848,14.776576910087416,14.782211806971114,14.728957619064328,14.211378086897,14.79
2025-11-18 18:30:00,16.0,14.974848,14.826068441792634,14.932932612038122,14.649495967994763,14.179390988309674,15.08
2025-11-18 19:00:00,15.89,14.659066,14.667138082989227,14.957454095499587,14.791086112212572,14.211378086897,14.17
2025-11-18 19:30:00,15.89,13.594797,13.63272497946357,15.128351519873563,13.28549494669078,13.26825176602713,13.69
2025-11-18 20:00:00,15.12,13.8716755,13.752195014633426,15.09109263098846,13.291564949961828,13.44797740639606,14.31
2025-11-18 20:30:00,15.89,13.198831,13.05282923502494,13.4185557141379,12.935897412070554,13.202264496687464,13.45
2025-11-18 21:00:00,13.48,13.650311,13.47679496051231,13.688284020366323,13.328158533865842,13.56279419354775,13.61
2025-11-18 21:30:00,12.3,12.860661,12.63387046235344,12.816910224407566,13.231877146295178,13.199222194920074,13.21
2025-11-18 22:00:00,12.3,12.637247,12.330070110398603,12.64258487958918,12.604617539255162,13.199222194920074,12.3
2025-11-18 22:30:00,11.58,12.340871,11.77650259640618,12.33143095684332,11.439559075240796,13.089508514437254,12.08
2025-11-18 23:00:00,11.33,12.259639,11.638958551291562,11.93284851337718,10.55841050375436,12.473685468065916,11.73
2025-11-18 23:30:00,11.3,12.199715,10.70732169000306,11.511498403288227,10.550553374065736,11.92740603463244,11.57
2025-11-19 00:00:00,11.43,12.07168,10.667299983182032,11.482619983483616,10.5445221293123,11.273231737782892,11.77
2025-11-19 00:30:00,11.25,11.762699,10.992558427043036,11.3072669968062,10.32701253372951,10.605377854444276,11.57
2025-11-19 01:00:00,11.28,11.585811,10.903331863929717,11.312017947902511,9.98005624169357,10.605377854444276,11.47
2025-11-19 01:30:00,11.2,11.762699,10.994428016301644,11.366865576983905,10.299578810035763,9.923783820866312,11.46
2025-11-19 02:00:00,11.21,11.861359,11.024244202635131,11.409432311176792,10.111161360890142,10.605377854444276,11.56
2025-11-19 02:30:00,11.24,11.9615755,11.158509576419377,11.560193034123229,10.581649418306847,11.180953122539114,11.7
2025-11-19 03:00:00,11.15,12.155668,11.188208839614775,11.501344132539392,10.505491813990144,11.180953122539114,11.9
2025-11-19 03:30:00,11.18,12.284415,11.361467971278657,11.90729316423648,11.223892913156384,11.39909806149461,12.1
2025-11-19 04:00:00,11.34,12.226213,11.694450663889796,12.095727321951738,10.87257699874277,11.39909806149461,12.14
2025-11-19 04:30:00,11.37,12.226213,11.81105686472357,12.20404644008515,10.760990775042265,11.92740603463244,12.12
2025-11-19 05:00:00,11.56,12.226213,11.690744670723614,12.177578027933318,9.96339799261236,11.94434315734298,12.48
2025-11-19 05:30:00,13.02,12.351082,11.690744670723614,12.242165523806714,9.836936844774858,12.46802498855974,12.41
2025-11-19 06:00:00,14.27,13.169983,12.677966846887209,12.893536351791942,12.368108211987058,13.416680429508771,13.12
2025-11-19 06:30:00,14.78,13.367538,12.998491138122391,13.412748957662062,12.259289889789924,13.47445693785932,14.06
2025-11-19 07:00:00,10.5,12.712482,12.168635422146654,12.297010444081776,11.590694121679292,13.208895493409887,12.3
2025-11-19 07:30:00,9.89,12.44074,11.729213940055688,11.671562739701836,11.734554774410745,12.66506534947766,11.97
2025-11-19 08:00:00,9.0,11.686759,11.349368042184812,10.78452953271242,11.270302348167991,10.83139720349999,10.35
2025-11-19 08:30:00,8.29,11.5773945,10.776874395041755,10.74455674678686,10.79974559226915,11.180953122539114,10.72
2025-11-19 09:00:00,9.0,11.893986,10.508624521593582,10.229736657444574,10.66260636087552,10.576270884174416,10.15
2025-11-19 09:30:00,7.56,10.948248,10.603227974346057,10.154732965496915,12.050446754762776,9.291207996034828,9.62
2025-11-19 10:00:00,7.0,11.360399,11.498195569502208,10.533337978094751,12.176555246445718,8.931392701749362,8.66
2025-11-19 10:30:00,5.0,10.009258,11.010275487237145,9.786105897469213,10.629110149740573,8.169607375541784,8.39
2025-11-19 11:00:00,4.78,9.290366,10.384141481383432,9.637200599338108,9.731989611040715,7.867405281821788,8.3
2025-11-19 11:30:00,4.0,8.9560795,10.444886149562029,9.272128201443763,9.838554195752131,7.75435448440363,8.5
2025-11-19 12:00:00,5.0,8.414408,8.92400682628401,8.317757549813543,9.292005651531552,7.586680814940996,7.4
2025-11-19 12:30:00,5.0,9.235971,10.465460617439524,8.596088044764603,9.80929568378967,7.811469882664264,6.7
2025-11-19 13:00:00,7.56,9.401056,11.290212836798329,9.530041914202735,11.054509489176748,8.383755560394667,8.85
2025-11-19 13:30:00,8.8,10.858418,9.769787403385674,9.786310305305207,11.437185581532562,8.800452775502588,9.36
2025-11-19 14:00:00,9.66,12.233338,12.866452343673478,9.73559540659934,12.72280906092683,8.933845495370813,10.83
2025-11-19 14:30:00,10.97,12.371542,12.241741896251064,9.833174767559855,12.717645235720804,9.870817557511112,11.25
2025-11-19 15:00:00,12.28,13.099894,12.661692426100512,11.753641510446789,13.177569761550036,12.619909821249172,13.78
2025-11-19 15:30:00,15.57,13.655694,13.394789573160637,13.07340857270549,13.486048534385183,13.106985697832734,14.95
2025-11-19 16:00:00,16.29,15.255482,14.953377554809768,15.34125989375386,14.291707863225088,13.47445693785932,16.55
2025-11-19 16:30:00,18.0,15.566406,15.106243128728778,15.79117010698379,14.85842387744048,14.541125823772427,16.61
2025-11-19 17:00:00,18.0,15.098846,14.654747677870237,15.518394402750694,14.580376110346686,14.211378086897,16.01
2025-11-19 17:30:00,18.0,15.215304,15.316665454992728,15.171895014806765,14.563805313791566,14.211378086897,15.92
2025-11-19 18:00:00,16.87,15.152981,14.707756495586594,14.76591919909953,13.923910010249491,14.179390988309674,15.86
2025-11-19 18:30:00,16.53,14.999803,14.963398678930467,14.917196038982436,13.847402407480931,14.179390988309674,15.51
2025-11-19 19:00:00,16.68,14.732098,14.900855137182862,14.76595823314703,14.188191079268856,14.155377253813322,14.85
2025-11-19 19:30:00,16.93,13.526425,13.234330393649364,14.839141361743744,12.943870751375709,13.208895493409887,14.56
2025-11-19 20:00:00,16.6,13.8995695,13.517881271330562,15.116321605593736,13.241279633799111,13.56279419354775,14.66
2025-11-19 20:30:00,16.0,13.121552,12.536261717252073,14.45511011194671,12.516117467535874,13.199222194920074,14.31
2025-11-19 21:00:00,15.37,13.448598,12.621249248905269,13.336076450973732,12.558803888190168,13.47445693785932,13.95
2025-11-19 21:30:00,13.19,12.927458,11.935617362031527,12.753518904987526,12.581860961634495,13.14773625598477,12.57
2025-11-19 22:00:00,13.24,12.704044,11.791829693888808,12.419959347771623,11.54966427041132,13.199222194920074,12.58
2025-11-19 22:30:00,12.21,12.527415,11.35080458720198,12.242052390614552,11.42784050252942,13.089508514437254,11.54
2025-11-19 23:00:00,11.43,12.374718,11.458504966702815,11.880557015853231,10.176831550674835,12.46802498855974,11.69
2025-11-19 23:30:00,11.28,12.346369,11.160586935507803,11.495506840233784,10.100418190199054,11.39909806149461,11.67
2025-11-20 00:00:00,11.43,12.276475,11.17949119143547,11.422306235094418,10.287735352774972,11.180953122539114,11.44
2025-11-20 00:30:00,11.4,12.012973,11.196583116324195,11.18476007824923,10.133778280811038,10.605377854444276,11.39
2025-11-20 01:00:00,11.38,11.790606,11.196583116324195,11.158975829336356,9.764804352500596,9.923783820866312,11.29
2025-11-20 01:30:00,11.34,11.967495,11.09751111904573,11.163345568047786,10.137793488708864,9.870817557511112,11.37
2025-11-20 02:00:00,11.37,11.948942,11.175228377666878,11.212643209099994,10.124451706738943,10.83139720349999,11.31
2025-11-20 02:30:00,11.37,12.04916,11.305167292933191,11.416440739746577,10.517992155606589,11.180953122539114,11.51
2025-11-20 03:00:00,11.37,12.243252,11.266318433912993,11.412010591409532,10.692303011899202,11.180953122539114,11.45
2025-11-20 03:30:00,11.42,12.371999,11.42938603177818,11.843954248907052,10.406919273572896,11.39909806149461,11.65
2025-11-20 04:00:00,11.42,12.259571,11.409451614781226,11.990713482411978,10.748311760476566,11.39909806149461,11.67
2025-11-20 04:30:00,11.42,12.259571,11.767398578398168,12.169462583927148,10.762898995924036,11.92740603463244,11.78
2025-11-20 05:00:00,11.42,12.187471,11.813542018296978,12.147359869067929,10.281624678902034,11.94434315734298,11.94
2025-11-20 05:30:00,11.47,12.283095,11.786339739320304,12.24865501790567,10.193678479524088,12.46802498855974,12.37
2025-11-20 06:00:00,13.79,13.131241,12.813715241404436,12.948382610234704,11.616001799132151,13.416680429508771,13.13
2025-11-20 06:30:00,15.54,13.854235,13.357595569794915,13.728107050759403,12.244834598948463,13.56279419354775,13.64
2025-11-20 07:00:00,12.5,13.031227,12.581280468089428,12.41305116268766,11.628759069577788,13.26825176602713,11.57
2025-11-20 07:30:00,9.72,12.494312,11.888269190161134,11.94023863436618,11.169788000374306,12.66506534947766,11.03
2025-11-20 08:00:00,9.62,12.226218,11.81524163314967,11.081626989243516,11.781123729900166,11.92740603463244,10.42
2025-11-20 08:30:00,9.35,12.156858,11.572171952176188,11.346902230027377,11.341835189766478,11.187881022436446,10.03
2025-11-20 09:00:00,9.23,12.249864,11.202802822117974,9.848798685672197,11.45273889849191,11.180953122539114,9.98
2025-11-20 09:30:00,7.56,12.043452,11.064210606752589,10.167097819933169,12.727137679064375,9.340302995785247,9.31
2025-11-20 10:00:00,7.64,11.644371,11.85859654817473,10.256480461908003,13.789411434942778,8.933845495370813,8.48
2025-11-20 10:30:00,7.0,10.039114,11.008783828203368,9.883530831795095,11.214432213705592,8.356519120982403,7.6
2025-11-20 11:00:00,5.48,9.614604,10.85937573069508,9.960988714955164,10.8754979268463,8.136959916014783,7.4
2025-11-20 11:30:00,4.0,9.359775,10.349468397164722,9.470220563837144,9.296613149414542,7.867405281821788,7.21
2025-11-20 12:00:00,4.27,9.024641,9.324497643894006,9.085389951862458,9.187895211383834,7.75435448440363,6.88
2025-11-20 12:30:00,5.0,8.954791,10.56803470531068,8.947533681983444,9.68968066934018,8.136959916014783,6.88
2025-11-20 13:00:00,5.71,9.984056,11.654077464861814,9.897752646597633,11.04425271219604,8.516659321826795,8.83
2025-11-20 13:30:00,7.0,10.676698,8.967945937712715,9.594666836828232,10.632036102214675,8.924472233605046,9.56
2025-11-20 14:00:00,8.86,11.319021,11.351639580618698,9.560494664756016,12.436749395107867,9.3928986954622,10.39
2025-11-20 14:30:00,9.88,11.850224,11.826951439999617,10.645483162245904,11.720700138566384,11.39909806149461,11.46
2025-11-20 15:00:00,11.84,12.379203,12.083113526993918,11.957541471386897,11.383039523023609,12.994759201352997,12.39
2025-11-20 15:30:00,15.02,13.537121,13.337766058990002,12.87530435868399,12.00608317345072,13.26825176602713,14.03
2025-11-20 16:00:00,17.9,15.099422,14.9312180253134,14.824439269175096,14.338571245053922,13.582660166769609,15.51
2025-11-20 16:30:00,18.25,15.479751,14.992088159985114,15.725012858690349,15.017975797087802,14.923914011770886,16.63
2025-11-20 17:00:00,16.93,14.758655,14.32327062629975,15.24427732633591,14.68529752304844,14.211378086897,16.47
2025-11-20 17:30:00,16.77,14.913274,15.132834738525077,14.825800571959665,13.984388365973691,14.211378086897,16.1
2025-11-20 18:00:00,13.0,14.83615,14.566815772865375,14.848120532260152,13.07017049838879,14.211378086897,15.77
2025-11-20 18:30:00,12.28,14.687996,14.45581258820678,14.84629941552416,13.636638261320982,14.179390988309674,15.86
2025-11-20 19:00:00,12.5,14.510598,14.397593287585304,14.675216415084632,12.966610661991991,14.211378086897,15.73
2025-11-20 19:30:00,12.34,14.049406,14.205804112707431,14.324073473894446,12.27731520675968,13.416680429508771,15.41
2025-11-20 20:00:00,12.3,14.214068,13.836670587902438,14.187612219987765,12.109898093568486,13.56279419354775,15.1
2025-11-20 20:30:00,12.18,13.604824,13.398759873689809,13.552459271346194,11.492439516319914,13.26825176602713,14.7
2025-11-20 21:00:00,12.14,13.869264,13.350080309794278,13.705019437076034,11.197142132793696,13.56279419354775,14.52
2025-11-20 21:30:00,11.05,12.879825,12.485758355673136,12.595550122037164,12.32872168618272,13.26825176602713,13.59
2025-11-20 22:00:00,11.0,12.570493,12.250385736566429,12.398713344059844,11.415882681663312,13.199222194920074,13.01
2025-11-20 22:30:00,9.9,12.210583,11.675154548693092,12.247763353292276,10.372384930165644,12.964080624373418,12.69
2025-11-20 23:00:00,9.72,12.057885,11.410089861067735,11.805279218832087,8.94169065886571,11.92740603463244,11.84
2025-11-20 23:30:00,11.28,12.075014,11.079073776999683,11.59400351043069,9.376613296639018,10.83139720349999,11.64
2025-11-21 00:00:00,12.0,11.758939,11.1711183156481,11.440449083095622,9.729956503130772,11.273231737782892,11.41
2025-11-21 00:30:00,11.25,11.758939,11.1711183156481,11.293093114420891,9.73649830824852,10.605377854444276,11.29
2025-11-21 01:00:00,11.25,11.580839,11.1711183156481,11.224284426229053,9.12178680637741,9.923783820866312,11.27
2025-11-21 01:30:00,11.2,11.786972,11.1711183156481,11.328926058422626,10.03740721518121,9.923783820866312,11.2
2025-11-21 02:00:00,11.25,11.913719,11.248835574269249,11.336454918155631,10.102149900703871,10.83139720349999,11.32
2025-11-21 02:30:00,11.17,11.994933,11.296794417145824,11.509672899984162,10.538251081995936,11.180953122539114,11.5
2025-11-21 03:00:00,10.5,12.086216,11.12125042399491,11.443868276289283,10.58992174754334,11.180953122539114,11.65
2025-11-21 03:30:00,10.5,12.317773,11.408445695043378,11.794333060719095,9.932492801484637,11.39909806149461,11.7
2025-11-21 04:00:00,10.57,12.156761,11.491431687170968,12.012618939652056,10.838655797726627,11.39909806149461,11.85
2025-11-21 04:30:00,11.32,12.156761,11.777930119018276,12.192097898293026,10.9127820492317,11.39909806149461,11.92
2025-11-21 05:00:00,10.08,12.05205,11.829871414432096,12.19157332327154,10.144396054080117,11.92740603463244,11.88
2025-11-21 05:30:00,10.5,12.31484,11.850811751166896,12.337957627434887,10.079679687052296,12.46802498855974,12.03
2025-11-21 06:00:00,10.99,13.139251,13.033817253764926,13.139371106379071,12.568470015750432,13.416680429508771,13.17
2025-11-21 06:30:00,11.5,14.252112,13.906841317547842,13.836061773428789,13.348963355723004,13.582660166769609,14.14
2025-11-21 07:00:00,9.79,13.419407,12.768136494874796,12.50681017660244,12.182807708084296,13.26825176602713,12.06
2025-11-21 07:30:00,9.63,12.501552,12.192474992239102,12.279124196043677,11.586472899219943,12.994759201352997,10.76
2025-11-21 08:00:00,9.28,12.768221,12.335691008366767,11.74607201539697,11.970658623513536,13.105097405656725,10.48
2025-11-21 08:30:00,9.81,12.230713,12.135932545909846,11.455616457649077,12.416732367131294,12.57857066211709,10.14
2025-11-21 09:00:00,9.17,11.436623,11.42522475609498,10.906566794681588,10.942515310581006,11.187881022436446,9.99
2025-11-21 09:30:00,8.29,9.6189,8.740958917772346,10.23754963470109,10.321292266490689,9.3928986954622,8.86
2025-11-21 10:00:00,8.0,8.78508,8.975498898660058,8.348867292364185,10.570020425437065,9.27528525438898,8.36
2025-11-21 10:30:00,7.56,7.8576546,8.707096172104158,7.590258887882129,9.458864275916612,8.36034559384442,8.12
2025-11-21 11:00:00,7.56,7.1335745,8.032690199922481,8.051431546061345,7.83271769525598,8.353774920873418,7.28
2025-11-21 11:30:00,7.56,7.206879,7.876708390993466,7.50424189096818,7.903316703372194,7.965737530836342,7.06
2025-11-21 12:00:00,7.5,7.2230597,7.107768676985232,7.156133097577018,6.529762937991735,7.867405281821788,6.57
2025-11-21 12:30:00,6.0,7.0307636,7.836263483709486,7.284497469697184,7.878613996242255,8.353774920873418,6.65
2025-11-21 13:00:00,8.5,7.722314,8.70471921412117,7.9148450113051485,8.679553264270288,8.516659321826795,7.95
2025-11-21 13:30:00,9.86,8.091965,7.877464125398482,7.96368574010075,9.726900244309984,8.924472233605046,8.82
2025-11-21 14:00:00,10.02,9.495914,9.658008119116124,9.510224661385664,10.418490057315122,9.3928986954622,9.82
2025-11-21 14:30:00,10.39,10.510046,9.894589263701189,10.8366597767102,9.430556249561617,11.39909806149461,10.97
2025-11-21 15:00:00,10.39,11.847577,11.274195150408422,11.620470355690816,9.35269307727772,12.473685468065916,12.07
2025-11-21 15:30:00,11.43,13.490418,12.819667543982234,13.195882288181496,12.562885002812628,13.208895493409887,13.88
2025-11-21 16:00:00,12.21,15.022673,15.0776145666872,15.006572201970137,14.120914220838232,13.582660166769609,15.69
2025-11-21 16:30:00,12.27,15.515637,15.389060377291074,15.928009339727945,14.34586237212215,14.923914011770886,16.41
2025-11-21 17:00:00,12.27,15.237839,14.425968247026509,15.152752162115265,14.68421492333722,14.406232750797065,16.05
2025-11-21 17:30:00,12.0,15.47457,14.860410766818305,15.058256961030825,14.095602994916064,14.211378086897,15.75
2025-11-21 18:00:00,10.95,15.121986,14.503533332154392,14.865230425744295,13.589383266357128,14.211378086897,14.34
2025-11-21 18:30:00,10.5,14.733654,14.364872457508303,14.758197074187455,13.725288046109734,14.179390988309674,13.64
2025-11-21 19:00:00,10.53,14.924586,14.388996327877877,14.669347565056643,13.924472693749276,14.211378086897,13.99
2025-11-21 19:30:00,10.56,14.255188,14.5006005146525,14.470374486750648,13.207916902278672,13.46070284451754,13.56
2025-11-21 20:00:00,11.05,14.314747,14.504875039008398,14.345509583516312,12.796507407378227,13.582660166769609,13.19
2025-11-21 20:30:00,11.05,13.889793,13.557569727467492,13.8877086106256,11.818869879061964,13.44797740639606,13.25
2025-11-21 21:00:00,10.39,14.107274,13.57822187229375,13.89331247819107,12.206403773564816,14.042991815402171,13.36
2025-11-21 21:30:00,9.72,12.975423,12.656284355389037,12.512240508634148,12.621887289452602,13.416680429508771,12.55
2025-11-21 22:00:00,9.72,12.748416,12.41562894451856,12.452857532487254,11.482185948055529,13.202264496687464,12.09
2025-11-21 22:30:00,9.62,11.965805,11.57002500096842,11.9781724531097,9.086224105970814,12.45750477789977,11.32
2025-11-21 23:00:00,9.72,11.8131075,10.804337422082977,11.614773742006305,8.721641876598548,11.344240612838934,11.33
2025-11-21 23:30:00,11.17,12.08018,10.770908972193288,11.58341879469855,9.290454687579508,10.83139720349999,11.25
2025-11-22 00:00:00,10.87,11.67641,11.092323027270387,11.458105692442428,9.59042885880844,11.180953122539114,11.35
2025-11-22 00:30:00,10.87,11.67641,11.114813547311392,11.317870272420503,9.31181457131304,9.923783820866312,10.96
2025-11-22 01:00:00,10.87,11.645602,11.044364184393814,11.306216436749745,9.064277394853685,9.923783820866312,11.03
2025-11-22 01:30:00,10.5,11.600124,11.044364184393814,11.20843835591552,9.22692640255068,9.870817557511112,11.12
2025-11-22 02:00:00,10.5,11.803157,11.065505826746062,11.351894601331471,9.31110663967342,10.83139720349999,10.96
2025-11-22 02:30:00,10.87,12.097466,11.201640789788916,11.50197640099549,9.821236264675944,11.180953122539114,11.37
2025-11-22 03:00:00,10.94,11.994657,11.17915026974791,11.49653903015223,9.654385745785946,11.180953122539114,11.1
2025-11-22 03:30:00,11.0,12.226213,11.466345540796375,11.869096104543043,10.065378683270335,11.348880059043385,11.13
2025-11-22 04:00:00,11.06,12.123404,11.342217867613098,11.918717292731005,10.39308100414182,11.348880059043385,11.23
2025-11-22 04:30:00,11.06,12.123404,11.563030699335137,12.094253227765744,10.489600174573953,11.39909806149461,11.56
2025-11-22 05:00:00,11.06,12.018692,11.499024570867403,12.084038799889989,10.359899455313313,11.92740603463244,11.1
2025-11-22 05:30:00,11.03,12.224749,11.696990769876416,12.250605909222616,11.035406931337622,12.21807509398078,11.43
2025-11-22 06:00:00,10.94,13.051667,12.616832060450898,12.848738455578342,12.109326978047578,13.369164630232936,11.98
2025-11-22 06:30:00,10.45,14.417511,13.854993958691184,13.726318714746698,12.977237489369324,13.44797740639606,12.52
2025-11-22 07:00:00,8.86,13.749371,12.48626424262814,12.647809561601184,12.295596196963812,13.26825176602713,11.19
2025-11-22 07:30:00,8.63,12.568289,11.929401982976522,12.408106074673656,11.206260446939313,13.105097405656725,10.36
2025-11-22 08:00:00,6.0,12.480142,11.97743414943711,11.68870144613888,12.121692943556855,13.106985697832734,10.26
2025-11-22 08:30:00,5.0,12.056982,10.65564512571824,10.79627889815654,11.833373012246406,12.57857066211709,10.29
2025-11-22 09:00:00,3.5,10.734508,10.202336188478816,10.233914107939016,11.769566413263476,11.187881022436446,9.64
2025-11-22 09:30:00,3.0,11.447311,9.802649271037962,10.156421725839426,11.798211314194983,9.340302995785247,8.96
2025-11-22 10:00:00,2.35,11.57367,11.378946621596963,10.169036531885949,11.687198464227098,8.931392701749362,8.4
2025-11-22 10:30:00,0.03,10.734816,11.28995895090934,10.501734460253164,12.296041267846771,8.356519120982403,7.92
2025-11-22 11:00:00,0.1,11.3736515,11.518448845410887,11.059739697390505,13.155329530314352,8.136959916014783,7.59
2025-11-22 11:30:00,1.0,10.501774,10.053347165139613,9.893500621342454,10.572335624850853,7.75435448440363,7.69
2025-11-22 12:00:00,1.24,8.15991,8.381861360108568,7.913948846665744,7.9366110438783215,7.732856686639216,7.35
2025-11-22 12:30:00,1.0,8.040919,8.8908156376671,7.929384679942037,8.53150300396961,7.965737530836342,6.73
2025-11-22 13:00:00,3.01,8.709326,10.141386914616623,8.668016814374484,9.103355556392268,8.516659321826795,8.22
2025-11-22 13:30:00,5.0,9.886202,9.491230743867558,9.265468519774736,10.636797081834173,8.924472233605046,9.29
2025-11-22 14:00:00,6.05,10.706034,9.13342073405706,9.33618378255664,12.291671469253568,9.3928986954622,9.8
2025-11-22 14:30:00,6.05,11.593427,9.845949552074831,10.966136762911312,12.096505998436752,11.39909806149461,10.43
2025-11-22 15:00:00,7.98,12.314252,11.670271840876923,11.972796032452402,11.093020118248088,12.473685468065916,11.37
2025-11-22 15:30:00,10.95,13.634793,13.204028113500716,13.29934578933666,13.575565624227016,13.208895493409887,12.59
2025-11-22 16:00:00,11.13,14.973164,15.981536524415851,15.340296393094356,14.614442413080257,14.179390988309674,13.47
2025-11-22 16:30:00,11.85,15.7472725,15.651088270008968,15.92098553610727,14.5574800847437,14.923914011770886,14.25
2025-11-22 17:00:00,12.0,15.292583,14.481118855972015,15.454571850173444,14.438482569628372,14.406232750797065,14.01
2025-11-22 17:30:00,12.0,15.482649,14.999917287418496,15.19263662159926,14.512063554986549,14.270457272833765,13.95
2025-11-22 18:00:00,12.05,14.985552,15.172736676053876,15.16916770130529,14.268757797675011,14.270457272833765,13.07
2025-11-22 18:30:00,12.7,14.457167,14.395807963260111,15.028998906451148,13.95171900847669,14.211378086897,12.8
2025-11-22 19:00:00,11.98,14.734719,14.264462565389538,14.719463704211211,13.686405106527893,14.270457272833765,12.98
2025-11-22 19:30:00,12.5,14.1500845,14.85157960419576,14.432914428612344,13.134527503484236,13.56279419354775,12.6
2025-11-22 20:00:00,12.0,14.186283,14.419808753851104,14.14771147416306,12.63507738532962,13.582660166769609,12.79
2025-11-22 20:30:00,11.85,13.594321,13.398751335304503,13.827874214539142,12.606586221524994,13.435627095734118,12.64
2025-11-22 21:00:00,11.62,13.885887,13.40053134895892,13.78194039925293,12.917672954947305,13.582660166769609,12.16
2025-11-22 21:30:00,11.41,12.894748,12.39632003613285,12.42711380578831,12.756750688453929,13.416680429508771,11.76
2025-11-22 22:00:00,11.37,12.711132,12.391271375233648,12.352349472110772,11.44640027986966,13.106985697832734,11.1
2025-11-22 22:30:00,11.27,11.965805,11.45548881288788,11.939305510652142,9.87339362524977,12.36684439954555,11.04
2025-11-22 23:00:00,11.03,11.8447695,11.029273219875474,11.513051028768238,9.228136912947104,11.273231737782892,10.72
2025-11-22 23:30:00,10.96,11.925346,11.08794168998998,11.585305986468237,9.71597310807288,10.605377854444276,11.05
2025-11-23 00:00:00,11.28,11.729755,11.26328295374105,11.58948814936126,10.073015194345455,11.180953122539114,10.9
2025-11-23 00:30:00,11.08,11.493207,10.960322947176545,10.98934885587155,9.522880003987678,9.85456210447275,10.68
2025-11-23 01:00:00,10.95,11.44521,10.874165269765095,10.937858642949838,9.35703109369897,9.870817557511112,10.77
2025-11-23 01:30:00,10.95,11.44521,10.950019981265916,10.796567454370694,9.566702948853226,9.85456210447275,10.61
2025-11-23 02:00:00,10.95,11.775303,11.19403693346784,11.47580630179715,9.413765036747614,10.605377854444276,10.71
2025-11-23 02:30:00,10.95,11.887017,11.241995776344414,11.523037156285977,9.897795878224809,10.83139720349999,10.87
2025-11-23 03:00:00,10.96,11.966803,11.241995776344414,11.590411417801214,9.92932500437702,11.180953122539114,10.93
2025-11-23 03:30:00,10.95,12.069613,11.25015207426679,11.80721354139157,10.040360523673415,11.187881022436446,10.89
2025-11-23 04:00:00,10.96,12.052595,11.55047822478952,11.956708483891903,10.642822326750876,11.348880059043385,10.99
2025-11-23 04:30:00,10.99,12.052595,11.46988222671803,11.975569673698075,10.4901881484275,11.348880059043385,11.0
2025-11-23 05:00:00,11.03,12.252226,11.64884285498582,11.976682322902152,10.49819854324243,11.92740603463244,11.14
2025-11-23 05:30:00,10.96,12.252226,11.76382306186724,12.17224198649621,11.366739971910148,12.21807509398078,11.16
2025-11-23 06:00:00,11.0,13.228607,12.766650344569314,12.78597227736397,12.733264653734343,13.416680429508771,11.56
2025-11-23 06:30:00,11.24,14.461371,14.42186017551608,14.104957599460253,13.5635104826044,13.46070284451754,11.86
2025-11-23 07:00:00,10.24,13.741141,12.63767833593757,12.887465887120296,13.223630123657797,13.26825176602713,10.32
2025-11-23 07:30:00,10.66,12.838406,12.266094697012193,12.380555271477538,11.875804766469988,13.105097405656725,10.01
2025-11-23 08:00:00,9.32,12.61052,11.910889437366736,11.442626220215711,12.344948122135447,13.089508514437254,8.95
2025-11-23 08:30:00,7.0,11.137714,10.400361830127991,10.3042486851088,11.153675452146592,11.273231737782892,8.43
2025-11-23 09:00:00,7.0,9.667323,9.078260690907172,9.1333106314199,9.368617712980711,9.291207996034828,7.71
2025-11-23 09:30:00,8.0,8.651705,8.27640980267532,8.587547047425055,9.35038870616537,8.800452775502588,6.95
2025-11-23 10:00:00,6.75,7.476987,9.11338709827782,7.8831412777856515,8.566534531820984,8.353774920873418,6.54
2025-11-23 10:30:00,6.03,7.349645,9.128508239230667,7.804604470706858,8.317276384543248,7.867405281821788,5.67
2025-11-23 11:00:00,6.02,6.4354186,6.594426289442088,6.919927348959377,7.811351755339815,7.867405281821788,5.69
2025-11-23 11:30:00,6.05,6.419168,6.624713927878746,6.872661334048013,7.876568326385914,7.732856686639216,6.07
2025-11-23 12:00:00,6.05,6.7961802,7.359488224697359,6.196535363137717,6.709948059113061,7.586680814940996,5.75
2025-11-23 12:30:00,6.09,6.3265195,7.146725947690061,6.554054816621835,6.745230553563238,7.850214615892814,5.53
2025-11-23 13:00:00,6.79,7.1355734,8.694052469395704,8.029454387222136,9.122554271423912,8.358820706538975,6.6
2025-11-23 13:30:00,6.04,8.160626,8.30600667769564,8.652095268010878,11.272182973678982,8.516659321826795,7.63
2025-11-23 14:00:00,7.0,9.622326,9.536048082859455,9.2377855808895,11.263188297561411,8.933845495370813,8.23
2025-11-23 14:30:00,7.87,10.393385,9.938013882577094,9.49641481857488,11.631454210279026,9.291207996034828,8.77
2025-11-23 15:00:00,10.64,11.578001,11.011291122381143,11.317134698615911,11.531705491909976,11.344240612838934,9.93
2025-11-23 15:30:00,11.03,12.710275,12.407373660060204,12.890449257078824,14.021791215176288,13.12382667810645,11.91
2025-11-23 16:00:00,11.58,14.861658,15.510273422879594,14.87330288157457,14.740472146102723,13.44797740639606,12.66
2025-11-23 16:30:00,12.15,15.559816,15.212699613864016,15.539403180066904,15.142366811259642,14.72231459480538,13.06
2025-11-23 17:00:00,11.64,14.952095,14.55450293873971,15.386978815351895,14.749866874765637,14.270457272833765,13.18
2025-11-23 17:30:00,12.7,15.380554,14.88590176970716,15.288645646316144,16.176524750907,14.270457272833765,13.11
2025-11-23 18:00:00,12.72,14.846173,15.12642936826936,15.05084388579823,14.921996451109312,14.270457272833765,12.62
2025-11-23 18:30:00,12.5,14.532013,14.525788785544911,14.83744079184971,15.09990496283882,14.179390988309674,12.77
2025-11-23 19:00:00,12.7,14.760188,14.47340772638346,14.900771515278946,14.532182071959443,14.211378086897,12.28
2025-11-23 19:30:00,11.85,14.201808,14.681717824072638,14.414653632828117,14.75104113596622,13.44797740639606,12.51
2025-11-23 20:00:00,11.7,14.184226,14.599259881054948,14.355181431456716,13.855302314427428,13.582660166769609,12.31
2025-11-23 20:30:00,11.56,13.816067,13.34625430541772,13.81751717424666,13.84627454160578,13.435627095734118,12.14
2025-11-23 21:00:00,11.5,14.065838,13.460761077886062,13.758574883011535,13.810104124000867,13.435627095734118,11.76
2025-11-23 21:30:00,11.21,12.969202,12.444407542844306,12.209134033198389,13.457840214419544,13.416680429508771,11.0
2025-11-23 22:00:00,11.18,12.872249,12.078810327495168,12.4296959359751,12.539071949320496,13.106985697832734,10.89
2025-11-23 22:30:00,11.13,12.023137,11.154322728081464,11.96570375554561,10.664242449890358,12.21807509398078,10.46
2025-11-23 23:00:00,11.0,11.878169,10.728107135069058,11.552512537974778,10.136776385399491,11.180953122539114,10.5
2025-11-23 23:30:00,10.95,12.028156,10.758891417068623,11.630526915813409,10.54186574917182,10.605377854444276,10.33
2025-11-24 00:00:00,11.06,11.867321,10.704136696447566,11.369225984258916,11.041924255908189,10.605377854444276,10.59
2025-11-24 00:30:00,11.05,11.630773,10.737942163832049,11.009732065046196,10.751589419938789,9.85456210447275,10.37
2025-11-24 01:00:00,10.99,11.628254,10.876227513698234,10.97862860010562,10.486387535047392,9.693669673973298,10.4
2025-11-24 01:30:00,10.95,11.582776,10.876227513698234,10.830563539507404,10.351608081741764,9.693669673973298,10.43
2025-11-24 02:00:00,10.99,11.709161,11.127418258773655,11.019477831567391,10.203429475655245,9.85456210447275,10.55
2025-11-24 02:30:00,10.99,11.921772,11.17537710165023,11.59741760258166,10.570979678930136,10.83139720349999,10.59
2025-11-24 03:00:00,11.03,12.123372,11.152886581609229,11.6024003638319,10.64165522085342,11.180953122539114,10.61
2025-11-24 03:30:00,11.0,12.104368,11.28517055271488,11.835234534589691,10.183813181908642,11.273231737782892,10.61
2025-11-24 04:00:00,11.06,12.190161,11.448801569106898,12.004752045806445,10.78288146953709,11.348880059043385,10.66
2025-11-24 04:30:00,11.06,12.28332,11.504900705166122,12.082033208084434,10.88944979383006,11.39909806149461,10.73
2025-11-24 05:00:00,11.11,12.37992,11.429599613766326,12.064863596338643,11.14507428498588,11.92740603463244,10.85
2025-11-24 05:30:00,11.0,12.47308,11.756693939521796,12.151964655297784,11.755168669002831,12.21807509398078,10.9
2025-11-24 06:00:00,11.19,13.32062,12.66624618690206,12.966337536186805,12.486253520550362,13.26825176602713,11.34
2025-11-24 06:30:00,11.37,14.462049,13.610935253826504,14.0655768963447,14.07234470331842,13.435627095734118,11.83
2025-11-24 07:00:00,11.53,13.963206,12.497479987359714,12.935636779921037,13.570206097588477,13.208895493409887,10.82
2025-11-24 07:30:00,11.04,12.899466,12.102753669302109,12.611481329568935,12.22190992825436,13.105097405656725,10.62
2025-11-24 08:00:00,10.95,12.367123,11.85098775086557,11.909279139232272,12.671127787160094,12.994759201352997,9.8
2025-11-24 08:30:00,10.57,10.952672,10.71403482181544,10.28383715480338,11.89507300792576,11.180953122539114,9.2
2025-11-24 09:00:00,10.24,10.272114,9.608553465096076,8.823463257970182,10.722938633449486,8.924472233605046,8.81
2025-11-24 09:30:00,8.98,9.052093,9.686458306831936,8.724749753351116,10.331804002356876,8.36034559384442,8.75
2025-11-24 10:00:00,8.87,8.31456,9.934063252845265,7.848400451088432,9.495234451949198,7.75435448440363,8.02
2025-11-24 10:30:00,7.67,7.2391295,8.435415041349009,7.156964729902866,8.082974422998939,7.732856686639216,7.46
2025-11-24 11:00:00,8.4,6.6967216,6.979045881571607,7.078548771495298,6.5733807624352645,7.75435448440363,7.4
2025-11-24 11:30:00,7.79,6.2851543,7.477987351376032,6.672007999436958,6.082023061427658,7.072533653846468,7.27
2025-11-24 12:00:00,6.95,6.1930366,6.607583536596367,6.636913838778384,5.326295229946191,7.0607999930633865,7.14
2025-11-24 12:30:00,6.69,6.747817,7.323722205488487,6.5431440705681085,6.119383458113727,7.732856686639216,7.23
2025-11-24 13:00:00,9.31,7.593223,8.409610474420713,8.057321650386546,7.109489866872199,7.965737530836342,8.06
2025-11-24 13:30:00,9.53,8.014267,7.971535122878901,8.094906771665652,8.07269675249582,8.353774920873418,8.5
2025-11-24 14:00:00,10.92,9.442988,9.943038814664718,9.253268050620926,9.594537901528907,8.516659321826795,9.35
2025-11-24 14:30:00,10.95,10.77632,10.77655158842697,9.58412208420169,10.741669463073984,8.933845495370813,9.74
2025-11-24 15:00:00,11.19,11.086956,10.550354521755905,11.092015344181377,11.42720049499345,10.83139720349999,11.28
2025-11-24 15:30:00,12.19,12.6663,12.994555049532694,12.460665783331017,12.75299346112968,13.106985697832734,12.54
2025-11-24 16:00:00,13.0,14.451351,14.531022021407448,14.38557827835944,14.68403191819141,13.44797740639606,13.39
2025-11-24 16:30:00,12.99,15.220312,14.79529373159426,15.203983178342336,15.472558714493244,14.211378086897,14.03
2025-11-24 17:00:00,12.7,15.09405,14.506165764401365,15.271196708071884,14.875154450735517,14.270457272833765,13.97
2025-11-24 17:30:00,12.91,15.112974,14.53662177586674,15.123477953341302,15.456460105548084,14.270457272833765,14.04
2025-11-24 18:00:00,14.0,14.6898155,14.98873063051168,14.681652460635854,15.6214219217493,14.211378086897,13.6
2025-11-24 18:30:00,12.77,14.237348,14.186437474391196,14.610565958568008,15.485898513007426,14.155377253813322,13.53
2025-11-24 19:00:00,12.73,14.187095,13.996083203368688,14.69704546898689,14.476110932419346,14.122359787926149,13.4
2025-11-24 19:30:00,12.66,14.123907,14.336025859957376,14.200478952157791,15.01827406714318,13.44797740639606,13.15
2025-11-24 20:00:00,12.0,14.038459,14.243960175684895,13.726194758964676,14.03586332399916,13.47445693785932,13.28
2025-11-24 20:30:00,12.59,13.6169195,13.382811770100703,13.157611846254136,13.607210793199322,13.416680429508771,12.93
2025-11-24 21:00:00,12.5,13.351164,12.961023148659006,12.849931973440334,13.852666300788256,13.328394732795877,12.57
2025-11-24 21:30:00,11.64,12.823372,12.410435474933902,12.234222629783943,13.673143610593048,13.202264496687464,11.88
2025-11-24 22:00:00,11.56,12.609923,12.075653618044615,12.223876798498882,12.683065267783777,13.105097405656725,11.62
2025-11-24 22:30:00,12.15,11.963599,11.106608075319588,11.519403794113847,10.736423136442331,11.180953122539114,11.39
2025-11-24 23:00:00,11.54,11.940522,11.034609117360494,11.32344982171847,10.662262793406878,11.180953122539114,11.21
2025-11-24 23:30:00,11.24,11.858604,10.874728958108646,10.99537972603444,10.518614977509849,9.870817557511112,11.25
2025-11-25 00:00:00,11.85,11.927124,10.690521700240618,11.397634095914524,10.403926227504618,9.923783820866312,11.29
2025-11-25 00:30:00,11.82,11.580999,10.483424173300202,10.786264938282608,10.426109541686015,9.693669673973298,11.1
2025-11-25 01:00:00,11.82,11.563809,10.548964238381084,10.716135245842809,10.23649178656805,9.3928986954622,11.12
2025-11-25 01:30:00,11.82,11.563809,10.548964238381084,10.754209853541642,10.13711106163247,9.3928986954622,10.89
2025-11-25 02:00:00,11.77,11.642578,10.837201965244628,10.82582672178894,10.40790904215234,9.3928986954622,11.14
2025-11-25 02:30:00,11.84,11.90529,11.114251060405897,11.35125901178881,10.285908238627014,10.576270884174416,11.26
2025-11-25 03:00:00,11.7,12.087886,11.09176054036489,11.387065359030933,10.685095062777645,10.576270884174416,11.33
2025-11-25 03:30:00,11.37,12.087886,11.09176054036489,11.65854497704768,10.448704913616243,10.83139720349999,11.3
2025-11-25 04:00:00,12.0,12.190626,11.161006560638102,11.780416044609156,10.87530208926038,11.187881022436446,11.46
2025-11-25 04:30:00,12.23,12.249963,11.49173350679836,11.98897989098175,11.109513729303112,11.348880059043385,11.59
2025-11-25 05:00:00,11.73,12.217352,11.416432415398566,12.004133283741542,11.00609167168454,11.348880059043385,11.68
2025-11-25 05:30:00,12.66,12.217352,11.659399172134083,12.336179159727529,11.179021077857165,11.92740603463244,11.75
2025-11-25 06:00:00,12.92,13.01491,12.043495052026072,12.706185036413965,12.616383062959644,13.202264496687464,12.17
2025-11-25 06:30:00,15.46,13.961656,13.16738215362908,13.448280674437152,13.668896104544976,13.26825176602713,12.62
2025-11-25 07:00:00,15.0,13.379533,12.138351702672209,12.669913891894389,13.311908535716965,13.208895493409887,11.76
2025-11-25 07:30:00,13.07,12.641604,11.812637139903783,12.431728352864004,12.580585521118143,13.105097405656725,11.41
2025-11-25 08:00:00,12.88,12.107186,11.47330400445666,11.69444956086132,12.281761884175316,12.46802498855974,10.77
2025-11-25 08:30:00,15.0,11.839477,11.253231400840033,10.4401132038919,12.178287766185088,10.576270884174416,10.44
2025-11-25 09:00:00,11.0,10.312068,10.696201536760867,9.6454087769745,11.866365979078072,8.516659321826795,10.22
2025-11-25 09:30:00,10.03,10.36099,11.158350930024271,9.535728014861371,11.59593071453971,8.358820706538975,9.51
2025-11-25 10:00:00,8.5,10.188559,11.590861797308808,9.534721810177214,11.059475804284585,7.732856686639216,9.19
2025-11-25 10:30:00,7.91,10.69631,11.146128918008388,9.788833527203916,10.589098946171903,7.732856686639216,8.31
2025-11-25 11:00:00,7.89,10.153469,10.497827426548604,9.646264413986838,10.62157081799728,7.811469882664264,8.59
2025-11-25 11:30:00,7.89,10.08783,10.43707565850352,9.728047679658708,11.030942389216795,7.586680814940996,8.33
2025-11-25 12:00:00,7.89,9.942194,10.401854100144805,10.795512414540864,10.042407857100548,7.0607999930633865,7.72
2025-11-25 12:30:00,8.45,10.039935,9.77576512388597,9.476019059549202,10.165005567270812,7.586680814940996,7.69
2025-11-25 13:00:00,9.5,10.082895,9.289207355022889,9.273163323917451,12.045220925192709,8.136959916014783,9.17
2025-11-25 13:30:00,12.62,9.827568,9.016176403844204,8.800785091649377,11.997401410621698,8.136959916014783,9.56
2025-11-25 14:00:00,13.62,10.555384,9.399232257829135,9.105992899654384,11.315077399612802,8.49955534376255,10.43
2025-11-25 14:30:00,14.0,11.065263,9.637028659201654,9.78908905086043,12.03336513180049,8.850576968062533,11.24
2025-11-25 15:00:00,13.0,11.309624,11.19707553175453,11.357522408282088,11.9813102383609,10.83139720349999,12.07
2025-11-25 15:30:00,15.58,13.217562,12.605576519608796,12.490845589723062,13.71464287514424,13.199222194920074,13.51
2025-11-25 16:00:00,15.73,14.427915,14.001294154494373,14.4061208953271,15.676973714203532,13.44797740639606,14.59
2025-11-25 16:30:00,15.73,15.196873,15.99069604185048,15.014167052031556,15.66349665012514,14.122359787926149,14.88
2025-11-25 17:00:00,15.73,14.906364,15.576702394182291,15.111032018453718,14.870188806532438,14.270457272833765,14.9
2025-11-25 17:30:00,15.58,15.166674,14.933588220696125,15.189387281476735,15.706189186565728,14.270457272833765,14.93
2025-11-25 18:00:00,15.5,14.745352,15.498901728234012,14.69846937489296,15.681141051221182,14.179390988309674,14.8
2025-11-25 18:30:00,15.53,14.420068,14.70437355747566,14.463580149423716,15.333457028955827,13.582660166769609,14.14
2025-11-25 19:00:00,15.61,14.419193,14.427733137756675,14.556517040662731,14.656626081197274,14.122359787926149,14.19
2025-11-25 19:30:00,15.0,14.332063,14.682842683407657,14.062013272199849,14.843187170691628,13.44797740639606,13.95
2025-11-25 20:00:00,14.12,14.242783,14.171617031623546,13.726736619400596,13.855161373097408,13.47445693785932,13.59
2025-11-25 20:30:00,13.5,13.6184025,13.07573586973195,13.019674615615267,13.451318113460356,13.369164630232936,13.56
2025-11-25 21:00:00,12.92,13.477501,12.786943862532176,12.569348817374443,13.38905018725564,13.26825176602713,13.22
2025-11-25 21:30:00,11.97,12.8935585,12.055007905417233,12.151356184188986,13.345548995420533,13.199222194920074,12.61
2025-11-25 22:00:00,14.18,12.918713,12.046435136318731,12.102656349113069,12.849348716399222,13.105097405656725,12.15
2025-11-25 22:30:00,14.0,12.202978,11.16421683607122,11.604855741318868,10.81543722228601,11.180953122539114,12.05
2025-11-25 23:00:00,12.87,12.022635,11.080104791721183,11.301964154528171,10.747427335782351,11.180953122539114,11.78
2025-11-25 23:30:00,12.0,11.681155,10.896387337361714,10.778174789250157,10.272632990857897,9.85456210447275,11.6
2025-11-26 00:00:00,11.92,11.927124,10.658833650244338,11.415358026269049,10.329256471389275,10.605377854444276,11.99
2025-11-26 00:30:00,11.85,11.635743,10.538563365781442,10.724862527550853,10.247907345913438,9.693669673973298,11.71
2025-11-26 01:00:00,11.73,11.490136,10.483278638255811,10.64161333881284,10.238028677675914,9.3928986954622,11.91
2025-11-26 01:30:00,11.37,11.563809,10.483278638255811,10.750932621511444,10.396267682776475,9.3928986954622,11.84
2025-11-26 02:00:00,11.5,11.642578,10.771516365119355,10.847068226122255,10.136761677513707,9.3928986954622,11.72
2025-11-26 02:30:00,11.35,11.824383,11.010139649247344,11.362274536426217,10.24096536061328,9.923783820866312,11.95
2025-11-26 03:00:00,11.7,12.087886,11.053334729331612,11.42894772571394,10.05191722043667,10.576270884174416,11.88
2025-11-26 03:30:00,11.7,12.087886,11.053334729331612,11.575323917627372,10.583338052145502,10.576270884174416,11.77
2025-11-26 04:00:00,11.85,12.114342,11.097112426769256,11.564066727149603,10.923454775914342,10.83139720349999,12.05
2025-11-26 04:30:00,11.7,12.15982,11.141220277708634,11.6489595893366,10.876671993689827,10.83139720349999,12.25
2025-11-26 05:00:00,11.85,12.1177435,11.220830486251652,11.889718337865425,10.95975326407818,11.348880059043385,12.05
2025-11-26 05:30:00,12.07,12.194028,11.268789329128223,12.130500378518215,11.27211833991689,11.348880059043385,12.41
2025-11-26 06:00:00,12.98,12.536656,11.83095733254245,12.534107021857563,12.431732578620643,13.202264496687464,12.95
2025-11-26 06:30:00,15.49,13.82,12.94060300232343,13.222297277111792,13.56584407370452,13.26825176602713,14.05
2025-11-26 07:00:00,14.67,13.163705,12.24015767917711,12.401188303799826,13.924569481936272,13.208895493409887,13.6
2025-11-26 07:30:00,12.39,12.463025,11.978979508816572,12.253308591584096,12.64159724062999,13.105097405656725,12.52
2025-11-26 08:00:00,11.85,11.968752,11.547980805911976,11.688213790226364,12.27727194543878,12.57857066211709,11.88
2025-11-26 08:30:00,11.34,11.621244,10.343968267804684,9.953384095574297,10.800309533587123,10.576270884174416,12.36
2025-11-26 09:00:00,11.15,9.979261,8.74768563413017,8.824781682408354,10.035524607233866,8.535154123642926,10.7
2025-11-26 09:30:00,11.0,8.699668,9.15241583269786,8.148271720635313,9.907410697528832,8.358820706538975,9.99
2025-11-26 10:00:00,10.88,7.8819146,7.778260466668611,7.676886032755484,8.15569975506239,7.867405281821788,9.26
2025-11-26 10:30:00,10.66,6.93003,8.579600062533839,6.877729911442628,8.47151662145643,7.75435448440363,8.52
2025-11-26 11:00:00,10.36,6.926657,8.046847600564304,7.425739683467657,6.303873931278198,7.867405281821788,8.31
2025-11-26 11:30:00,10.29,7.2900934,7.90856077779417,7.415149166820396,6.663539359439608,7.492382594314744,8.18
2025-11-26 12:00:00,9.33,6.8531804,7.868388592676493,7.269419582918388,6.3064578838970125,7.0607999930633865,7.68
2025-11-26 12:30:00,9.78,7.1327376,8.098103241094778,7.132403911775346,6.598095763667682,7.471945320883604,7.9
2025-11-26 13:00:00,10.5,7.956937,8.799902962864989,7.799285669504202,7.794198286051584,8.136959916014783,9.11
2025-11-26 13:30:00,10.69,8.95014,9.031576512225708,8.498304460725839,9.320768265298618,8.353774920873418,10.79
2025-11-26 14:00:00,10.94,10.6518135,10.282057523507994,9.211458718774098,10.123848910017704,8.516659321826795,11.49
2025-11-26 14:30:00,11.24,11.305249,10.525566093714051,10.103246348876654,11.194965987767803,8.933845495370813,11.92
2025-11-26 15:00:00,12.7,12.251944,11.120327569795428,11.468934424602706,11.350453534284387,11.180953122539114,12.44
2025-11-26 15:30:00,15.46,13.651388,12.670761701193683,12.835517998434042,12.249766043818369,13.202264496687464,14.65
2025-11-26 16:00:00,15.43,14.508094,14.274818963283115,14.186676936040032,14.41306923254422,13.56279419354775,14.96
2025-11-26 16:30:00,15.58,15.327844,15.970909964018643,15.113028170872177,14.571558062590691,14.211378086897,15.45
2025-11-26 17:00:00,14.47,15.321847,15.92192671966066,15.142856438656676,15.171507559384857,14.270457272833765,15.61
2025-11-26 17:30:00,14.49,15.284603,15.026490390319642,15.16761619095124,15.944340081465514,14.270457272833765,15.56
2025-11-26 18:00:00,14.47,14.92728,15.659369984760126,14.910084745114798,15.513382822554846,14.211378086897,15.09
2025-11-26 18:30:00,13.16,14.602557,14.736127395968706,14.842422272336789,15.642923331432849,14.155377253813322,14.85
2025-11-26 19:00:00,15.08,14.602557,14.704044755933058,14.546158808706997,15.747790204705504,14.155377253813322,14.78
2025-11-26 19:30:00,15.46,14.361371,14.748556161701714,14.172165975818304,15.000098336569248,13.46070284451754,14.42
2025-11-26 20:00:00,15.0,14.234849,14.289094585485346,13.843954380353582,13.858283093794698,13.47445693785932,13.9
2025-11-26 20:30:00,13.25,13.993826,13.46753441153285,13.37424721560641,13.556602724751128,13.435627095734118,13.54
2025-11-26 21:00:00,15.0,13.532245,12.90295117806927,12.63025892710575,13.600211477589296,13.26825176602713,13.12
2025-11-26 21:30:00,12.91,12.995949,12.308002930456723,11.997766568598148,13.160594769294056,13.199222194920074,12.26
2025-11-26 22:00:00,12.92,12.995949,12.083800113940052,12.19783644392868,12.900840834807418,13.105097405656725,12.7
2025-11-26 22:30:00,12.83,12.361315,11.416151203030228,11.889743997102654,10.80422958185152,11.39909806149461,12.48
2025-11-26 23:00:00,12.37,12.25461,11.080104791721183,11.403685841098302,10.666918658602182,11.180953122539114,12.31
2025-11-26 23:30:00,11.5,11.681155,10.907276157780563,10.801545256615222,10.275106687707035,9.85456210447275,11.67
2025-11-27 00:00:00,11.3,11.954601,11.086009305936091,11.613742319364894,10.53113231305694,10.83139720349999,11.62
2025-11-27 00:30:00,11.72,11.694028,10.869876541849107,11.059381636595896,10.385029935771886,9.85456210447275,11.48
2025-11-27 01:00:00,11.27,11.667572,10.681055765250802,10.959181924204351,10.326928278381668,9.85456210447275,11.51
2025-11-27 01:30:00,11.18,11.746341,10.848589364452469,11.030094124170343,10.24633073070008,9.85456210447275,11.35
2025-11-27 02:00:00,11.34,11.928145,11.2504197526223,11.549227044424809,10.168321560035958,10.605377854444276,11.34
2025-11-27 02:30:00,11.27,11.928145,11.2504197526223,11.471928465826698,10.17553249034053,11.180953122539114,11.52
2025-11-27 03:00:00,11.18,12.123592,11.17997038970472,11.423441248973395,10.310684939571566,11.180953122539114,11.6
2025-11-27 03:30:00,11.3,12.123592,11.137467413324757,11.426325474956382,10.86591875647436,10.83139720349999,11.54
2025-11-27 04:00:00,11.35,12.240191,11.5364116810264,11.824413768091576,11.116747448989916,11.348880059043385,11.8
2025-11-27 04:30:00,11.82,12.277441,11.544370332106626,12.05128532607551,11.450975004252024,11.348880059043385,11.78
2025-11-27 05:00:00,11.85,12.221506,11.29447994006336,11.937658548171587,11.390796077627886,11.348880059043385,11.69
2025-11-27 05:30:00,12.13,12.192631,11.53744669679888,12.109778085950968,11.41665014514514,11.92740603463244,11.89
2025-11-27 06:00:00,15.08,12.778274,12.018525497504648,12.25613064008075,12.661107551209197,13.208895493409887,12.57
2025-11-27 06:30:00,16.04,14.311106,13.609605432856094,13.65951447729958,13.986739357969295,13.435627095734118,13.94
2025-11-27 07:00:00,14.3,13.832081,12.470803781835386,12.62735324694098,14.0325951917868,13.208895493409887,13.07
2025-11-27 07:30:00,12.24,12.793503,12.160180694224142,12.290865591678823,12.957875793492894,13.105097405656725,12.02
2025-11-27 08:00:00,12.5,12.451062,11.891162951123976,12.120597954472483,12.497974989827837,13.105097405656725,11.4
2025-11-27 08:30:00,10.32,12.510906,11.681341609085791,11.445978384080329,12.18181746624304,11.39909806149461,11.03
2025-11-27 09:00:00,10.0,11.602113,10.980618106020934,10.707716190297424,12.12860330967039,9.693669673973298,10.73
2025-11-27 09:30:00,8.5,11.057355,11.702908172770174,10.3348748847488,13.127454698951729,8.516659321826795,10.25
2025-11-27 10:00:00,8.29,11.203103,11.064011758709288,10.997948487802876,12.305998538661166,8.49955534376255,9.93
2025-11-27 10:30:00,6.84,10.768414,12.422257965812896,9.947870289953729,11.826222588988133,8.136959916014783,9.23
2025-11-27 11:00:00,6.24,10.755551,11.81245280330387,9.633875918435333,11.83394571182254,8.358820706538975,9.09
2025-11-27 11:30:00,6.24,9.362172,9.788560650797738,8.673119941677923,9.254693330501922,7.75435448440363,8.94
2025-11-27 12:00:00,6.23,7.731245,8.372617967834435,7.56571356263576,7.988011859764611,7.586680814940996,8.26
2025-11-27 12:30:00,8.0,8.097676,8.34127844717701,7.6964889642103005,7.3454891223977725,7.732856686639216,8.69
2025-11-27 13:00:00,10.61,8.389312,9.42687368222283,8.21336577996803,9.869905829967273,8.36034559384442,9.53
2025-11-27 13:30:00,11.22,9.41244,9.385899707418387,8.837244136945275,10.748073177217549,8.36034559384442,10.34
2025-11-27 14:00:00,11.65,10.74748,10.119473069302556,9.02704677787134,9.579468168439655,8.924472233605046,10.93
2025-11-27 14:30:00,14.24,11.033269,10.149250253277328,9.73421487980377,11.441141646732454,9.27528525438898,11.19
2025-11-27 15:00:00,14.5,11.825386,11.156769794450485,11.506713575659536,12.995754726551704,12.36684439954555,12.21
2025-11-27 15:30:00,14.85,13.775473,13.36750034090312,13.1747236578747,14.26890396750832,13.328394732795877,14.37
2025-11-27 16:00:00,14.47,14.962051,14.92086795263259,14.545931684303197,15.530655203966791,14.042991815402171,14.99
2025-11-27 16:30:00,15.05,15.630822,15.47069655791341,15.361303399634457,15.71736767081754,14.270457272833765,15.23
2025-11-27 17:00:00,15.0,15.535651,15.16591577834373,15.289487582840696,15.3841170639533,14.270457272833765,14.47
2025-11-27 17:30:00,14.0,15.460659,15.058599544627342,15.325711851467709,16.385273675084303,14.270457272833765,14.88
2025-11-27 18:00:00,13.0,15.221415,15.469377696068817,15.1658530964455,15.625328434725157,14.270457272833765,14.7
2025-11-27 18:30:00,13.0,15.1442795,15.05801220603675,15.114560308087812,15.720391592460452,14.211378086897,13.86
2025-11-27 19:00:00,13.0,15.221415,14.877034155164749,14.95275993447718,15.882260998226812,14.211378086897,14.66
2025-11-27 19:30:00,12.37,14.787151,15.374842236892311,14.740187501773834,16.040818482215077,14.042991815402171,14.54
2025-11-27 20:00:00,12.19,14.410206,14.665236388519183,14.245078864542911,14.061496055309126,13.44797740639606,14.19
2025-11-27 20:30:00,12.24,14.1678095,13.46610695427356,13.645595746176308,14.253756355591731,13.435627095734118,13.27
2025-11-27 21:00:00,11.97,13.808837,12.997542033890808,12.88007598474832,14.013100887630896,13.26825176602713,13.74
2025-11-27 21:30:00,11.56,13.274293,12.49319523824714,12.302738989331232,13.413573923664556,13.202264496687464,12.71
2025-11-27 22:00:00,10.89,13.274293,12.548275520554173,12.349441689659727,12.976390555383697,13.202264496687464,12.74
2025-11-27 22:30:00,11.19,12.615357,11.715726346581116,11.909852480780506,11.025532301982947,12.11940899357585,12.3
2025-11-27 23:00:00,11.13,12.481607,11.128063634597758,11.57085414788162,10.457762649400037,11.348880059043385,12.33
2025-11-27 23:30:00,10.95,11.836208,11.303673592028154,11.036825101482044,10.281836991220596,9.870817557511112,11.64
2025-11-28 00:00:00,10.6,11.954601,11.108499825977097,11.463526082642051,10.452850274492604,10.83139720349999,11.61
2025-11-28 00:30:00,10.54,11.735547,10.869876541849107,10.945617995061932,10.038755174595558,9.85456210447275,11.43
2025-11-28 01:00:00,10.51,11.630322,10.732768630463044,11.081357003929035,10.090914861139588,9.85456210447275,11.39
2025-11-28 01:30:00,10.51,11.718863,10.732768630463044,11.068383598295672,10.029195886384048,9.85456210447275,11.39
2025-11-28 02:00:00,10.6,11.900667,11.05809849212392,11.59502404848046,10.105588656970893,10.83139720349999,11.44
2025-11-28 02:30:00,10.6,12.16417,11.066057143204146,11.724845510410823,10.136353454495389,11.180953122539114,11.54
2025-11-28 03:00:00,10.77,12.133364,10.98764912920634,11.585702064028208,10.25165758102049,11.180953122539114,11.55
2025-11-28 03:30:00,10.78,12.133364,10.98764912920634,11.724301595605548,10.646235622011964,11.180953122539114,11.51
2025-11-28 04:00:00,10.87,12.249963,11.432266540694297,12.025446506354587,11.041880641445772,11.348880059043385,11.72
2025-11-28 04:30:00,10.89,12.249963,11.41773467173352,12.05095070860098,11.23760941784636,11.348880059043385,11.88
2025-11-28 05:00:00,11.0,12.263438,11.21034725607022,11.992015298842256,11.211111934688027,11.348880059043385,11.89
2025-11-28 05:30:00,11.08,12.263438,11.56829421968716,12.363516490865958,10.76663779201268,11.92740603463244,12.03
2025-11-28 06:00:00,11.27,12.943741,12.438129862031207,12.710491921691178,12.402996696690192,13.208895493409887,13.43
2025-11-28 06:30:00,11.7,14.739435,14.102284134313631,14.401620068226991,14.100619617527435,13.46070284451754,14.16
2025-11-28 07:00:00,10.82,13.886661,12.468485209984928,13.018199117551278,13.728828062088434,13.208895493409887,13.57
2025-11-28 07:30:00,10.8,12.829717,12.128354601227178,12.743911493018858,12.511098735713343,13.105097405656725,12.38
2025-11-28 08:00:00,11.08,12.256806,11.715423220013362,12.256950037881134,11.481633836261484,12.964080624373418,11.83
2025-11-28 08:30:00,10.95,11.605615,10.403615788112916,10.463920863717217,10.933527269421331,11.273231737782892,11.05
2025-11-28 09:00:00,10.03,10.55706,9.204779397614248,9.133742767634956,10.454997031532551,9.693669673973298,10.71
2025-11-28 09:30:00,9.7,9.098084,8.097777670020381,8.455542822504873,10.413377819305683,8.516659321826795,9.59
2025-11-28 10:00:00,8.3,8.123961,6.4070678967455645,7.939571494577363,9.28560996224804,8.49955534376255,9.38
2025-11-28 10:30:00,7.5,7.2787,7.558339145001211,7.373014906962152,7.637630085121163,8.136959916014783,8.54
2025-11-28 11:00:00,8.81,6.4348335,6.124872290682223,6.157386005845672,6.866445623879294,8.353774920873418,8.18
2025-11-28 11:30:00,5.0,6.3908033,6.171613266930411,6.43613421207392,6.056071329694092,7.732856686639216,7.93
2025-11-28 12:00:00,4.37,6.299839,6.327554552062999,5.905672157172022,6.169974598568464,7.395901749443297,7.7
2025-11-28 12:30:00,4.37,6.1181426,5.900739066613826,6.206377336121653,4.219923289855269,7.732856686639216,8.46
2025-11-28 13:00:00,3.5,6.690383,7.029191454164645,7.2794673413576465,7.021946234591889,8.36034559384442,9.9
2025-11-28 13:30:00,7.5,7.672608,8.29088886451264,8.437106251658168,8.719037527392224,8.358820706538975,10.59
2025-11-28 14:00:00,9.51,9.698527,9.07147102249504,8.47893725493824,8.526122258246087,8.516659321826795,11.39
2025-11-28 14:30:00,9.87,10.999798,10.118231546273922,9.291757197104667,9.90109820452502,8.850576968062533,12.33
2025-11-28 15:00:00,11.03,11.705266,10.781341653410523,11.221639394887738,11.58625493108923,10.83139720349999,12.93
2025-11-28 15:30:00,11.85,13.462338,12.878497886783322,12.977830205414708,12.605929498626995,13.202264496687464,14.47
2025-11-28 16:00:00,13.0,14.875765,14.455064064088536,14.328720352943815,14.326961924746112,13.582660166769609,14.61
2025-11-28 16:30:00,13.02,15.366,14.859495231631367,15.183937620097414,15.376091341645518,14.270457272833765,15.05
2025-11-28 17:00:00,12.5,15.446398,15.1403932693008,15.085181390563903,15.7658237288479,14.270457272833765,15.06
2025-11-28 17:30:00,12.18,15.486097,15.16215220931688,15.109665682973525,15.157582098862742,14.270457272833765,14.58
2025-11-28 18:00:00,12.24,15.106729,15.364226893729144,14.90284334148357,14.6237884299953,14.211378086897,14.16
2025-11-28 18:30:00,11.57,14.889728,15.01011792076443,14.868285719663952,15.57838319200819,14.179390988309674,13.8
2025-11-28 19:00:00,11.64,15.02706,14.520785323172694,14.870464504256304,15.078255468205011,14.211378086897,13.84
2025-11-28 19:30:00,11.5,14.763235,15.053518142480335,14.643934608083304,14.834600692541052,13.56279419354775,13.58
2025-11-28 20:00:00,11.85,14.435641,14.290833375928754,14.113983742236728,14.101598508147116,13.44797740639606,13.31
2025-11-28 20:30:00,11.69,13.871348,13.396402759371872,13.249717630336276,14.142786974215571,13.435627095734118,13.16
2025-11-28 21:00:00,11.54,13.834272,12.92533249385296,13.050375281517262,14.012725216778287,13.369164630232936,12.96
2025-11-28 21:30:00,11.08,12.971362,12.088493316592524,12.22296754570775,12.88002716233034,13.199222194920074,12.44
2025-11-28 22:00:00,9.84,12.894222,12.047103280533031,12.296964662632806,12.239008268605396,13.12382667810645,12.23
2025-11-28 22:30:00,9.81,12.640793,11.749615960253248,12.082681607357172,11.569519232116658,12.473685468065916,12.05
2025-11-28 23:00:00,9.98,12.576453,11.064515229768714,11.63387214426878,10.380266906826495,11.92740603463244,11.86
2025-11-28 23:30:00,9.72,11.938785,11.198235934586984,11.03423193440062,10.62321824896228,9.870817557511112,11.64
2025-11-29 00:00:00,8.55,11.949112,11.029062477439956,11.366934054376236,10.301868412869988,10.83139720349999,11.33
2025-11-29 00:30:00,8.42,11.767307,10.70364678493671,10.830667518084867,9.943344510479124,9.870817557511112,11.22
2025-11-29 01:00:00,8.42,11.662083,10.66056768545972,10.834568275909394,10.046637243359008,9.870817557511112,11.2
2025-11-29 01:30:00,8.49,11.740851,10.711424277146492,10.80328389358034,10.13752407189076,9.85456210447275,11.1
2025-11-29 02:00:00,8.65,11.922656,11.177520303516504,11.32292455215459,10.355382109409714,10.83139720349999,11.2
2025-11-29 02:30:00,9.59,12.127957,11.177520303516504,11.456177991563504,10.050167397126728,11.180953122539114,11.42
2025-11-29 03:00:00,9.62,12.09715,11.0991122895187,11.350657938751777,10.748864131260053,11.180953122539114,11.45
2025-11-29 03:30:00,9.62,12.09715,11.083811592115408,11.495335968850588,10.911020253898956,11.180953122539114,11.48
2025-11-29 04:00:00,9.62,12.21375,11.455553580840377,11.770319723129049,10.892840907900096,11.348880059043385,11.58
2025-11-29 04:30:00,9.62,12.21375,11.463512231920603,11.886000280422586,10.684673197574972,11.348880059043385,11.63
2025-11-29 05:00:00,9.62,12.227225,11.224916802809403,11.713061933129692,11.46613672280236,11.348880059043385,11.67
2025-11-29 05:30:00,9.62,12.227225,11.224916802809403,11.754227063672234,10.830615631685378,11.39909806149461,11.83
2025-11-29 06:00:00,11.5,12.981973,12.60834602476286,12.401712144664357,12.777998276344752,13.105097405656725,12.43
2025-11-29 06:30:00,11.93,14.599372,13.8206589012595,13.979032058564217,14.415736081551955,13.46070284451754,13.09
2025-11-29 07:00:00,8.42,13.728961,12.658011544294686,12.465840334154684,13.297017113334984,13.208895493409887,12.49
2025-11-29 07:30:00,7.93,12.666341,12.123100831811168,12.201286248164802,12.679235706450031,13.105097405656725,11.86
2025-11-29 08:00:00,7.89,11.884865,11.127178815142388,11.59022332044438,11.62900526566119,11.348880059043385,11.68
2025-11-29 08:30:00,7.86,11.717751,10.869791525786283,10.496988726938994,10.28161198373956,9.85456210447275,11.29
2025-11-29 09:00:00,7.71,11.332048,10.293986460779257,9.68368623909144,11.36068634232529,8.850576968062533,10.61
2025-11-29 09:30:00,6.75,10.5854025,9.973964895201108,9.380171177200545,12.09627467188777,8.516659321826795,9.97
2025-11-29 10:00:00,5.0,10.481318,10.052444290663471,9.130616884279268,11.184961659151408,8.49955534376255,9.35
2025-11-29 10:30:00,3.0,10.314835,10.036950211873124,8.927436496972334,10.031723493542192,8.136959916014783,8.23
2025-11-29 11:00:00,1.0,10.190647,9.777305920606173,8.597910211029776,9.660914614752558,8.353774920873418,8.84
2025-11-29 11:30:00,0.1,8.953669,8.638061997861273,8.151070908045824,8.116388589043083,7.732856686639216,7.52
2025-11-29 12:00:00,1.0,7.959995,7.548087472800892,8.000286818320976,7.71599418439014,7.471945320883604,7.23
2025-11-29 12:30:00,1.0,8.120792,7.666397771119025,7.777143570339533,6.849827814185386,7.732856686639216,7.34
2025-11-29 13:00:00,3.0,9.135839,9.030738991243096,8.512209872383409,9.756778213909785,8.36034559384442,7.95
2025-11-29 13:30:00,5.99,10.308595,9.19601854052656,8.779085014146672,10.4607963478421,8.358820706538975,9.08
2025-11-29 14:00:00,6.05,11.289568,10.149060165714944,9.365722682103804,10.831795680580216,8.516659321826795,10.41
2025-11-29 14:30:00,8.17,11.246152,10.546704414655334,10.477538834128872,11.660034385442785,8.933845495370813,11.35
2025-11-29 15:00:00,9.82,12.059131,11.076899111293866,11.940841505805494,12.54802351505566,11.39909806149461,11.98
2025-11-29 15:30:00,11.44,13.618315,13.082188224768355,12.977805970927385,13.006293548218784,13.14773625598477,13.45
2025-11-29 16:00:00,11.88,14.525444,14.44163984147158,14.413661534759973,14.5271393311824,13.582660166769609,13.93
2025-11-29 16:30:00,12.11,15.267125,14.948855087042864,15.317094080914435,15.445887732481529,14.270457272833765,14.09
2025-11-29 17:00:00,12.08,15.075024,14.742613690814592,14.803052084560408,15.743824641902403,14.211378086897,13.86
2025-11-29 17:30:00,12.0,15.070842,14.638340378459295,14.798957352759704,15.16901737900897,14.179390988309674,13.66
2025-11-29 18:00:00,12.0,14.576336,14.125772937952028,14.328846924199135,14.194663791021668,13.582660166769609,13.7
2025-11-29 18:30:00,12.0,14.295397,14.025463828411246,14.0441822119578,14.697498575475242,13.44797740639606,13.01
2025-11-29 19:00:00,12.08,14.359039,13.94423266659505,14.128691924626803,13.770444138451424,13.582660166769609,13.47
2025-11-29 19:30:00,12.46,14.216347,13.477203748371666,13.689766591447873,13.546215977693764,13.416680429508771,13.05
2025-11-29 20:00:00,12.5,13.656971,13.121822927795874,13.09855137931174,12.48610794315286,13.26825176602713,13.02
2025-11-29 20:30:00,12.24,13.253911,12.827205667888167,12.795249754319704,12.901049255669028,13.106985697832734,12.7
2025-11-29 21:00:00,12.0,13.324491,12.794254961942888,12.687735084925622,12.497291403486766,13.208895493409887,12.56
2025-11-29 21:30:00,11.55,12.749112,12.019874757692431,12.160636279894709,12.39480480916004,12.66506534947766,11.97
2025-11-29 22:00:00,10.81,12.749112,11.993601328478476,12.264656480265351,11.953289488814058,13.12382667810645,11.63
2025-11-29 22:30:00,10.5,12.701466,11.720240808787487,12.093195085515957,10.76831369975305,12.11940899357585,11.51
2025-11-29 23:00:00,10.0,12.490576,11.346613865267804,11.729776784699707,10.61216943995974,11.92740603463244,10.96
2025-11-29 23:30:00,9.82,11.951907,11.009180617639895,11.17522789446442,10.563727200226582,9.870817557511112,11.0
2025-11-30 00:00:00,10.64,,,,,,10.44
2025-11-30 00:30:00,10.88,,,,,,10.45
2025-11-30 01:00:00,10.62,,,,,,10.38
2025-11-30 01:30:00,10.5,,,,,,10.35
2025-11-30 02:00:00,10.64,,,,,,10.36
2025-11-30 02:30:00,10.78,,,,,,10.64
2025-11-30 03:00:00,10.78,,,,,,10.73
2025-11-30 03:30:00,10.41,,,,,,10.74
2025-11-30 04:00:00,10.48,,,,,,11.08
2025-11-30 04:30:00,10.5,,,,,,10.75
2025-11-30 05:00:00,10.59,,,,,,10.84
2025-11-30 05:30:00,9.82,,,,,,10.83
2025-11-30 06:00:00,10.41,,,,,,11.81
2025-11-30 06:30:00,10.5,,,,,,12.52
2025-11-30 07:00:00,10.18,,,,,,11.27
2025-11-30 07:30:00,8.18,,,,,,10.54
2025-11-30 08:00:00,7.15,,,,,,10.28
2025-11-30 08:30:00,6.5,,,,,,9.99
2025-11-30 09:00:00,6.24,,,,,,9.66
2025-11-30 09:30:00,6.0,,,,,,8.69
2025-11-30 10:00:00,4.0,,,,,,7.9
2025-11-30 10:30:00,2.02,,,,,,7.08
2025-11-30 11:00:00,1.0,,,,,,6.47
2025-11-30 11:30:00,1.0,,,,,,6.0
2025-11-30 12:00:00,1.0,,,,,,6.04
2025-11-30 12:30:00,2.01,,,,,,6.08
2025-11-30 13:00:00,6.0,,,,,,7.06
2025-11-30 13:30:00,6.84,,,,,,8.43
2025-11-30 14:00:00,7.71,,,,,,8.81
2025-11-30 14:30:00,7.84,,,,,,9.98
2025-11-30 15:00:00,6.89,,,,,,10.71
2025-11-30 15:30:00,10.0,,,,,,12.69
2025-11-30 16:00:00,10.41,,,,,,12.85
2025-11-30 16:30:00,10.41,,,,,,12.85
2025-11-30 17:00:00,11.59,,,,,,13.19
2025-11-30 17:30:00,11.53,,,,,,12.85
2025-11-30 18:00:00,11.77,,,,,,12.74
2025-11-30 18:30:00,11.77,,,,,,12.62
2025-11-30 19:00:00,11.77,,,,,,12.7
2025-11-30 19:30:00,11.83,,,,,,12.61
2025-11-30 20:00:00,11.55,,,,,,12.44
2025-11-30 20:30:00,11.79,,,,,,12.12
2025-11-30 21:00:00,11.64,,,,,,12.01
2025-11-30 21:30:00,11.55,,,,,,11.4
2025-11-30 22:00:00,11.3,,,,,,11.14
2025-11-30 22:30:00,11.25,,,,,,11.11
2025-11-30 23:00:00,11.01,,,,,,10.79
2025-11-30 23:30:00,10.4,,,,,,10.29
2025-12-01 00:00:00,10.56,12.229416,11.247543364485566,11.313991716342915,11.044227060661472,10.605377854444276,10.22
2025-12-01 00:30:00,10.84,11.9688425,10.967746055407826,10.742378942122382,10.867268599093183,9.870817557511112,10.49
2025-12-01 01:00:00,10.13,11.9357815,10.80021245620616,10.71226571975769,10.675490162793269,9.870817557511112,10.36
2025-12-01 01:30:00,10.13,12.01455,10.967746055407826,10.785937854580364,10.687138934677046,9.693669673973298,10.31
2025-12-01 02:00:00,10.13,12.202171,11.206369339535817,11.287293567285325,10.614314424149292,9.923783820866312,10.4
2025-12-01 02:30:00,10.13,12.202171,11.206369339535817,11.41618463624808,10.789246358304723,10.83139720349999,10.67
2025-12-01 03:00:00,10.13,12.434867,11.144972189885696,11.366229604765612,10.64945627208857,11.180953122539114,10.74
2025-12-01 03:30:00,10.15,12.434867,11.144972189885696,11.507181688965089,10.420609278797464,11.180953122539114,10.73
2025-12-01 04:00:00,10.5,12.57564,11.437771755213848,11.779212013298825,10.834881279513825,11.348880059043385,10.85
2025-12-01 04:30:00,10.13,12.539532,11.52130032876049,11.788145365029315,10.973092230526328,11.348880059043385,10.7
2025-12-01 05:00:00,11.19,12.539532,11.351184381251688,11.728572933425063,11.34078037937665,11.348880059043385,10.88
2025-12-01 05:30:00,11.46,12.539532,11.351184381251688,11.746585468147366,11.45271824977072,11.348880059043385,10.6
2025-12-01 06:00:00,11.89,12.5156765,12.04019505658764,12.32590748999013,12.74012583458336,12.619909821249172,11.46
2025-12-01 06:30:00,12.34,13.672756,13.003813032203649,13.195557718302316,12.711674922628736,13.582660166769609,12.25
2025-12-01 07:00:00,10.6,13.301623,12.323197370100049,12.2566976195494,13.059961199269033,13.435627095734118,11.64
2025-12-01 07:30:00,9.1,12.350899,11.99009502872973,11.892473227675278,12.763500957539428,12.66506534947766,10.5
2025-12-01 08:00:00,9.5,11.70243,10.998828207932307,10.922762242922843,11.161541740922654,10.83139720349999,10.02
2025-12-01 08:30:00,9.11,10.860404,10.476585243046136,10.04214670613573,9.578607698022646,8.931392701749362,9.76
2025-12-01 09:00:00,8.1,9.985935,9.41814191488664,9.517999436233357,10.327759936259726,8.508016800853001,9.36
2025-12-01 09:30:00,8.0,9.145129,8.46000563177856,8.418919103874895,9.766326408493216,8.36034559384442,8.68
2025-12-01 10:00:00,7.14,7.9444685,6.586922081096243,7.25710828996576,7.931182268979231,8.49955534376255,8.01
2025-12-01 10:30:00,6.85,7.350677,6.57533546917137,6.834461672507911,7.551253007800741,7.867405281821788,6.92
2025-12-01 11:00:00,6.67,7.3266635,6.662197759846012,7.211062940258206,7.7163353882659935,7.850214615892814,6.46
2025-12-01 11:30:00,6.28,7.4967394,6.366084099727897,7.066499784466924,6.195131804047991,7.471945320883604,6.05
2025-12-01 12:00:00,6.08,6.431122,5.942535076931015,6.812811591142797,4.375006893825169,7.0607999930633865,5.94
2025-12-01 12:30:00,6.05,7.1943383,6.427901361470778,6.583021209225358,4.237262989302792,7.0607999930633865,6.28
2025-12-01 13:00:00,7.71,7.727508,7.52883192588855,7.752871738468537,6.668804212004156,7.867405281821788,8.25
2025-12-01 13:30:00,8.83,8.460744,8.593775268081002,7.664871890838095,7.941428412027013,7.867405281821788,9.26
2025-12-01 14:00:00,8.88,9.78939,9.477725075457071,8.950132620873967,9.387900343528424,8.358820706538975,9.61
2025-12-01 14:30:00,9.2,10.851652,10.988872772292854,9.50383646576119,10.219445256136629,8.800452775502588,10.24
2025-12-01 15:00:00,9.71,11.585548,11.438473421256235,10.17736754142109,11.599318267054668,9.693669673973298,10.59
2025-12-01 15:30:00,10.28,13.46834,13.022441835185637,12.697203918697925,12.657713209205284,13.14773625598477,12.27
2025-12-01 16:00:00,11.83,13.800146,13.252140336784574,13.232842538471711,13.581166577559168,13.328394732795877,12.68
2025-12-01 16:30:00,11.98,14.525437,13.872967487162311,14.078350932326922,14.367663971191408,14.042991815402171,12.97
2025-12-01 17:00:00,11.83,14.176064,13.840022929825343,13.796342836614388,14.61232024776633,13.582660166769609,13.19
2025-12-01 17:30:00,11.1,14.091298,13.727025121445584,13.842307468470429,14.759453028150592,13.208895493409887,13.28
2025-12-01 18:00:00,11.76,13.977819,13.8430758512636,14.713109967049627,13.882369600520398,13.202264496687464,13.28
2025-12-01 18:30:00,11.66,13.497887,13.428004850345475,13.404367028375464,14.1167595806365,13.199222194920074,13.03
2025-12-01 19:00:00,11.76,13.646232,13.50818915256112,13.45808160895543,13.552529920508867,13.199222194920074,13.12
2025-12-01 19:30:00,11.63,13.624573,13.561013519482843,13.337291008517717,13.298544097906692,13.208895493409887,13.15
2025-12-01 20:00:00,11.72,13.379558,12.723750474803772,13.023984184430155,13.141957702416692,13.199222194920074,12.85
2025-12-01 20:30:00,11.48,12.944118,12.642309157469734,12.66319850664224,12.973231247643698,13.01979998436281,12.62
2025-12-01 21:00:00,10.94,13.133677,12.47517196615126,12.606670696663569,13.30781548851925,13.202264496687464,12.64
2025-12-01 21:30:00,10.34,12.52977,11.799073894670396,12.016417085007582,12.5342052536714,12.21807509398078,12.12
2025-12-01 22:00:00,11.64,12.516478,11.772800465456436,11.874002364105657,12.22791276661544,12.473685468065916,12.03
2025-12-01 22:30:00,11.11,12.401023,11.510726670500816,11.749756903017946,11.853331909136411,11.39909806149461,11.95
2025-12-01 23:00:00,10.33,12.149327,11.31489362864445,11.395003786900354,10.951793951138525,11.348880059043385,11.68
2025-12-01 23:30:00,10.07,11.758387,11.026988700439247,10.79309778716507,11.007788146177504,9.3928986954622,11.15
2025-12-02 00:00:00,11.68,11.7131,10.9431880988861,10.401714758424244,10.688002772733851,9.870817557511112,11.27
2025-12-02 00:30:00,11.1,11.524132,10.692499873893356,10.386176684578498,10.854443123076894,9.870817557511112,11.34
2025-12-02 01:00:00,11.6,11.524132,10.52496627469169,10.333406921570596,10.62662600727625,9.85456210447275,11.11
2025-12-02 01:30:00,11.13,11.6029,10.692499873893356,10.355174491064748,10.579514726684664,9.693669673973298,10.97
2025-12-02 02:00:00,11.48,11.75746,10.931123158021348,10.841346223043578,10.926283871296404,9.923783820866312,11.08
2025-12-02 02:30:00,11.64,11.786335,10.931123158021348,10.981766511910552,11.0039471500459,10.83139720349999,11.15
2025-12-02 03:00:00,11.77,12.019032,10.84005073081882,10.91689561841908,11.230193414735064,11.180953122539114,11.33
2025-12-02 03:30:00,11.77,12.019032,10.84005073081882,11.032945363494315,11.227575597210947,10.83139720349999,11.29
2025-12-02 04:00:00,11.86,12.114326,10.888009573695394,11.161898190898794,10.760963172831998,11.187881022436446,11.54
2025-12-02 04:30:00,11.71,12.064359,11.17520484474386,11.360878665939058,11.283049386612428,11.348880059043385,11.33
2025-12-02 05:00:00,11.86,12.077788,10.87807964254068,11.162873592551971,10.735770870559906,11.187881022436446,11.73
2025-12-02 05:30:00,11.92,12.077788,10.71018813289425,11.048953434397069,10.56426333919342,11.180953122539114,11.81
2025-12-02 06:00:00,11.98,12.200182,11.412028366753804,11.6107441202381,11.809832480177418,12.46802498855974,12.65
2025-12-02 06:30:00,12.74,13.225646,12.51096780578425,12.750532505651572,12.617170610437476,13.47445693785932,13.48
2025-12-02 07:00:00,13.1,13.041311,11.872672686161248,11.829645127825495,12.726570493057547,13.435627095734118,12.45
2025-12-02 07:30:00,12.48,12.057277,11.489938387634115,11.347743863371084,12.25784243968156,12.11940899357585,11.31
2025-12-02 08:00:00,12.47,11.486923,10.714775281899197,11.161675734899609,10.76764223247671,8.933845495370813,11.23
2025-12-02 08:30:00,12.05,10.394445,9.949701221140268,9.831156542644033,9.591115036111386,8.850576968062533,11.1
2025-12-02 09:00:00,11.55,10.430767,9.34897948021502,8.97064867817122,10.99583651555992,8.508016800853001,10.38
2025-12-02 09:30:00,11.17,9.79679,7.643210111776125,8.163160424838763,9.31600152315167,8.383755560394667,9.72
2025-12-02 10:00:00,9.92,8.549706,7.172997288168238,7.884400638241444,7.47689025781052,8.49955534376255,9.31
2025-12-02 10:30:00,9.92,8.435871,6.809022934822715,7.73857932674724,7.016781940138102,7.732856686639216,8.63
2025-12-02 11:00:00,8.67,8.163365,6.690164362237609,7.802158417292772,6.590946824489426,7.586680814940996,8.2
2025-12-02 11:30:00,8.64,8.980124,6.816309811336859,8.554544860125102,6.730887774011649,7.395901749443297,7.71
2025-12-02 12:00:00,9.07,10.077551,8.22853210761034,9.256738638910118,8.705429057939295,7.0607999930633865,7.34
2025-12-02 12:30:00,9.29,10.199516,8.384861980431957,9.20073267683106,8.286030018653182,7.0607999930633865,7.49
2025-12-02 13:00:00,10.6,10.696427,8.692274630350038,9.666752212576544,10.05846713507276,7.965737530836342,8.92
2025-12-02 13:30:00,11.6,10.966637,10.277610997188065,9.660044496208268,11.12164295847273,8.136959916014783,10.4
2025-12-02 14:00:00,11.94,11.525515,10.826564117492024,9.58680028619496,10.847597151996371,8.36034559384442,10.59
2025-12-02 14:30:00,12.24,11.840562,12.049199754689004,10.16769075901567,11.979452121495372,8.516659321826795,11.1
2025-12-02 15:00:00,12.37,12.028738,12.163368352540411,10.173355192860692,11.799940710692267,9.291207996034828,11.48
2025-12-02 15:30:00,12.54,13.479589,12.89508125972434,11.995877669666909,12.429486277695426,12.994759201352997,13.19
2025-12-02 16:00:00,12.98,13.512491,12.772807812578424,12.59221848043127,13.71642782263067,13.26825176602713,14.02
2025-12-02 16:30:00,13.12,14.084253,13.1422758901708,13.386920575609322,14.348178197125549,13.582660166769609,14.23
2025-12-02 17:00:00,12.54,13.837794,12.91252949865683,13.373027667410382,13.855031516071362,13.582660166769609,14.26
2025-12-02 17:30:00,12.47,13.713132,12.91252949865683,13.505871945092911,14.579841415431405,13.208895493409887,13.92
2025-12-02 18:00:00,12.39,13.403239,12.780817052125045,14.37521009738639,13.342411424310445,13.199222194920074,13.91
2025-12-02 18:30:00,12.48,13.214137,12.931488256786842,13.868465759514708,12.934490614351605,13.14773625598477,13.68
2025-12-02 19:00:00,12.29,13.330865,12.925515114100698,13.925651688540604,13.426725200911129,13.199222194920074,13.78
2025-12-02 19:30:00,12.09,13.395419,13.076610012315156,13.897283567071057,12.492473016716728,13.208895493409887,13.68
2025-12-02 20:00:00,11.92,13.096285,12.53362165880269,12.382662090372785,12.47997914847715,13.14773625598477,13.6
2025-12-02 20:30:00,11.92,12.716963,12.30560335534747,12.22310789486121,12.77798277228688,13.01979998436281,13.15
2025-12-02 21:00:00,11.88,12.954168,12.356393801063112,12.37371227123065,12.64545596853965,13.202264496687464,12.94
2025-12-02 21:30:00,11.5,12.27718,11.562812231641674,11.725877700897271,11.97343960045046,12.21807509398078,12.38
2025-12-02 22:00:00,11.14,12.209144,11.390022004695645,11.476463038955265,11.84832176766196,12.473685468065916,12.67
2025-12-02 22:30:00,11.68,12.148433,11.12409480728935,11.451052674344762,10.863354684035713,11.348880059043385,12.46
2025-12-02 23:00:00,11.54,12.106845,11.042864897000516,11.35789626347131,10.66001511300412,11.344240612838934,12.12
2025-12-02 23:30:00,10.71,11.578879,10.587426369593649,10.683901189809914,10.881116040496702,9.3928986954622,11.34
2025-12-03 00:00:00,10.36,11.65104,10.600825915142352,10.48233885695441,10.920115356689768,9.85456210447275,11.77
2025-12-03 00:30:00,10.34,11.46207,10.5887609742776,10.508946636807377,10.895646002033793,9.870817557511112,11.48
2025-12-03 01:00:00,10.39,11.46207,10.421227375075931,10.335477921258793,10.776349951493373,9.3928986954622,11.61
2025-12-03 01:30:00,10.44,11.467267,10.63229264938939,10.400262287384152,10.860989144677706,9.3928986954622,11.38
2025-12-03 02:00:00,10.84,11.546036,10.60261737183698,10.422336381594771,10.9046280220582,9.3928986954622,11.59
2025-12-03 02:30:00,10.72,11.75746,10.79770898085318,10.889108168480838,11.014826526468829,10.576270884174416,11.89
2025-12-03 03:00:00,10.84,11.990156,10.821964501741729,10.836620982574717,11.01011950173577,10.83139720349999,11.96
2025-12-03 03:30:00,11.0,11.990156,10.821964501741729,10.977573066774193,11.352696352616238,10.576270884174416,11.96
2025-12-03 04:00:00,10.67,12.058206,10.869923344618304,11.08646774248174,10.740489796486235,11.180953122539114,11.78
2025-12-03 04:30:00,10.72,12.018881,10.869923344618304,11.128901575098224,11.311106302561477,11.187881022436446,11.96
2025-12-03 05:00:00,10.84,12.064359,10.87807964254068,11.185130391514088,10.830641654903474,11.187881022436446,12.25
2025-12-03 05:30:00,11.2,12.064359,10.87807964254068,11.188198456543311,10.929601739561669,11.187881022436446,12.15
2025-12-03 06:00:00,11.77,12.330723,11.651186318287287,11.838902402265134,12.36797713662317,12.57857066211709,12.9
2025-12-03 06:30:00,12.23,13.193909,12.60741526606768,12.750532505651572,13.052180930806342,13.56279419354775,13.7
2025-12-03 07:00:00,14.0,13.073198,11.947090579624303,11.970834474389944,12.665029756251965,13.435627095734118,13.22
2025-12-03 07:30:00,14.85,12.335252,11.590199460312297,11.484032973048247,12.388450848084885,12.21807509398078,12.42
2025-12-03 08:00:00,15.01,11.641539,10.90784184968028,11.196915238571956,11.363793057708037,10.83139720349999,12.19
2025-12-03 08:30:00,15.8,11.290658,10.03383601972069,9.574351174270555,10.391104942819124,9.3928986954622,11.77
2025-12-03 09:00:00,15.8,11.005287,9.809111963519516,9.229186059540863,10.70067682112793,9.291207996034828,11.31
2025-12-03 09:30:00,12.56,9.492189,9.09758423477159,8.38830549427652,9.340119120048987,8.49955534376255,10.53
2025-12-03 10:00:00,12.14,8.712283,7.368389370245411,7.541357378471516,8.782909555236152,8.516659321826795,10.06
2025-12-03 10:30:00,11.99,7.900568,6.593492474338813,6.950486081175344,8.111549090699471,7.75435448440363,9.18
2025-12-03 11:00:00,11.99,6.827472,5.713072214251842,6.453327793148064,7.432283343795816,7.586680814940996,8.5
2025-12-03 11:30:00,12.0,7.1586947,6.342261632721455,7.221248209977793,6.838368906404258,7.395901749443297,7.98
2025-12-03 12:00:00,11.43,7.0634766,5.863259461983105,6.971386217182539,6.295711298221642,7.0607999930633865,7.92
2025-12-03 12:30:00,11.44,7.5715775,7.053767168932493,6.729706231873225,6.392464214215273,7.0607999930633865,8.21
2025-12-03 13:00:00,12.39,8.467179,8.285099013274431,8.133600223083297,8.258882707844663,8.136959916014783,9.6
2025-12-03 13:30:00,12.5,9.184394,9.039521760927558,8.936782051270768,9.87054928318712,8.358820706538975,10.5
2025-12-03 14:00:00,15.0,10.277375,10.250213113347035,8.714534219527202,9.764472431710152,8.49955534376255,11.07
2025-12-03 14:30:00,13.35,11.315202,11.304801465290415,9.578798164716536,11.06371095730265,8.933845495370813,11.78
2025-12-03 15:00:00,14.91,12.066441,11.697579439054316,10.040003596509576,11.08603994042456,9.85456210447275,12.49
2025-12-03 15:30:00,15.8,13.39599,13.025761304351782,12.101836862562346,12.740044938115648,13.089508514437254,13.37
2025-12-03 16:00:00,16.21,13.581325,12.750232748539288,12.807475436645454,13.57246935941552,13.416680429508771,13.98
2025-12-03 16:30:00,16.25,13.9897585,13.219327590543973,13.37381946255775,13.818182927239912,13.582660166769609,14.25
2025-12-03 17:00:00,16.12,13.986807,13.265756848143557,13.407204612152382,13.304760374307705,13.582660166769609,13.87
2025-12-03 17:30:00,16.0,13.584163,13.007542307719632,13.245284082428146,12.928931794894876,13.208895493409887,13.6
2025-12-03 18:00:00,15.84,13.324851,13.014905094693418,14.082090388923415,13.15901117254443,13.199222194920074,13.58
2025-12-03 18:30:00,15.8,12.99565,12.610169714744847,14.002999479670974,13.18690330239201,13.12382667810645,13.29
2025-12-03 19:00:00,15.8,13.242821,12.864103035935694,14.15201913441503,13.039405881602114,13.199222194920074,13.32
2025-12-03 19:30:00,14.0,13.369983,12.825314735872782,14.075435246906942,12.828782755036045,13.202264496687464,13.23
2025-12-03 20:00:00,12.22,13.124969,12.48716423749122,12.816249705089282,12.562250899639178,13.199222194920074,13.0
2025-12-03 20:30:00,12.16,12.745646,12.276819226547758,12.449432725702453,12.644153231214728,13.01979998436281,12.69
2025-12-03 21:00:00,12.0,12.982852,12.104184421409268,12.535429969594864,12.304694721182845,13.202264496687464,12.62
2025-12-03 21:30:00,11.0,12.331299,11.491588284876087,11.91522625877814,11.948899657221045,12.21807509398078,12.11
2025-12-03 22:00:00,9.92,12.276555,11.411160558863507,11.73227106419139,11.434866701534116,12.473685468065916,11.88
2025-12-03 22:30:00,9.7,12.204552,11.141405716306,11.525739988966858,10.781459607880349,11.348880059043385,11.84
2025-12-03 23:00:00,9.99,12.106845,11.060175806017169,11.455753079866849,10.449814072399466,11.273231737782892,11.51
2025-12-03 23:30:00,9.83,11.505205,10.6047372786103,10.650896818620929,10.88796209962322,9.340302995785247,11.09
2025-12-04 00:00:00,10.66,11.65104,10.600825915142352,10.50377797955973,10.877648943977851,9.85456210447275,11.06
2025-12-04 00:30:00,10.62,11.46207,10.5887609742776,10.526890552390183,10.871910325282387,9.870817557511112,10.96
2025-12-04 01:00:00,10.71,11.46207,10.421227375075931,10.34267715521706,10.757498641302249,9.85456210447275,11.04
2025-12-04 01:30:00,10.5,11.546036,10.63229264938939,10.37590307370758,10.810716946587627,9.3928986954622,11.03
2025-12-04 02:00:00,11.0,11.580852,10.60261737183698,10.381509608743348,11.075398180267504,9.85456210447275,11.17
2025-12-04 02:30:00,10.78,11.75746,10.79770898085318,10.88695033037057,11.137163063748783,10.83139720349999,11.25
2025-12-04 03:00:00,11.0,12.020963,10.766184445002548,10.884283916382312,11.411899164144977,11.180953122539114,11.36
2025-12-04 03:30:00,11.03,12.020963,10.766184445002548,11.00033366145755,11.27769861939517,10.83139720349999,11.38
2025-12-04 04:00:00,11.07,12.103683,10.8984684161082,11.167715328248878,11.328337767833414,11.187881022436446,11.7
2025-12-04 04:30:00,11.01,12.077649,11.053379716051014,11.349855291590227,11.529171981381872,11.348880059043385,11.53
2025-12-04 05:00:00,11.78,12.067575,11.157118615666771,11.3466850428612,10.915665677419629,11.348880059043385,11.53
2025-12-04 05:30:00,11.87,12.136986,11.012238034995324,11.353818251188144,11.310970017458269,11.39909806149461,11.71
2025-12-04 06:00:00,10.44,12.334765,11.687328269567605,12.018989052760732,12.506304604394552,13.089508514437254,12.31
2025-12-04 06:30:00,10.5,13.292939,12.700443267276825,12.980520962039678,12.783143856967916,13.582660166769609,12.73
2025-12-04 07:00:00,11.97,12.961503,12.337733522797585,12.176999731110415,12.512496595563787,13.435627095734118,13.1
2025-12-04 07:30:00,10.44,12.110308,11.748523656683249,11.609960857133348,12.54009317163973,12.66506534947766,12.7
2025-12-04 08:00:00,12.04,11.846222,11.180845776274891,11.870406631564276,12.087999244665582,11.92740603463244,12.72
2025-12-04 08:30:00,10.44,11.934189,11.161875406009846,11.027905324822653,11.7977376836069,9.923783820866312,12.87
2025-12-04 09:00:00,9.92,11.931017,11.52791198459479,10.464914926552192,12.275534686155124,9.3928986954622,12.6
2025-12-04 09:30:00,7.5,11.83936,12.245697562176066,10.526899621315836,12.570444390797045,8.516659321826795,11.19
2025-12-04 10:00:00,7.71,12.113538,12.0221202217938,10.81398400042154,12.771276238337228,8.516659321826795,10.07
2025-12-04 10:30:00,6.01,11.356588,11.157014177920392,10.979763560747877,12.465106230249944,7.867405281821788,9.82
2025-12-04 11:00:00,6.0,11.207559,10.797712945530773,11.141039110696791,13.061386756029217,7.732856686639216,9.5
2025-12-04 11:30:00,4.37,10.657709,10.742219923708149,11.31165575876336,11.764090609328887,7.395901749443297,9.21
2025-12-04 12:00:00,8.0,10.230691,10.694401549897483,10.985727971966265,11.625451327897125,7.0607999930633865,8.8
2025-12-04 12:30:00,6.0,10.225217,10.542762449856962,10.32206085109518,10.543144691668545,7.072533653846468,8.93
2025-12-04 13:00:00,8.0,11.216257,11.526619386964756,10.072304415994696,12.146879291125536,8.136959916014783,9.95
2025-12-04 13:30:00,8.44,11.856339,12.61073173993768,10.051171391684258,13.622385084941545,8.383755560394667,10.74
2025-12-04 14:00:00,8.57,12.386511,12.032875293994437,10.344839172408502,12.828402214090133,8.516659321826795,12.02
2025-12-04 14:30:00,9.92,12.390239,12.733928369605191,10.67842225022154,13.754884946912744,9.27528525438898,12.23
2025-12-04 15:00:00,12.1,12.6003,12.457655405102564,10.665337713643291,12.859602517006229,9.85456210447275,13.17
2025-12-04 15:30:00,15.57,13.191908,13.179407621661902,12.45386829386934,14.123657404415471,13.01979998436281,14.25
2025-12-04 16:00:00,16.0,13.467063,12.854575236569524,13.045677736763462,14.930406878364916,13.26825176602713,14.77
2025-12-04 16:30:00,15.77,14.181238,13.416813414746336,13.543205565348714,14.365886982988396,13.582660166769609,14.98
2025-12-04 17:00:00,14.6,13.624684,13.022002004348872,13.568335601887462,13.36097766170845,13.582660166769609,14.96
2025-12-04 17:30:00,13.82,13.1767,12.863918557600796,14.24816297229444,13.434776808182107,13.208895493409887,14.73
2025-12-04 18:00:00,13.28,13.092291,12.821882002318493,14.151275658431317,13.582429478218328,13.199222194920074,14.67
2025-12-04 18:30:00,12.94,12.783559,12.611760417304406,13.812123639331396,13.310127065188317,13.106985697832734,14.49
2025-12-04 19:00:00,13.19,13.035696,12.860307813351769,14.123806512713816,13.025632647081991,13.199222194920074,14.54
2025-12-04 19:30:00,12.26,13.1031475,12.838922993557004,13.914531607487104,12.529386308663138,13.202264496687464,13.72
2025-12-04 20:00:00,12.28,12.82977,12.434460808559637,13.779769603862928,12.50569763971068,13.199222194920074,13.03
2025-12-04 20:30:00,12.27,12.513404,12.49555556576919,12.287356189826111,12.322885541818758,13.01979998436281,12.98
2025-12-04 21:00:00,11.5,12.495123,12.629600742295732,12.237563755832872,12.554175513742315,13.202264496687464,12.78
2025-12-04 21:30:00,11.01,12.511179,12.023720791752254,11.691098133015728,12.06262799378596,12.21807509398078,12.21
2025-12-04 22:00:00,10.09,12.5441475,12.25495916226518,12.245127767044556,11.849008582799303,12.473685468065916,11.65
2025-12-04 22:30:00,9.81,12.409694,11.781349035654662,12.13763456897524,11.71427149434756,11.348880059043385,11.35
2025-12-04 23:00:00,9.75,12.241567,11.338206601990716,12.060019818776883,11.292668448299152,10.83139720349999,11.29
2025-12-04 23:30:00,9.62,11.489046,10.595608534186391,11.10876614101136,11.879858727891484,9.291207996034828,10.96
2025-12-05 00:00:00,11.34,12.020367,11.289088935912009,12.160049385516098,11.43435209527406,9.85456210447275,10.92
2025-12-05 00:30:00,11.14,11.883328,11.281181574843734,12.07468445122954,11.75494586771199,9.85456210447275,10.84
2025-12-05 01:00:00,11.2,11.883328,11.281181574843734,12.037371592838875,11.56854539066589,9.3928986954622,10.76
2025-12-05 01:30:00,11.14,11.873973,11.305254180757728,11.908026535163572,11.921606771152106,9.3928986954622,10.76
2025-12-05 02:00:00,11.14,11.913935,11.529222107162909,12.110667405048307,11.9372181331468,9.3928986954622,10.97
2025-12-05 02:30:00,11.29,12.090544,11.712248775314356,12.616485162103949,11.787994044073526,9.923783820866312,11.22
2025-12-05 03:00:00,11.41,12.12135,11.746769311417385,12.692719768929544,11.81756073239369,10.83139720349999,11.3
2025-12-05 03:30:00,11.45,12.384853,11.746769311417385,12.692719768929544,11.692248186448037,11.180953122539114,11.29
2025-12-05 04:00:00,11.44,12.422095,11.788476760261148,12.724524129265909,11.675319048299668,10.83139720349999,11.45
2025-12-05 04:30:00,11.51,12.326653,11.717094033864976,12.702720316142958,11.795782185039691,10.83139720349999,11.37
2025-12-05 05:00:00,11.9,12.397338,11.71108178528256,12.845729451579064,11.823582815520394,11.187881022436446,11.86
2025-12-05 05:30:00,12.18,12.397338,11.843261710107315,13.02106087503634,11.85184453875822,11.348880059043385,11.85
2025-12-05 06:00:00,13.86,12.643912,12.87084397395208,13.990704270202505,13.526129125132316,12.964080624373418,11.78
2025-12-05 06:30:00,16.38,13.612331,13.97968012852885,14.431396999344162,13.943554720703723,13.582660166769609,11.98
2025-12-05 07:00:00,16.44,13.402581,13.64873350978567,13.759973918939185,14.636399560485575,13.44797740639606,12.42
2025-12-05 07:30:00,15.4,12.565809,12.951951887968317,13.598453990300555,13.78378586096548,13.106985697832734,11.58
2025-12-05 08:00:00,16.25,12.338006,12.520433354158,14.017135555475472,14.204782291560967,12.21807509398078,11.93
2025-12-05 08:30:00,15.08,12.634199,12.080698766554129,13.360333128954483,13.16125742896069,11.180953122539114,11.23
2025-12-05 09:00:00,12.9,12.778221,14.3043258793207,13.875984509376613,13.45287151030143,10.605377854444276,11.11
2025-12-05 09:30:00,12.26,12.194609,12.472296246766524,13.190730082630102,14.211241235947025,8.49955534376255,9.64
2025-12-05 10:00:00,11.5,11.096123,12.599423076347662,11.934767162861656,13.008508129821678,8.358820706538975,9.08
2025-12-05 10:30:00,10.19,9.892248,10.62029550800722,10.5080711802067,12.088245288212132,7.75435448440363,8.34
2025-12-05 11:00:00,10.13,8.859262,9.960694094528035,9.505110220283166,11.155467308420167,7.586680814940996,7.85
2025-12-05 11:30:00,9.92,8.594167,10.491468972482185,9.110529584982348,9.860726250165063,7.072533653846468,7.17
2025-12-05 12:00:00,9.55,8.285235,10.011570408093355,8.37363048345592,9.095289626868206,7.0607999930633865,8.14
2025-12-05 12:30:00,9.92,8.358646,10.514550418179024,8.084130794133486,8.996017651101512,7.072533653846468,7.56
2025-12-05 13:00:00,10.36,9.627549,10.958245089141696,9.382735177211728,10.784331924041815,7.965737530836342,8.92
2025-12-05 13:30:00,11.14,10.353254,11.91331402321378,9.337510625113268,11.777207571374946,8.36034559384442,9.75
2025-12-05 14:00:00,11.58,10.871044,11.210796625732868,10.211048513129054,13.288742899881104,8.54492393296032,10.03
2025-12-05 14:30:00,12.05,11.971057,11.633770102982895,10.71128432282128,12.883971490476217,8.933845495370813,10.9
2025-12-05 15:00:00,12.08,12.377828,12.362601178818132,11.425010982845563,13.196788910451255,10.83139720349999,12.19
2025-12-05 15:30:00,16.0,13.208431,13.40326304983345,12.99037786171066,14.696939326231895,13.12382667810645,14.06
2025-12-05 16:00:00,16.38,14.193755,14.568567801491108,14.009125640682916,15.8130082113663,13.44797740639606,14.51
2025-12-05 16:30:00,17.12,14.525043,15.0138586910253,14.685411351543506,16.18124850965176,13.47445693785932,14.68
2025-12-05 17:00:00,16.53,14.278702,14.655710033831411,14.545359730936424,15.234667951538588,13.44797740639606,14.32
2025-12-05 17:30:00,16.38,13.782322,13.86468909274228,13.799999701640369,15.37710377208008,13.435627095734118,13.93
2025-12-05 18:00:00,16.38,13.661452,13.762061643591776,14.74608589354338,14.336328288600152,13.435627095734118,13.85
2025-12-05 18:30:00,16.0,13.028072,13.382996140124504,13.948323201634786,14.390361583886984,13.369164630232936,13.59
2025-12-05 19:00:00,15.5,13.410429,13.687624894981198,14.7373667679878,13.717385593627538,13.435627095734118,13.52
2025-12-05 19:30:00,12.86,13.333157,13.728838003138067,13.555928248502884,13.736566552715187,13.328394732795877,13.18
2025-12-05 20:00:00,12.78,12.95809,13.34122679841371,13.451472123448234,13.941597017017669,13.26825176602713,12.85
2025-12-05 20:30:00,12.2,12.503037,12.726287728221887,12.985136212943509,13.343598079933038,13.089508514437254,12.87
2025-12-05 21:00:00,12.17,12.4882345,13.026950640659352,12.864920291276638,13.225703532974627,13.202264496687464,12.38
2025-12-05 21:30:00,12.0,12.4738865,12.023720791752254,11.69963724877415,12.11872118201348,12.11940899357585,11.94
2025-12-05 22:00:00,9.92,12.291564,11.901811432045964,11.446377883954431,11.491170579739531,12.21807509398078,11.55
2025-12-05 22:30:00,9.77,12.034989,11.173818259421852,11.401784182089354,11.384954540052265,11.180953122539114,11.17
2025-12-05 23:00:00,9.92,11.716405,11.133395005991945,11.30336761149842,10.49036871516769,9.923783820866312,11.03
2025-12-05 23:30:00,9.41,10.881602,10.279188392655982,10.2378331716897,10.740671176234914,8.563749655695103,10.56
2025-12-06 00:00:00,10.17,11.99592,11.69017608141533,12.1848910434016,12.356324812740118,9.3928986954622,11.53
2025-12-06 00:30:00,9.92,11.88409,11.795104906177238,12.31103934224659,13.026994041115737,9.3928986954622,11.35
2025-12-06 01:00:00,10.5,11.829346,11.536080788987206,12.211100733326292,12.566170607755089,9.3928986954622,11.24
2025-12-06 01:30:00,10.06,11.791013,11.631127696680505,11.950991655185124,12.459390233065648,9.340302995785247,11.13
2025-12-06 02:00:00,11.1,11.985879,11.485690432051118,11.982122177209714,11.911713692698326,9.3928986954622,11.21
2025-12-06 02:30:00,11.14,12.010284,11.639379615296816,12.588565622467977,11.956389955470296,10.576270884174416,11.39
2025-12-06 03:00:00,11.04,12.066762,11.661835210535092,12.617150457441792,11.946725687714654,10.576270884174416,11.59
2025-12-06 03:30:00,11.0,12.227454,11.133933641844283,11.471829823579162,11.64368936109023,10.83139720349999,11.67
2025-12-06 04:00:00,11.1,12.034101,11.18341019397596,11.243144860263714,11.576216030709968,10.83139720349999,11.86
2025-12-06 04:30:00,11.14,11.9201765,11.091087130844985,11.10352081446046,11.494534062437154,11.187881022436446,11.63
2025-12-06 05:00:00,11.31,12.02499,11.376633981810988,11.316753112992451,11.585119447700132,11.348880059043385,11.94
2025-12-06 05:30:00,11.5,12.02499,11.34695870425858,11.323631063506143,11.536536342201044,11.348880059043385,12.08
2025-12-06 06:00:00,12.0,12.179318,11.73171050486848,12.195276524833194,13.14709297900031,13.01979998436281,12.85
2025-12-06 06:30:00,12.12,13.487673,12.738830750411765,12.771406001634258,13.123426403583087,13.26825176602713,14.04
2025-12-06 07:00:00,12.05,13.323198,12.685974362858252,12.84106915140976,13.262101201512698,13.416680429508771,13.94
2025-12-06 07:30:00,10.24,12.839184,12.474082130047716,12.295674188970382,14.936738325720254,13.26825176602713,13.27
2025-12-06 08:00:00,9.96,12.624298,12.337604334735875,12.238489496369098,13.612128757315965,13.105097405656725,13.52
2025-12-06 08:30:00,9.92,12.627319,12.6435382700712,12.647895631704506,12.974154789848397,12.21807509398078,12.87
2025-12-06 09:00:00,9.1,12.231016,13.9086352855766,11.615154645078368,13.64216380040577,11.180953122539114,11.95
2025-12-06 09:30:00,8.21,12.213925,13.29508708962936,11.7378440003838,14.469282808690512,8.516659321826795,10.94
2025-12-06 10:00:00,8.09,12.705189,14.05051157390368,11.428895114993589,13.772528774439245,8.36034559384442,9.96
2025-12-06 10:30:00,7.7,12.023424,12.457109440499892,11.990080438760003,14.69608237797456,7.75435448440363,9.2
2025-12-06 11:00:00,7.0,11.547674,11.947089219997082,12.40192858186538,13.916606769198417,7.586680814940996,8.88
2025-12-06 11:30:00,6.48,11.278047,12.275489230959588,13.063526897267677,13.887225286589084,7.072533653846468,8.59
2025-12-06 12:00:00,7.7,11.945792,12.854588146237685,12.964445303253624,13.112715075971114,7.0607999930633865,8.51
2025-12-06 12:30:00,7.7,11.376518,12.520832478458154,12.784065057207451,12.147781860748449,7.072533653846468,8.47
2025-12-06 13:00:00,7.7,11.896942,12.87605275173992,11.99016590001611,13.345351360900422,7.965737530836342,9.36
2025-12-06 13:30:00,7.96,12.79852,13.536571752143086,11.97351147003542,14.28625364812966,8.36034559384442,10.45
2025-12-06 14:00:00,8.84,13.025768,12.009884199965796,11.210805642348994,14.572117577238751,8.924472233605046,10.94
2025-12-06 14:30:00,9.92,12.991036,11.872880762906748,11.53538694295562,13.660894547510376,9.693669673973298,11.36
2025-12-06 15:00:00,10.93,12.582834,12.127363259349208,11.980335973054093,12.988716117878958,11.344240612838934,12.07
2025-12-06 15:30:00,11.31,13.876356,13.82075666244562,12.738408740887882,14.308758213216024,13.369164630232936,14.55
2025-12-06 16:00:00,11.67,14.12906,14.31013983283647,14.108151491174125,14.984997722139664,13.44797740639606,14.99
2025-12-06 16:30:00,14.37,14.511803,14.771476451134706,14.883600722386028,14.666007323115291,13.47445693785932,13.96
2025-12-06 17:00:00,14.99,14.286241,14.59285257961316,14.76017561670793,15.32437679153704,13.46070284451754,15.16
2025-12-06 17:30:00,13.44,14.064854,13.738088139978563,14.109361174229226,15.460960548537969,13.435627095734118,13.41
2025-12-06 18:00:00,13.13,13.9705105,14.328467315226655,13.810696042588503,14.806505763111556,13.416680429508771,14.84
2025-12-06 18:30:00,13.0,13.482356,12.924172348507437,13.11852637201917,14.24618054829119,13.26825176602713,14.84
2025-12-06 19:00:00,13.13,13.482356,12.994298577529625,13.14058810475796,14.1693445776117,13.369164630232936,14.52
2025-12-06 19:30:00,13.03,13.168012,12.68858362443289,12.813597018550375,13.684499391849162,13.208895493409887,13.29
2025-12-06 20:00:00,13.22,12.975593,12.406473425709548,12.618681639173756,13.145442686653134,13.26825176602713,13.1
2025-12-06 20:30:00,13.13,12.77356,12.139839800585095,12.451646429971133,13.196028411423166,13.208895493409887,13.02
2025-12-06 21:00:00,12.61,12.78075,12.081620891959837,12.261671946819447,13.508810463901373,13.202264496687464,12.77
2025-12-06 21:30:00,12.8,12.538325,11.766707530652196,11.781834867721797,12.491580517090537,12.964080624373418,12.4
2025-12-06 22:00:00,12.8,12.515672,11.671064907004622,11.56165236403154,13.120437436839904,13.106985697832734,11.38
2025-12-06 22:30:00,11.92,11.777128,10.991761838714382,11.289588785263716,11.562504854605756,11.180953122539114,11.04
2025-12-06 23:00:00,12.13,11.347682,10.715214326654122,11.18501443163114,10.476320553532965,10.576270884174416,10.95
2025-12-06 23:30:00,11.33,10.688437,10.139081755098903,9.761908637230848,10.629008653167926,8.618138550787236,10.35
2025-12-07 00:00:00,10.72,11.499518,10.58472298106546,10.151392253359862,11.451604062225892,9.3928986954622,10.66
2025-12-07 00:30:00,10.75,11.2088,10.602528300253852,10.130479977941002,11.518593565926114,9.3928986954622,10.51
2025-12-07 01:00:00,10.86,11.184343,10.55899662514206,10.202697608616411,11.113597616093632,9.3928986954622,10.51
2025-12-07 01:30:00,10.7,11.24882,10.542944260837205,10.011405191162892,11.12923326006915,8.933845495370813,10.47
2025-12-07 02:00:00,10.7,11.516684,10.597704666720038,10.19361449158734,11.206062460315794,9.3928986954622,10.69
2025-12-07 02:30:00,11.0,11.8157,10.977547548920032,11.35983495231079,11.163045519869526,10.576270884174416,10.92
2025-12-07 03:00:00,11.11,12.085407,11.025506391796608,11.325106193759373,11.698307589346712,10.605377854444276,10.95
2025-12-07 03:30:00,11.15,12.251589,11.036551885578412,11.532745619731603,11.54766567063119,10.83139720349999,10.9
2025-12-07 04:00:00,11.16,12.206495,11.14062903669039,11.52013752576069,11.390097693870969,10.83139720349999,10.88
2025-12-07 04:30:00,11.16,12.138446,11.250192867505165,11.505546007660865,11.455293528138816,10.83139720349999,10.96
2025-12-07 05:00:00,11.29,12.218132,11.305617109731442,12.845168591851788,12.90807559805198,11.92740603463244,11.18
2025-12-07 05:30:00,11.24,12.218132,11.275941832179033,12.814056352366515,13.823804018677468,11.92740603463244,11.28
2025-12-07 06:00:00,11.5,12.484513,11.657889968880797,13.469048250585573,14.654538115431915,12.619909821249172,11.8
2025-12-07 06:30:00,12.0,13.73675,13.095634003477423,13.275374350032957,14.860708883260562,13.328394732795877,12.22
2025-12-07 07:00:00,12.0,13.702266,13.209460999583197,13.137735820507151,14.501716163691423,13.46070284451754,12.35
2025-12-07 07:30:00,10.17,13.197109,13.123405339927055,12.816232453658362,14.434808868289544,13.26825176602713,11.53
2025-12-07 08:00:00,10.7,13.250877,12.949201438384776,12.880330132043234,14.567987345054616,13.26825176602713,11.45
2025-12-07 08:30:00,9.08,13.216267,12.769683131771464,12.378021118253915,14.289607025031184,12.964080624373418,10.95
2025-12-07 09:00:00,8.1,12.648705,12.857844263410502,11.905708322641198,13.44894349724358,12.45750477789977,10.63
2025-12-07 09:30:00,6.57,11.720267,13.149805040275556,10.495639400101943,13.61370027393146,8.850576968062533,9.54
2025-12-07 10:00:00,6.08,11.7665615,12.644811442905525,10.764593440896906,12.69902269315766,8.36034559384442,9.02
2025-12-07 10:30:00,6.0,10.84931,10.463673692115464,10.032873644185122,11.28758534574364,7.75435448440363,8.65
2025-12-07 11:00:00,4.0,9.94633,9.032006894873415,9.519829660031196,10.555326575037268,7.586680814940996,8.43
2025-12-07 11:30:00,4.0,7.7093854,8.332877763559695,7.79197654893747,9.025547740161525,7.072533653846468,7.97
2025-12-07 12:00:00,6.07,6.4201727,6.592136823933865,6.734128444212503,7.603982485740434,7.0607999930633865,8.4
2025-12-07 12:30:00,6.06,6.898064,6.602638671394795,6.826790994151903,7.0493404277744585,7.072533653846468,8.26
2025-12-07 13:00:00,6.22,8.041391,7.954065826940326,8.028567797020045,8.794107111638096,8.136959916014783,8.92
2025-12-07 13:30:00,7.7,9.008554,9.234209385313571,8.538329206377046,11.41255664030622,8.36034559384442,9.28
2025-12-07 14:00:00,8.0,9.925692,8.955267063096686,9.8274762801521,11.630625380689535,8.924472233605046,9.89
2025-12-07 14:30:00,9.2,11.037204,9.69110894481268,9.584275448965046,11.525568311912888,9.3928986954622,10.43
2025-12-07 15:00:00,9.92,11.654115,10.125417669321635,11.235655197141906,12.80414521397079,11.180953122539114,11.2
2025-12-07 15:30:00,10.74,13.137406,13.13942117571032,12.662742101904463,14.629726184963626,13.435627095734118,12.41
2025-12-07 16:00:00,10.61,14.134456,14.649872848630636,13.723233325775793,14.954264729195344,13.44797740639606,12.73
2025-12-07 16:30:00,10.83,14.4553585,13.735551007298694,14.4837869073709,17.91838910660016,14.211378086897,13.58
2025-12-07 17:00:00,11.21,14.273631,13.81706903775542,14.227177838965057,15.649489101626038,14.211378086897,13.82
2025-12-07 17:30:00,11.25,14.050797,13.791781722907457,14.22299606446181,14.628275209506567,14.155377253813322,13.2
2025-12-07 18:00:00,11.2,14.060699,14.01584268658896,13.896584034117224,13.961333553412176,14.122359787926149,13.15
2025-12-07 18:30:00,11.1,13.626759,13.14681146302202,13.650935519116514,14.035112343489557,13.582660166769609,13.01
2025-12-07 19:00:00,11.28,13.619407,13.1908235584878,13.58567104334185,14.306238573400226,13.46070284451754,12.94
2025-12-07 19:30:00,11.31,13.469234,13.14822632312362,13.174339962977584,14.346427206971777,13.26825176602713,12.61
2025-12-07 20:00:00,11.5,13.475226,13.086863318128652,13.155878271247294,14.477075851449554,13.44797740639606,12.38
2025-12-07 20:30:00,9.78,13.283457,12.66349817665731,12.798033038611363,13.979009235172834,13.435627095734118,12.24
2025-12-07 21:00:00,10.33,13.221131,12.604073881717907,12.676316795152244,13.817848429802943,13.435627095734118,11.81
2025-12-07 21:30:00,10.16,12.90415,12.175928164992268,12.262630560821233,13.26733657900393,13.416680429508771,11.61
2025-12-07 22:00:00,10.13,12.702217,11.899686525051012,11.860082957324112,13.016424643959017,13.202264496687464,11.31
2025-12-07 22:30:00,10.05,11.940487,10.973021340777535,11.337889194968716,11.533104749353496,11.39909806149461,10.91
2025-12-07 23:00:00,10.12,11.3845625,10.730790637988685,11.10366151382584,10.957054911050903,10.576270884174416,10.83
2025-12-07 23:30:00,9.96,10.8896475,10.0917847362781,9.783803132376852,10.836343027479325,9.340302995785247,10.21
2025-12-08 00:00:00,9.96,12.040114,10.878723742978885,11.107655374624526,11.434996148509052,9.923783820866312,10.43
2025-12-08 00:30:00,9.79,11.567452,10.904487713247503,10.458854576630255,11.523676688072252,9.85456210447275,10.25
2025-12-08 01:00:00,9.98,11.544764,10.61026781314297,10.449895927153538,11.71164275299318,9.3928986954622,10.28
2025-12-08 01:30:00,10.12,11.647573,10.76126528361748,10.072880583540035,11.698060555768455,9.3928986954622,10.24
2025-12-08 02:00:00,10.15,11.905457,10.830822169623202,11.05453246158567,11.35036123397515,9.923783820866312,10.3
2025-12-08 02:30:00,10.25,11.905457,10.954949842806482,11.36426278740623,11.631116595850616,10.605377854444276,10.39
2025-12-08 03:00:00,10.5,12.134928,10.882350313939344,11.303314926803568,12.02495525149524,11.348880059043385,10.58
2025-12-08 03:30:00,10.74,12.174449,11.09346505831817,11.396680206284444,11.945687426247162,11.39909806149461,10.71
2025-12-08 04:00:00,10.79,12.172654,11.402991020689615,11.58553268742107,11.5188766948701,12.46802498855974,10.67
2025-12-08 04:30:00,10.89,12.172654,11.36399731542174,11.53893086886504,11.78434821546614,11.94434315734298,10.68
2025-12-08 05:00:00,11.2,12.218132,11.30080286035567,11.673151088358162,12.82318045513961,11.94434315734298,10.88
2025-12-08 05:30:00,11.11,12.287542,11.253041353726172,11.738740970520402,13.060820345338158,11.94434315734298,10.94
2025-12-08 06:00:00,11.39,12.62655,11.94253077308539,12.608111995653868,14.166476515283186,12.994759201352997,11.3
2025-12-08 06:30:00,13.01,13.73675,13.226056619210173,13.275831731850396,15.18925834267171,13.26825176602713,11.9
2025-12-08 07:00:00,13.24,14.032373,13.937314467174147,13.864823762837228,14.27090339197063,13.47445693785932,12.2
2025-12-08 07:30:00,10.19,13.313758,12.699719619355296,13.042456919733876,13.493482974286978,13.328394732795877,11.35
2025-12-08 08:00:00,11.59,13.195694,13.009769363841537,12.632538097829036,14.802772034348294,13.26825176602713,11.75
2025-12-08 08:30:00,10.18,12.790359,13.149067388740782,11.96620702100928,13.21285073572982,12.66506534947766,10.97
2025-12-08 09:00:00,10.0,11.891349,13.013651109000977,10.968967173440593,13.117342302912506,12.473685468065916,10.44
2025-12-08 09:30:00,8.1,10.539568,11.567102345493634,9.19408833005837,11.90234118018639,9.291207996034828,9.23
2025-12-08 10:00:00,8.1,9.485049,9.593695364821992,8.715032112484666,10.778498550468552,8.36034559384442,8.88
2025-12-08 10:30:00,8.1,8.576262,8.970439438265107,7.744594775125297,9.102360177367956,7.732856686639216,8.65
2025-12-08 11:00:00,8.1,7.3474846,8.675700414553672,7.852354904039737,7.599237928817709,7.471945320883604,8.05
2025-12-08 11:30:00,8.1,7.256357,8.423253705647422,7.236432820371055,6.7573878895190855,7.072533653846468,7.72
2025-12-08 12:00:00,8.11,6.5034547,7.07350424812402,6.985727852308215,7.052579101603791,7.0607999930633865,8.29
2025-12-08 12:30:00,9.8,6.880131,6.940317206928711,7.520094045055204,6.726071682445246,7.0607999930633865,8.24
2025-12-08 13:00:00,10.32,7.61225,8.718026308768316,7.908616229660288,8.347144434007163,7.867405281821788,8.75
2025-12-08 13:30:00,10.48,8.830028,10.277552152885455,8.415195148034947,10.28105064783176,8.358820706538975,9.69
2025-12-08 14:00:00,10.74,9.331207,10.053260813279174,9.245768922216966,10.00995971217304,8.516659321826795,10.1
2025-12-08 14:30:00,11.04,10.994287,10.300232562617309,9.342225184023617,10.70503210813458,9.870817557511112,10.54
2025-12-08 15:00:00,11.11,11.631764,11.08691919809094,10.20650701658358,11.48953080863627,9.923783820866312,11.37
2025-12-08 15:30:00,11.58,13.162842,13.250511445369511,12.509485117977691,12.678046736452622,13.47445693785932,12.47
2025-12-08 16:00:00,12.39,13.885682,14.32470084199062,13.47938367155623,14.754416544050144,13.582660166769609,12.77
2025-12-08 16:30:00,14.7,14.033686,14.230103256276568,14.725204004524352,16.4781919960886,14.211378086897,14.23
2025-12-08 17:00:00,12.0,14.491194,14.719853217494489,14.413042000572537,15.88445115509012,14.211378086897,13.32
2025-12-08 17:30:00,11.04,13.68881,14.313078442129996,14.304192193811245,16.088567026502304,14.211378086897,14.0
2025-12-08 18:00:00,11.38,14.267577,14.291656293265252,14.10695554500471,15.129403969116762,14.155377253813322,13.05
2025-12-08 18:30:00,11.52,13.949941,13.48376307204866,13.675361513388632,15.073180068321212,14.122359787926149,13.0
2025-12-08 19:00:00,11.58,13.998425,13.506822910056576,13.582747181922995,14.178204143594996,14.042991815402171,12.99
2025-12-08 19:30:00,10.49,13.723445,13.624511931235087,13.074379653347318,14.294272864751308,13.46070284451754,12.52
2025-12-08 20:00:00,11.94,13.748662,13.46040755247717,13.2319322346977,14.45636896950376,13.44797740639606,12.37
2025-12-08 20:30:00,11.76,13.496758,12.951987487701468,12.96676222767084,13.701711187615016,13.435627095734118,11.91
2025-12-08 21:00:00,11.0,13.434433,12.740377628670132,12.774690000425764,13.636003127923386,13.435627095734118,11.87
2025-12-08 21:30:00,10.6,12.898812,12.179890279888683,12.390512689636008,12.6783601018898,13.416680429508771,11.58
2025-12-08 22:00:00,9.5,12.640761,11.898297261357882,12.101115345102778,12.1729360290963,13.328394732795877,11.23
2025-12-08 22:30:00,8.52,11.958065,11.50705504521853,11.481406067463483,11.16638903773905,12.36684439954555,10.87
2025-12-08 23:00:00,8.63,11.663035,10.851029279252431,11.041049602159946,10.592947993190496,11.344240612838934,10.77
2025-12-08 23:30:00,9.92,10.926057,10.295575379769948,9.809899058627872,10.544235678009144,9.340302995785247,10.54
2025-12-09 00:00:00,10.18,11.72436,10.59981906177096,11.113936162663276,11.36111162081036,10.576270884174416,10.81
2025-12-09 00:30:00,9.92,11.42125,10.653168185012456,10.957993896376069,11.363458335052282,9.85456210447275,10.66
2025-12-09 01:00:00,10.15,11.410814,10.641103244147702,11.005161941088202,11.284610771348216,9.85456210447275,10.58
2025-12-09 01:30:00,10.15,11.513624,10.605266611656774,10.87080744882895,11.1840490923209,9.85456210447275,10.78
2025-12-09 02:00:00,10.2,11.624518,10.726773216115705,10.81258460980891,11.067973054430876,9.923783820866312,10.9
2025-12-09 02:30:00,10.24,11.835989,10.726773216115705,11.182597345310215,11.541625831153564,10.83139720349999,11.08
2025-12-09 03:00:00,10.39,11.906066,10.739606903736938,11.078256954152383,11.813126117338848,11.344240612838934,11.28
2025-12-09 03:30:00,10.43,11.945587,10.953808566269895,11.19669011405888,11.847548824174975,11.273231737782892,11.34
2025-12-09 04:00:00,10.44,11.943792,11.24084400860034,11.346076566582198,11.574003259537111,12.46802498855974,11.4
2025-12-09 04:30:00,10.57,11.943792,11.158059450153264,11.314448768915456,12.760817610746972,11.92740603463244,11.43
2025-12-09 05:00:00,10.68,11.98927,11.158059450153264,11.423889363749256,13.141519011455388,11.92740603463244,11.66
2025-12-09 05:30:00,10.38,12.058681,11.051855870465758,11.437795867612852,12.956560180144066,11.92740603463244,11.72
2025-12-09 06:00:00,11.1,12.397688,11.67438286626822,13.233843167699805,13.666989560415969,12.964080624373418,12.07
2025-12-09 06:30:00,12.87,13.577404,12.850389133252683,12.94578294990545,14.14322582749503,13.26825176602713,13.04
2025-12-09 07:00:00,13.43,14.056929,13.716439194316242,13.690522643304211,13.82414111157425,13.56279419354775,13.53
2025-12-09 07:30:00,12.0,13.36637,12.749408509954185,12.85309836261951,13.23328873665372,13.416680429508771,12.17
2025-12-09 08:00:00,13.0,12.984732,12.806693841791708,12.4787929426121,13.434245623297052,13.208895493409887,12.83
2025-12-09 08:30:00,11.5,12.475016,12.394200376410408,11.997011030444336,13.842502266725257,13.106985697832734,12.1
2025-12-09 09:00:00,11.0,12.53255,12.426849673741708,11.659374779344631,12.597453236875271,12.964080624373418,11.62
2025-12-09 09:30:00,9.53,11.296815,12.750646397125928,9.719012258623478,12.311476811190817,9.693669673973298,10.33
2025-12-09 10:00:00,8.37,11.465517,11.838300470490337,10.1202689006374,11.51873567574458,8.36034559384442,10.03
2025-12-09 10:30:00,8.52,10.275944,9.2521098090487,8.778133675774736,9.92236151804497,7.748290504544496,9.79
2025-12-09 11:00:00,8.17,8.465776,8.373819015653995,7.837593570256529,8.157364191896344,7.586680814940996,9.84
2025-12-09 11:30:00,8.15,8.41432,9.138074989961831,7.836613760934448,8.454759699760045,7.072533653846468,9.21
2025-12-09 12:00:00,8.0,8.467567,8.678266370972654,8.133152507107718,8.752649100690181,7.0607999930633865,9.5
2025-12-09 12:30:00,8.0,8.093772,8.442979568902487,8.270816620352457,8.144039600454773,7.0607999930633865,9.77
2025-12-09 13:00:00,9.92,9.348403,11.080652575742896,9.074618110605185,10.307651333608378,7.867405281821788,10.47
2025-12-09 13:30:00,10.59,10.109661,11.058244667658562,9.37853484887298,11.55975716414272,8.383755560394667,11.05
2025-12-09 14:00:00,10.94,11.4119835,11.062283808325454,10.031576321216336,12.02995518608842,8.924472233605046,11.34
2025-12-09 14:30:00,11.09,11.88787,11.327564624070217,10.4765022992652,12.765500726828542,9.870817557511112,11.79
2025-12-09 15:00:00,11.5,12.127287,11.77375035058625,11.719024993301732,13.448394375920302,10.605377854444276,12.44
2025-12-09 15:30:00,15.08,13.513553,13.77030540756948,12.793880420063738,14.547493857391183,13.47445693785932,13.7
2025-12-09 16:00:00,15.32,13.6254225,14.356986815532943,13.62020988048772,15.022719641872769,13.582660166769609,14.2
2025-12-09 16:30:00,15.35,14.48986,14.420807705635228,14.05887232641259,18.7549330312126,14.211378086897,17.02
2025-12-09 17:00:00,15.2,14.584031,14.530824130622772,14.62540724544466,15.780999480082045,14.211378086897,14.4
2025-12-09 17:30:00,15.16,14.22402,13.836362056904978,14.572723864445146,16.83428738074136,14.155377253813322,15.37
2025-12-09 18:00:00,15.0,14.233923,14.051926937304213,14.143429737952266,14.800702379969104,14.042991815402171,13.93
2025-12-09 18:30:00,14.6,13.867932,13.400215497950995,13.875721114904984,15.08804548165156,13.582660166769609,13.74
2025-12-09 19:00:00,14.49,13.86058,13.373494869633042,13.88811197585308,14.53132017587062,13.582660166769609,13.65
2025-12-09 19:30:00,14.01,13.47984,13.089616763684583,13.33067942346509,14.34596968476807,13.44797740639606,12.94
2025-12-09 20:00:00,15.01,13.531345,13.121984705771489,13.191365109048318,14.406094765475244,13.44797740639606,13.15
2025-12-09 20:30:00,13.0,13.339575,12.58366223300616,13.609255177428563,14.17869797593044,13.435627095734118,12.65
2025-12-09 21:00:00,13.87,13.339575,12.565648070684633,12.716365178895114,13.816444860400386,13.435627095734118,12.53
2025-12-09 21:30:00,11.82,12.869342,11.930226053996613,12.23237719963858,13.116200883684735,13.416680429508771,11.82
2025-12-09 22:00:00,10.5,12.677764,11.812438841486744,12.28372787024376,12.50622479328178,13.328394732795877,11.35
2025-12-09 22:30:00,10.0,11.947421,11.379774478184826,11.654992251372196,11.40476363268849,12.473685468065916,10.76
2025-12-09 23:00:00,11.39,11.381873,10.748346755315234,11.008951976924395,10.833817748184147,11.273231737782892,10.59
2025-12-09 23:30:00,10.94,11.14664,10.342870337707865,9.825725910574931,10.721541628660896,9.27528525438898,10.82
2025-12-10 00:00:00,10.84,11.770065,11.393671856202293,12.488678105092289,11.203236902035275,9.85456210447275,11.34
2025-12-10 00:30:00,10.84,11.5552,11.461875230190683,11.873443561611907,11.440883761432216,9.3928986954622,11.02
2025-12-10 01:00:00,10.86,11.731608,11.461875230190683,12.516767577525655,11.688412287648031,9.85456210447275,11.21
2025-12-10 01:30:00,10.88,11.803708,11.430173715732092,12.406164117998868,11.74270794799274,8.933845495370813,11.15
2025-12-10 02:00:00,10.89,11.9805975,11.375602928554535,12.416315677237098,11.797414908524464,9.923783820866312,11.35
2025-12-10 02:30:00,11.0,12.163194,10.847701359863729,11.536089374046112,11.646147121344326,10.83139720349999,11.46
2025-12-10 03:00:00,11.02,12.203449,10.94276117929166,11.688042193342667,12.19864548986252,11.348880059043385,11.57
2025-12-10 03:30:00,11.1,12.268996,10.93452860234125,11.572865157142552,11.723760054269608,11.348880059043385,11.64
2025-12-10 04:00:00,11.11,12.163074,11.41522041714781,11.71888699292987,12.59452652671594,12.46802498855974,11.64
2025-12-10 04:30:00,11.36,12.103737,11.228957401399615,11.841152205108076,12.938828368513192,11.92740603463244,11.66
2025-12-10 05:00:00,11.43,12.163074,11.317682050596195,11.833280255724947,12.715510900283224,11.94434315734298,11.87
2025-12-10 05:30:00,11.58,12.163074,11.436521134148435,12.896823244207583,12.559264636657415,11.94434315734298,11.82
2025-12-10 06:00:00,15.0,12.680633,12.343548773856469,13.524783515988444,13.838672233509296,13.105097405656725,12.37
2025-12-10 06:30:00,15.96,14.153512,14.21040378997721,14.083466806855656,15.316235402030198,13.56279419354775,13.44
2025-12-10 07:00:00,18.25,14.751233,15.279462648579951,15.038278969148568,15.443206757861931,14.270457272833765,14.15
2025-12-10 07:30:00,15.77,14.056982,13.734292009278034,13.429820077011184,14.952133832022666,13.46070284451754,13.09
2025-12-10 08:00:00,15.12,13.537273,14.27880553324879,13.68108757452784,15.679149707766568,13.369164630232936,13.72
2025-12-10 08:30:00,13.69,13.339735,13.014871650311322,13.178609952663976,14.713017772921994,13.328394732795877,12.97
2025-12-10 09:00:00,11.74,12.917851,13.564461730001677,12.506730930501526,15.160771380422386,13.202264496687464,12.29
2025-12-10 09:30:00,11.09,12.43439,12.309521649088056,11.022911859863628,13.499478553489183,10.605377854444276,10.9
2025-12-10 10:00:00,11.3,11.164785,11.226026309246263,10.137431095433364,11.803294373561233,9.3928986954622,10.37
2025-12-10 10:30:00,10.5,10.627677,10.903167389367187,9.682922127530054,11.88141298158654,8.578707448540385,9.91
2025-12-10 11:00:00,10.31,10.574112,11.036694898768738,10.010642289436197,11.270374885705095,8.134925717087711,9.73
2025-12-10 11:30:00,9.92,10.23197,11.217189594772451,9.710184458699691,11.1628549072537,7.732856686639216,9.33
2025-12-10 12:00:00,8.44,9.113711,10.698216388865672,9.339995707781586,11.189935403002677,7.395901749443297,9.44
2025-12-10 12:30:00,10.22,9.637766,10.827372549432464,8.873880164198646,9.751681079537269,7.732856686639216,9.49
2025-12-10 13:00:00,10.75,10.363464,10.457210680317836,9.42348988522253,11.733051991221217,8.54492393296032,10.48
2025-12-10 13:30:00,11.0,11.646868,10.847010615774847,9.934179789214973,11.456704627682484,9.291207996034828,11.16
2025-12-10 14:00:00,11.39,12.052312,11.223158481908287,10.774527215863245,12.611965085753532,9.85456210447275,11.44
2025-12-10 14:30:00,11.62,12.424815,11.397327532133524,11.297324941208927,13.202766563665335,11.180953122539114,11.99
2025-12-10 15:00:00,12.57,12.542934,12.854284144620358,11.600314506908672,13.564945053401548,12.11940899357585,12.71
2025-12-10 15:30:00,15.12,14.61495,14.268718620886355,13.86834657624648,14.319879249728608,13.582660166769609,14.95
2025-12-10 16:00:00,15.24,14.9725895,15.57617334397536,14.458732849263567,16.593501659794352,14.211378086897,15.26
2025-12-10 16:30:00,15.96,15.300794,14.415610934446349,15.950015446635382,16.47908244995746,14.270457272833765,18.04
2025-12-10 17:00:00,15.56,15.154283,14.85838474666418,14.989659510623126,15.83108999029078,14.270457272833765,15.77
2025-12-10 17:30:00,15.82,14.871532,14.521641781470247,15.595396302290396,15.198448022329885,14.270457272833765,17.15
2025-12-10 18:00:00,15.16,15.090496,15.040386353290527,14.675425595857398,15.108316863545706,14.211378086897,15.23
2025-12-10 18:30:00,15.0,14.564578,13.372601433526524,14.161367637484092,14.953311017710568,14.211378086897,15.14
2025-12-10 19:00:00,15.0,14.450195,13.752229781238864,13.978069799530708,14.992541807842365,14.211378086897,14.83
2025-12-10 19:30:00,14.85,14.193694,13.551702941949817,13.59797346336354,14.582090227194364,13.582660166769609,14.03
2025-12-10 20:00:00,15.0,14.313994,13.289198900617706,13.639385201336378,15.120729157781868,13.582660166769609,14.36
2025-12-10 20:30:00,14.37,13.632251,12.90044585303974,13.347309924637846,13.904947540383302,13.44797740639606,13.5
2025-12-10 21:00:00,13.42,13.425578,12.5042928265389,12.979970601797044,13.296467908573057,13.435627095734118,13.75
2025-12-10 21:30:00,12.57,12.954988,12.052138627883949,12.688328479915944,12.89079992644514,13.435627095734118,12.67
2025-12-10 22:00:00,13.0,12.92972,11.9406549845335,12.347851385278284,12.902965324458266,13.416680429508771,11.76
2025-12-10 22:30:00,11.62,11.80561,11.30043552403176,11.623250868038228,11.475621617559485,12.21807509398078,11.05
2025-12-10 23:00:00,11.24,11.749491,10.84445597371928,11.379604821416091,11.25805678705119,11.94434315734298,11.48
2025-12-10 23:30:00,11.01,11.16763,10.46987486110617,10.647469603486917,11.183107129993337,9.85456210447275,11.05
2025-12-11 00:00:00,11.0,11.770065,11.244099605908056,12.540592331112094,11.356299826619647,9.923783820866312,11.05
2025-12-11 00:30:00,10.72,11.737004,11.334793499937454,12.513327974525408,11.326713030238944,9.85456210447275,10.96
2025-12-11 01:00:00,10.77,11.731608,11.410086049028138,12.456987872750831,11.552207504168123,9.85456210447275,11.06
2025-12-11 01:30:00,10.88,11.706979,11.311901205205524,12.327103795370173,11.517734009864466,8.933845495370813,11.15
2025-12-11 02:00:00,10.92,11.803708,11.176198598550398,12.416315677237098,11.517983992693972,9.923783820866312,11.34
2025-12-11 02:30:00,10.9,11.986304,11.300326271733676,12.454006795717572,11.788478549797718,10.83139720349999,11.49
2025-12-11 03:00:00,10.94,11.931401,11.413153796004783,12.550928632576074,12.060593022309057,11.180953122539114,11.62
2025-12-11 03:30:00,11.01,11.896727,10.813128638067932,11.47475561739028,11.56347503028769,11.180953122539114,11.61
2025-12-11 04:00:00,11.04,11.824626,11.126506942940695,11.48545498459468,12.734070683993158,12.21807509398078,11.69
2025-12-11 04:30:00,11.09,12.046993,11.142130158922091,11.63274912694274,12.821266001469478,11.39909806149461,11.8
2025-12-11 05:00:00,11.1,12.10633,11.070393737405588,11.73678474645972,12.464855131077115,11.94434315734298,11.91
2025-12-11 05:30:00,11.47,12.10633,11.115859123813497,11.906486831159537,12.649749058303955,11.94434315734298,11.98
2025-12-11 06:00:00,13.16,12.704953,12.160951051584275,13.683961877576378,13.973373006090812,13.26825176602713,13.44
2025-12-11 06:30:00,14.85,14.07015,13.619843200365954,14.274698214629424,14.509096150021252,13.582660166769609,14.48
2025-12-11 07:00:00,15.0,15.319577,14.296399934166985,15.064745024103669,15.247890290722523,14.50597981551764,15.62
2025-12-11 07:30:00,13.0,14.129848,13.70026516075364,14.52511809189352,14.303732787046007,14.122359787926149,14.24
2025-12-11 08:00:00,15.0,14.042498,13.923722500545203,13.984774620306514,14.745873889102484,14.042991815402171,14.21
2025-12-11 08:30:00,14.0,13.189906,12.766426302912173,12.706588651774531,13.767218715945967,13.435627095734118,13.18
2025-12-11 09:00:00,13.2,12.42795,12.9700680504981,12.05675048962,14.368124886715949,13.328394732795877,12.2
2025-12-11 09:30:00,12.07,11.334617,10.834678848207847,10.28896534828077,12.774732626959668,10.605377854444276,11.26
2025-12-11 10:00:00,10.55,10.594723,10.174027896219451,9.101566503109002,10.642953883968918,9.693669673973298,10.93
2025-12-11 10:30:00,10.04,8.836594,8.485407519376903,8.311895301597277,9.86995497548079,8.49955534376255,10.55
2025-12-11 11:00:00,8.21,8.390107,7.716150520534994,7.972810443957731,8.787236577020465,8.356519120982403,10.41
2025-12-11 11:30:00,8.12,8.011842,7.155889328887884,7.736933623144255,7.877071612955846,7.732856686639216,9.87
2025-12-11 12:00:00,8.1,7.835908,6.514491956864609,7.220772511952373,8.118020695684498,7.395901749443297,9.65
2025-12-11 12:30:00,8.05,8.2549,7.440014367379363,7.327676152548304,6.99703242128848,7.732856686639216,10.18
2025-12-11 13:00:00,9.0,8.280268,8.356940569473267,8.825125247725722,9.196046043031666,8.36034559384442,10.75
2025-12-11 13:30:00,9.11,9.121941,8.553982272439521,9.326726321928108,9.74559733634376,9.291207996034828,11.22
2025-12-11 14:00:00,9.92,9.904762,8.69888321553511,9.1477360732731,10.12090829795299,9.85456210447275,11.44
2025-12-11 14:30:00,11.0,11.054585,10.153198337227783,10.374003110791373,11.595461834232612,11.187881022436446,12.04
2025-12-11 15:00:00,11.39,11.7043,11.727918011520227,11.069004255684964,12.342216463617474,12.11940899357585,12.84
2025-12-11 15:30:00,12.13,14.296737,14.001953047297128,13.88558979850306,13.557512162426388,14.042991815402171,14.77
2025-12-11 16:00:00,13.42,15.232716,15.41476041027023,14.614571421046376,15.615980264975418,14.211378086897,15.05
2025-12-11 16:30:00,14.5,14.974358,13.528815096306955,16.046734143135044,14.918948538248957,14.72231459480538,17.93
2025-12-11 17:00:00,14.41,15.396795,14.14312897187844,14.84222759090191,14.315973254231674,14.406232750797065,16.07
2025-12-11 17:30:00,14.0,14.592133,13.555374517047856,15.290566646466242,14.464178051642694,14.270457272833765,17.59
2025-12-11 18:00:00,13.7,14.58835,14.2042444610193,14.595540713807786,14.589355923785917,14.270457272833765,15.39
2025-12-11 18:30:00,12.8,14.313576,13.702812594849824,14.28339942871716,14.745490282019682,14.270457272833765,15.36
2025-12-11 19:00:00,12.5,14.794342,13.997866210209663,14.326877834905828,14.586522875667496,14.270457272833765,15.29
2025-12-11 19:30:00,12.0,14.116631,13.831389097159938,14.123018943702991,14.313031949316402,14.179390988309674,14.79
2025-12-11 20:00:00,11.86,14.415966,14.016327214931549,14.689684428189576,15.41018750216829,14.211378086897,14.89
2025-12-11 20:30:00,11.31,14.321275,13.56631616243305,13.331972165688668,14.949909734699562,13.582660166769609,14.26
2025-12-11 21:00:00,11.24,13.790854,13.270362063047244,13.464904135899449,13.86707488683212,13.44797740639606,13.78
2025-12-11 21:30:00,11.09,13.408867,12.531392217220086,13.801798289312336,13.361608255341505,13.435627095734118,12.98
2025-12-11 22:00:00,11.09,13.386028,12.532596819248932,12.709612625996147,13.059521743273486,13.416680429508771,12.72
2025-12-11 22:30:00,11.0,12.309243,11.684309896858316,12.138188470304232,12.098121383006864,12.36684439954555,11.76
2025-12-11 23:00:00,10.79,12.362815,11.21399256522979,11.72604023982333,11.956317126867656,12.21807509398078,11.77
2025-12-11 23:30:00,10.75,12.093598,10.960274561156616,11.07939884369041,10.745022489572682,10.605377854444276,11.5
2025-12-12 00:00:00,10.43,11.647946,10.537266018028728,11.378851761195444,11.413590020063578,10.605377854444276,11.14
2025-12-12 00:30:00,10.3,11.690661,10.543157184814705,11.221319678149694,11.017025738659884,9.85456210447275,10.82
2025-12-12 01:00:00,10.39,11.542134,11.311323591136771,12.372505793656591,10.907892199963332,9.923783820866312,10.91
2025-12-12 01:30:00,10.35,11.592105,11.167953078380574,12.31747790770434,11.278499035562136,9.923783820866312,11.03
2025-12-12 02:00:00,10.39,11.592105,11.054714225616143,12.339712414918491,11.465261526508588,9.923783820866312,11.16
2025-12-12 02:30:00,10.39,11.788109,11.158606506524205,12.440154291996135,11.50969003700075,10.83139720349999,11.32
2025-12-12 03:00:00,10.44,11.731986,11.138885224625229,12.441120047275602,11.893842252420542,11.180953122539114,11.42
2025-12-12 03:30:00,10.48,11.778283,11.20401186736467,12.41321971470846,11.601544583614208,11.180953122539114,11.4
2025-12-12 04:00:00,10.47,11.875408,11.779173835595271,13.044512112717284,12.413326291502358,12.46802498855974,11.58
2025-12-12 04:30:00,10.67,12.108935,11.739970413532811,12.938071997132203,11.190953725557058,11.94434315734298,11.56
2025-12-12 05:00:00,10.84,12.230458,11.749985735072835,12.774065856478623,12.078752959600482,11.94434315734298,11.63
2025-12-12 05:30:00,11.01,12.167186,11.853429458364108,13.062340696071004,12.413808275941186,11.94434315734298,11.75
2025-12-12 06:00:00,11.63,12.963838,13.03166730331114,13.514787081818758,13.307272234833576,13.26825176602713,13.01
2025-12-12 06:30:00,13.19,14.4175205,14.945636584830732,15.461546319338195,14.674707488262854,14.270457272833765,14.03
2025-12-12 07:00:00,13.0,15.586883,15.119062670551507,15.51120352350489,15.112571370195225,14.817457930622297,14.59
2025-12-12 07:30:00,12.0,13.943096,14.518801202920374,14.458649996343524,14.35142643013346,14.122359787926149,13.25
2025-12-12 08:00:00,12.11,13.958221,14.736156320446211,14.33937112568904,15.038744599128336,14.042991815402171,14.13
2025-12-12 08:30:00,11.5,13.687446,13.015065545581583,14.098828544719268,14.995059360018455,13.44797740639606,13.04
2025-12-12 09:00:00,10.41,13.005481,14.19789716755172,14.857273320658637,17.083351251809475,13.369164630232936,12.46
2025-12-12 09:30:00,10.0,12.105086,13.951238121340058,13.038461518380952,16.008719228459505,10.605377854444276,11.44
2025-12-12 10:00:00,9.92,11.735074,11.331344441882695,11.309656959431482,14.731148790292677,9.340302995785247,10.61
2025-12-12 10:30:00,9.79,10.748358,11.254297159978451,11.282890065596703,12.709304257601014,8.49955534376255,10.3
2025-12-12 11:00:00,9.56,9.450162,10.90640777276599,11.760413149622522,11.92104655501524,8.136959916014783,9.36
2025-12-12 11:30:00,9.5,9.335034,11.894093077324948,11.186129016398768,11.575981850257,7.732856686639216,9.1
2025-12-12 12:00:00,8.0,8.750475,11.024165782022264,10.517327262074948,10.09624743735748,7.072533653846468,8.93
2025-12-12 12:30:00,8.81,9.731491,11.580114870434157,11.948055343466804,10.52581708663755,7.732856686639216,9.34
2025-12-12 13:00:00,9.53,11.108667,11.27238103064114,14.471105972986274,14.119340025945167,8.136959916014783,10.07
2025-12-12 13:30:00,9.53,11.461406,11.653675247335816,13.625540493504587,17.15988091195043,8.563749655695103,10.37
2025-12-12 14:00:00,10.0,12.3010845,12.071390539889638,12.506141762314336,15.930504552505134,8.924472233605046,10.81
2025-12-12 14:30:00,11.14,13.022404,12.31995532616315,13.748113173113888,16.31519531034033,9.923783820866312,11.49
2025-12-12 15:00:00,11.36,13.28763,13.886534775766844,14.18505833268656,14.917105844418677,10.605377854444276,12.19
2025-12-12 15:30:00,15.01,15.147944,16.692526818469627,16.07761156792361,17.223908390870736,13.582660166769609,13.13
2025-12-12 16:00:00,16.0,15.502614,16.80812147514258,16.155092491260643,18.318937856172496,14.211378086897,14.23
2025-12-12 16:30:00,16.3,16.359394,15.197308596903678,17.173154199727925,19.340961919436594,14.50597981551764,16.76
2025-12-12 17:00:00,16.3,15.341286,15.907184299520983,16.152639814734904,18.109010023586983,14.406232750797065,15.07
2025-12-12 17:30:00,16.42,15.850156,14.393336725960756,16.546095574526557,17.637187530434478,14.406232750797065,16.22
2025-12-12 18:00:00,16.8,14.886704,16.00367703641289,16.224467050006243,15.719637535080434,14.406232750797065,14.54
2025-12-12 18:30:00,16.39,14.646832,15.149785962438,15.0307148093115,16.773005724168236,14.211378086897,14.39
2025-12-12 19:00:00,16.6,14.511485,15.298453388355409,15.117905456879058,17.311136889531998,14.211378086897,14.05
2025-12-12 19:30:00,16.0,14.269781,14.88670409419706,14.464009626633851,16.382939247891795,14.042991815402171,13.59
2025-12-12 20:00:00,14.0,14.746094,15.20650349591468,15.084088729353132,17.969230666292255,14.211378086897,13.65
2025-12-12 20:30:00,15.23,14.305248,14.518203993547225,13.593503405631404,16.880657825778073,13.47445693785932,13.32
2025-12-12 21:00:00,12.82,13.935215,14.051437553171674,14.016100615295114,16.483520434603786,13.46070284451754,12.94
2025-12-12 21:30:00,12.2,13.668266,13.511194202851168,14.433039241423586,15.927044507902938,13.44797740639606,12.65
2025-12-12 22:00:00,12.03,13.539578,13.733268223996722,14.64463509852129,15.939033526906371,13.328394732795877,12.11
2025-12-12 22:30:00,13.19,12.635923,12.35930386348882,13.81859335177985,13.451925815679166,12.36684439954555,11.41
2025-12-12 23:00:00,12.0,12.622631,12.019636403451702,13.52747028954382,13.888511388763854,12.21807509398078,11.57
2025-12-12 23:30:00,11.18,12.520237,11.022489132209358,12.567071914371494,10.74369373261009,9.85456210447275,11.21
2025-12-13 00:00:00,10.77,,,,,,10.91
2025-12-13 00:30:00,10.69,,,,,,10.67
2025-12-13 01:00:00,10.77,,,,,,10.81
2025-12-13 01:30:00,10.68,,,,,,10.79
2025-12-13 02:00:00,10.69,,,,,,10.91
2025-12-13 02:30:00,10.77,,,,,,11.0
2025-12-13 03:00:00,10.77,,,,,,11.18
2025-12-13 03:30:00,10.77,,,,,,11.2
2025-12-13 04:00:00,10.77,,,,,,11.26
2025-12-13 04:30:00,10.77,,,,,,11.35
2025-12-13 05:00:00,10.77,,,,,,11.38
2025-12-13 05:30:00,10.61,,,,,,11.5
2025-12-13 06:00:00,10.95,,,,,,12.4
2025-12-13 06:30:00,11.5,,,,,,13.65
2025-12-13 07:00:00,13.12,,,,,,13.85
2025-12-13 07:30:00,12.08,,,,,,12.7
2025-12-13 08:00:00,11.29,,,,,,12.98
2025-12-13 08:30:00,10.69,,,,,,12.22
2025-12-13 09:00:00,10.5,,,,,,11.41
2025-12-13 09:30:00,9.92,,,,,,10.72
2025-12-13 10:00:00,8.21,,,,,,10.22
2025-12-13 10:30:00,8.13,,,,,,10.32
2025-12-13 11:00:00,8.1,,,,,,9.55
2025-12-13 11:30:00,8.0,,,,,,9.52
2025-12-13 12:00:00,8.1,,,,,,8.89
2025-12-13 12:30:00,8.1,,,,,,9.42
2025-12-13 13:00:00,9.85,,,,,,9.69
2025-12-13 13:30:00,9.92,,,,,,10.14
2025-12-13 14:00:00,10.0,,,,,,10.51
2025-12-13 14:30:00,10.4,,,,,,11.27
2025-12-13 15:00:00,10.93,,,,,,11.9
2025-12-13 15:30:00,12.0,,,,,,13.84
2025-12-13 16:00:00,13.2,,,,,,14.53
2025-12-13 16:30:00,14.0,,,,,,13.93
2025-12-13 17:00:00,13.5,,,,,,15.13
2025-12-13 17:30:00,14.2,,,,,,13.53
2025-12-13 18:00:00,14.2,,,,,,14.91
2025-12-13 18:30:00,14.27,,,,,,14.52
2025-12-13 19:00:00,13.5,,,,,,14.61
2025-12-13 19:30:00,13.01,,,,,,14.24
2025-12-13 20:00:00,12.5,,,,,,13.79
2025-12-13 20:30:00,12.5,,,,,,13.58
2025-12-13 21:00:00,12.95,,,,,,12.83
2025-12-13 21:30:00,12.01,,,,,,11.94
2025-12-13 22:00:00,11.96,,,,,,11.74
2025-12-13 22:30:00,11.89,,,,,,11.59
2025-12-13 23:00:00,11.86,,,,,,11.36
2025-12-13 23:30:00,10.92,,,,,,10.98
2025-12-14 00:00:00,10.79,11.341298,10.585245693553455,11.130091578546452,10.70986244318163,9.693669673973298,10.55
2025-12-14 00:30:00,11.35,11.4768305,10.626446536101623,10.432991864884334,10.052192377451638,8.933845495370813,10.46
2025-12-14 01:00:00,11.26,11.64875,10.565790514714212,11.03903928484233,11.350791611831443,8.933845495370813,10.42
2025-12-14 01:30:00,11.16,11.581619,10.714568223180848,10.91305168256501,11.033636260715763,8.933845495370813,10.47
2025-12-14 02:00:00,11.1,11.531648,10.656241070648914,11.013540693703366,11.06772422491876,8.933845495370813,10.55
2025-12-14 02:30:00,10.85,11.79545,10.65172176711887,11.470392887049972,10.875692535189929,9.85456210447275,10.66
2025-12-14 03:00:00,10.71,11.800647,10.7189036051361,11.564592732336216,11.18983478143468,11.180953122539114,10.8
2025-12-14 03:30:00,10.71,11.978046,10.57775339896772,11.25927783867175,11.129205799090814,10.83139720349999,10.63
2025-12-14 04:00:00,10.71,11.955173,10.456491283995293,11.242073306777016,11.136027408054032,11.94434315734298,10.75
2025-12-14 04:30:00,10.8,11.968332,10.572622487974218,11.376204832711144,10.96860918613138,10.83139720349999,10.76
2025-12-14 05:00:00,10.71,12.0100155,10.871114074378283,11.555258401388858,10.908879341289088,11.94434315734298,10.86
2025-12-14 05:30:00,10.53,11.806814,10.880087387426212,12.529871312429613,10.927520124086232,11.94434315734298,10.77
2025-12-14 06:00:00,10.4,12.1058035,11.510594757790152,12.82048946028396,11.414174859212212,13.12382667810645,11.57
2025-12-14 06:30:00,10.5,13.721111,12.751783766032869,13.36080905620097,12.98163896214768,14.155377253813322,12.34
2025-12-14 07:00:00,10.9,14.015458,13.149075007576077,14.314523758280284,13.37014506419069,14.270457272833765,13.18
2025-12-14 07:30:00,11.51,13.159963,12.457821897212328,12.436254393555531,12.125490481236533,13.46070284451754,12.12
2025-12-14 08:00:00,14.05,12.755875,12.735716027113872,12.464266463050937,11.921073687551129,13.435627095734118,12.08
2025-12-14 08:30:00,14.24,12.505722,11.803740361831975,12.099435777298712,12.325939613086105,13.105097405656725,11.4
2025-12-14 09:00:00,14.37,12.294256,11.653841075876857,12.621302162460884,13.791455221346975,12.57857066211709,10.91
2025-12-14 09:30:00,15.0,11.010802,11.235346401556372,9.7352400209574,12.425301040747229,9.870817557511112,10.48
2025-12-14 10:00:00,15.0,10.657361,11.48527113661012,9.538692965654771,12.146169792787267,9.340302995785247,9.85
2025-12-14 10:30:00,14.31,11.284277,11.193883880038252,9.807571378327948,13.389820100741762,8.516659321826795,9.43
2025-12-14 11:00:00,14.27,10.602745,11.223325624523028,10.650644071497432,11.266556103304762,7.881227447724293,9.18
2025-12-14 11:30:00,14.09,10.719608,10.445939200876046,10.197269921487656,10.675900788508956,7.586680814940996,8.91
2025-12-14 12:00:00,11.32,10.753345,10.016203623701,11.559713806132237,11.412650535907666,7.072533653846468,8.54
2025-12-14 12:30:00,10.7,10.553049,9.761335628842517,10.106111281234876,10.644707773218189,7.471945320883604,8.95
2025-12-14 13:00:00,10.71,10.642579,10.618464655458688,10.942462429194386,11.887048482295029,7.867405281821788,9.92
2025-12-14 13:30:00,10.5,10.680684,11.067328421965785,11.157157008947978,12.307775153096747,8.516659321826795,10.05
2025-12-14 14:00:00,10.41,11.412699,10.209272701252807,9.865876497022494,12.043849564614836,8.54492393296032,10.53
2025-12-14 14:30:00,10.36,11.768552,9.971617871656546,10.714940413692812,13.721273446358667,9.340302995785247,10.66
2025-12-14 15:00:00,10.4,12.024394,11.83143292654389,11.122827493837953,13.300630354572652,11.180953122539114,11.13
2025-12-14 15:30:00,10.42,13.399512,13.322474111000728,13.051698414640155,13.012862575440389,13.47445693785932,12.31
2025-12-14 16:00:00,10.73,13.866782,13.447409533226232,13.46276693198988,14.070388855600225,13.582660166769609,12.97
2025-12-14 16:30:00,11.1,14.80905,13.88666457098463,15.147162744775448,15.00468575738648,14.270457272833765,13.8
2025-12-14 17:00:00,11.5,14.489404,13.771530638397056,14.449367546331445,14.962367927699928,14.270457272833765,13.31
2025-12-14 17:30:00,12.03,14.876117,13.18926367556407,14.531333177535842,14.300255119025811,14.270457272833765,13.47
2025-12-14 18:00:00,10.92,14.334516,13.58507825556948,14.06098511326862,14.83053246318782,14.211378086897,13.35
2025-12-14 18:30:00,10.9,14.191093,13.442657394588242,13.842193041073404,14.525614743201547,14.211378086897,13.21
2025-12-14 19:00:00,10.9,14.174612,13.40931171139742,13.882281833201969,14.408306100018375,14.211378086897,13.02
2025-12-14 19:30:00,11.5,13.26293,12.837325699925792,13.470581346215042,13.580607824942678,13.582660166769609,12.65
2025-12-14 20:00:00,11.1,13.598574,12.535629702463448,13.76967078997806,13.70053301568506,13.582660166769609,12.49
2025-12-14 20:30:00,10.9,13.530006,12.275917178684589,12.900807817319617,14.146363576008444,13.328394732795877,12.09
2025-12-14 21:00:00,10.9,13.4074745,12.094245974431034,14.06712784703196,13.944805520309828,13.435627095734118,12.11
2025-12-14 21:30:00,10.9,12.946283,12.19302426892155,13.589654220112038,12.867085857628174,13.202264496687464,11.38
2025-12-14 22:00:00,11.38,13.004847,12.175091867795109,12.666012693354062,12.75604078552617,13.208895493409887,11.17
2025-12-14 22:30:00,11.1,12.307064,11.48537455825938,12.19764176000089,12.11249829388533,12.11940899357585,10.9
2025-12-14 23:00:00,10.71,12.234435,10.996652519447128,11.893575427005338,11.749081867874116,11.187881022436446,10.87
2025-12-14 23:30:00,10.35,11.592152,10.718839144184674,11.373285439236485,10.629818355602495,8.933845495370813,10.34
2025-12-15 00:00:00,9.92,10.931328,10.056053787093964,10.595698917000584,11.293285575959162,8.924472233605046,10.27
2025-12-15 00:30:00,9.76,10.925849,9.87356776311579,9.876450646500285,10.019967407609265,8.924472233605046,10.36
2025-12-15 01:00:00,9.79,11.043595,9.945094723959684,10.169975205316565,10.599221497616234,8.933845495370813,10.29
2025-12-15 01:30:00,9.78,10.976464,10.109640781044371,9.985517335435931,10.644745589489764,8.931392701749362,10.53
2025-12-15 02:00:00,9.76,11.108298,10.3484285207658,10.475072829108807,10.790600175455024,8.931392701749362,10.42
2025-12-15 02:30:00,9.76,11.38548,10.379334971821306,10.735890726859411,10.570649757502183,8.933845495370813,10.47
2025-12-15 03:00:00,9.79,11.532728,10.6215307133033,10.86855585872607,11.469879391486934,10.83139720349999,10.57
2025-12-15 03:30:00,9.79,11.256998,10.550098872412647,10.831780006219418,11.067439223833746,11.180953122539114,10.54
2025-12-15 04:00:00,9.85,11.404798,10.32458912870194,10.863857582675948,10.848648853750865,10.576270884174416,10.57
2025-12-15 04:30:00,9.93,11.354827,10.456225625975474,10.937274247716104,10.68198731826559,10.576270884174416,10.69
2025-12-15 05:00:00,10.23,11.462936,10.610745582030209,10.86142814867256,10.647912759431138,10.605377854444276,10.63
2025-12-15 05:30:00,10.4,11.535423,10.534902336657202,12.043495546451906,10.924192453288962,10.83139720349999,10.65
2025-12-15 06:00:00,9.77,11.79463,11.115579071255898,12.718639964847211,10.746230632018223,12.66506534947766,11.15
2025-12-15 06:30:00,9.92,12.939017,12.351916985314608,13.256826677747638,12.133953885106369,13.435627095734118,12.08
2025-12-15 07:00:00,9.92,13.786519,13.198062735085992,14.170148649512292,12.910647188140135,14.211378086897,12.59
2025-12-15 07:30:00,9.77,12.870933,12.527506731721,12.559860487571006,12.340550899080483,13.416680429508771,12.22
2025-12-15 08:00:00,11.11,13.081729,12.876399522913598,12.786275863109816,12.14608274160072,13.47445693785932,13.08
2025-12-15 08:30:00,11.74,13.055396,11.892982807894851,12.495851790086428,11.620846092877867,13.416680429508771,12.92
2025-12-15 09:00:00,9.81,12.316381,11.775087181500794,12.013179510708609,13.141900631145928,12.66506534947766,12.44
2025-12-15 09:30:00,9.36,11.181309,11.501621476279862,9.766117711140971,12.678663367510705,10.605377854444276,12.55
2025-12-15 10:00:00,8.25,11.052738,11.458721523624217,10.904101983133431,13.578213417473274,9.923783820866312,13.83
2025-12-15 10:30:00,8.15,10.756078,10.3126826517475,10.764755350586292,12.249120983165144,8.933845495370813,13.22
2025-12-15 11:00:00,8.0,9.900867,9.91026775558153,11.43410650617644,8.953159708776273,8.36034559384442,13.1
2025-12-15 11:30:00,5.0,9.42558,8.681743212706058,11.282359874786607,8.898314200382636,7.75435448440363,11.15
2025-12-15 12:00:00,6.5,9.211897,9.059256488116477,9.85563305084144,11.32176256620682,7.471945320883604,10.07
2025-12-15 12:30:00,5.0,10.07993,9.080250754633626,9.112819242011335,10.356506980593194,7.586680814940996,10.2
2025-12-15 13:00:00,8.09,10.964706,9.761134636434166,10.523585653900978,13.105266126739147,7.881227447724293,11.23
2025-12-15 13:30:00,8.14,11.676659,10.101439228718704,10.604232425220236,13.057501432711955,8.516659321826795,11.23
2025-12-15 14:00:00,9.0,12.378348,11.080757022143985,9.821345751494906,12.33975105519828,8.578707448540385,11.38
2025-12-15 14:30:00,10.29,11.789884,10.30907203563777,10.51760731435671,13.487743885205845,9.870817557511112,11.06
2025-12-15 15:00:00,9.98,12.512324,10.792756818435468,10.982359429033211,12.909020306461908,11.273231737782892,11.45
2025-12-15 15:30:00,11.54,14.156196,15.618966624053929,14.560347642203473,14.448118178287263,13.46070284451754,12.54
2025-12-15 16:00:00,13.0,14.156593,13.399834586402877,13.826603176579754,14.341496513102053,13.582660166769609,12.93
2025-12-15 16:30:00,15.01,14.675812,13.723406636690855,14.832243023350388,15.051469019920564,14.211378086897,13.83
2025-12-15 17:00:00,11.87,14.501983,14.01085636805062,14.3944150936196,14.414158506517635,14.211378086897,13.69
2025-12-15 17:30:00,11.92,15.012999,13.594829215035778,14.581648032065017,14.386798176565003,14.211378086897,13.76
2025-12-15 18:00:00,13.01,14.356704,14.316310000864638,14.07947257862686,14.783855427160068,14.211378086897,13.29
2025-12-15 18:30:00,13.19,13.87774,13.254060088032665,13.752828204889154,13.739518753057787,14.042991815402171,13.1
2025-12-15 19:00:00,12.0,13.569127,12.827657468064208,13.807964560595028,13.359339619997526,14.042991815402171,13.19
2025-12-15 19:30:00,11.64,13.387129,12.688428410122196,13.398977280780098,13.65580138770355,13.56279419354775,13.02
2025-12-15 20:00:00,11.35,13.720668,13.063612935698368,13.684860832205873,13.017024796116685,13.47445693785932,12.99
2025-12-15 20:30:00,10.94,13.492668,13.032047600851502,13.659539648490838,13.563466499975338,13.435627095734118,12.66
2025-12-15 21:00:00,10.96,13.352467,12.467523155606257,13.840400486428086,12.97361175452918,13.435627095734118,12.67
2025-12-15 21:30:00,10.19,12.849133,11.975082830755555,13.258431256363998,12.419961450639146,13.202264496687464,11.9
2025-12-15 22:00:00,9.87,12.837746,12.047805055034178,12.56932534916381,12.460834911930707,13.328394732795877,12.03
2025-12-15 22:30:00,9.73,12.08209,11.400713182210868,11.971094095317646,11.500448978766174,11.94434315734298,11.61
2025-12-15 23:00:00,10.54,12.150866,11.060472107529105,11.95202024836991,11.564098701120503,11.187881022436446,11.49
2025-12-15 23:30:00,10.34,11.560039,10.56697167832055,10.867225227658842,10.28335374416311,8.850576968062533,11.14
2025-12-16 00:00:00,10.24,10.8166,10.078632227942396,10.0945302506233,11.13079843956644,8.850576968062533,10.49
2025-12-16 00:30:00,10.28,10.688688,9.830702118747974,9.764207813995387,10.486613855234582,8.850576968062533,10.32
2025-12-16 01:00:00,10.32,10.959851,9.979084273796344,9.880461386239372,10.697061393177885,8.924472233605046,10.35
2025-12-16 01:30:00,10.35,10.758307,10.042900284663007,9.85670517154054,10.554806866691967,8.924472233605046,10.51
2025-12-16 02:00:00,10.35,10.768276,10.150768682211316,9.90847581953394,9.967473785168131,8.924472233605046,10.6
2025-12-16 02:30:00,10.35,11.268584,10.259033048749997,10.40212360909582,10.564080686664964,8.924472233605046,10.67
2025-12-16 03:00:00,10.38,11.600434,10.485372956131297,10.566620271388375,10.655949805396135,9.85456210447275,10.86
2025-12-16 03:30:00,10.38,11.323492,10.439733537664692,10.70387272099823,10.46036661392501,9.870817557511112,10.75
2025-12-16 04:00:00,10.38,11.192435,10.345860291227517,10.775093001187972,10.510968536435517,8.933845495370813,10.82
2025-12-16 04:30:00,10.43,11.432978,10.381167264172047,10.835441375708283,10.606073024433968,9.923783820866312,10.92
2025-12-16 05:00:00,10.53,11.550628,10.54088341988387,10.956248018810436,10.0079079879759,10.576270884174416,11.02
2025-12-16 05:30:00,10.58,11.58169,10.5478304255384,12.185777712828347,10.395748307262725,10.576270884174416,11.02
2025-12-16 06:00:00,10.86,12.104464,11.315122955280897,12.754865337448884,11.050691593573662,13.089508514437254,11.45
2025-12-16 06:30:00,13.55,13.084211,12.441873977818986,13.118764213234956,13.767697898730932,13.47445693785932,12.1
2025-12-16 07:00:00,14.31,14.042972,13.564840502961776,14.41652424834601,14.949756417333534,14.211378086897,12.58
2025-12-16 07:30:00,13.01,13.703268,12.993799528401848,13.317429237602704,14.36425691306196,13.56279419354775,12.22
2025-12-16 08:00:00,13.0,13.57683,13.409840300472604,13.696064715247164,14.286552574855046,13.582660166769609,12.94
2025-12-16 08:30:00,11.5,13.858485,13.40466678316208,13.5288743509738,14.183289223029508,13.44797740639606,12.52
2025-12-16 09:00:00,10.89,14.360353,12.625764007080196,13.89815421113368,15.050157387932003,13.01979998436281,11.97
2025-12-16 09:30:00,10.69,12.505631,11.40524953187616,10.610791041564893,13.76261361267778,11.348880059043385,11.91
2025-12-16 10:00:00,10.02,12.156794,12.32080426353962,10.754617387130546,14.941550269125228,11.187881022436446,11.67
2025-12-16 10:30:00,9.92,11.4386215,12.648687488938656,10.707300402309365,12.275171813213785,9.870817557511112,11.12
2025-12-16 11:00:00,9.7,11.088998,11.680060309469342,11.930374138925128,12.42878042083132,8.931392701749362,11.18
2025-12-16 11:30:00,9.7,10.317493,9.767048479846071,10.060983053414224,10.34069202397972,7.942139085496182,9.22
2025-12-16 12:00:00,9.16,9.470972,8.735911328533161,9.195438910547455,12.066767642368522,7.732856686639216,9.13
2025-12-16 12:30:00,9.14,9.9965,9.039756410016455,9.128100909090964,11.393232433264302,7.732856686639216,8.87
2025-12-16 13:00:00,10.17,11.672648,10.4005309173983,11.056975216268883,12.989202537006632,8.344482161775305,10.97
2025-12-16 13:30:00,10.53,11.521828,10.262246223325828,11.677379927006996,14.492089726065728,8.933845495370813,10.98
2025-12-16 14:00:00,10.53,11.527756,9.125144486443306,10.37943287312947,11.431518548097465,9.291207996034828,12.22
2025-12-16 14:30:00,11.42,11.441201,10.941428262831154,10.8747690153849,13.6070872272781,9.870817557511112,11.49
2025-12-16 15:00:00,10.74,12.053737,11.438580895454106,11.067291931119714,12.707367206904486,11.344240612838934,11.81
2025-12-16 15:30:00,11.7,13.676111,15.315492264588396,13.331612267446296,13.19294905279704,13.47445693785932,12.91
2025-12-16 16:00:00,12.5,14.288375,13.540449616071289,14.018981632779443,14.398295047709077,14.042991815402171,14.04
2025-12-16 16:30:00,13.42,14.495089,14.3775604355419,15.171539444960462,14.79585006433729,14.270457272833765,15.18
2025-12-16 17:00:00,13.19,14.288337,13.614206296742124,14.639525600276173,14.469148063661178,14.270457272833765,13.95
2025-12-16 17:30:00,13.0,14.5969095,13.123413391488212,14.737452692103592,14.425035439159686,14.270457272833765,14.14
2025-12-16 18:00:00,12.7,14.1964,13.51922797149362,14.26040948631902,14.612810097430854,14.211378086897,14.16
2025-12-16 18:30:00,13.19,14.490634,13.503234001597518,14.050115164526163,14.804671310444824,14.211378086897,14.27
2025-12-16 19:00:00,11.7,14.017574,13.314135427159044,14.045095018735047,14.515191241733431,14.155377253813322,13.76
2025-12-16 19:30:00,11.46,13.310577,12.767263161300209,13.439109644654664,13.666140915778094,13.582660166769609,13.35
2025-12-16 20:00:00,11.5,13.23829,11.943481516707388,13.367215183877596,12.575032855780576,13.47445693785932,13.11
2025-12-16 20:30:00,10.87,13.13197,12.529861091325628,12.62132932747146,13.55168094048156,13.44797740639606,12.7
2025-12-16 21:00:00,10.85,12.8298435,12.30002107765459,13.45591762437176,12.366790313587236,13.435627095734118,12.52
2025-12-16 21:30:00,10.85,12.262258,11.635614422656802,13.066073009309422,11.805421751817216,13.416680429508771,11.89
2025-12-16 22:00:00,10.9,12.339988,11.605658926870344,13.163601990938211,11.832465171528328,13.328394732795877,11.59
2025-12-16 22:30:00,10.74,11.539675,10.938960687522233,11.538848710255154,10.859201606173368,12.11940899357585,11.33
2025-12-16 23:00:00,10.64,11.61339,10.722064878981024,11.54243706539516,11.514091601144832,11.187881022436446,11.35
2025-12-16 23:30:00,10.53,10.957142,10.069693723228564,10.47810966494613,10.265110321776806,8.578707448540385,10.87
2025-12-17 00:00:00,10.2,10.946519,10.202452671985917,10.683871303030346,10.574752516450408,8.850576968062533,11.12
2025-12-17 00:30:00,9.93,10.616962,9.819460825800146,9.724138024855408,9.780469776572511,8.924472233605046,11.07
2025-12-17 01:00:00,10.03,10.980065,9.978168739364278,9.803414708814875,9.861324099337873,8.924472233605046,11.11
2025-12-17 01:30:00,10.03,10.981661,10.029209238566322,9.89917834811713,9.59140600124336,8.924472233605046,11.28
2025-12-17 02:00:00,10.12,11.091098,10.34259482430708,9.915431003403969,10.09759269267404,8.924472233605046,11.22
2025-12-17 02:30:00,10.22,11.215013,10.194498783526711,10.455176060019332,10.442303613412852,8.924472233605046,11.27
2025-12-17 03:00:00,10.2,11.600434,10.441514713366027,10.617768937447558,10.56067091272602,9.85456210447275,11.27
2025-12-17 03:30:00,10.25,11.324703,10.404075819255926,10.654546615768384,10.43978301648692,9.870817557511112,11.32
2025-12-17 04:00:00,10.28,11.212649,10.340201916950006,10.713501898787792,10.296174919669696,8.931392701749362,11.33
2025-12-17 04:30:00,10.4,11.257408,10.451212532400282,10.7522119799267,10.25952673206706,8.933845495370813,11.38
2025-12-17 05:00:00,10.5,11.202664,10.556243187326675,10.757627684699466,10.119043453982728,10.576270884174416,11.43
2025-12-17 05:30:00,10.84,11.30012,10.421380677361508,11.954752071511717,10.284315866544882,10.605377854444276,11.42
2025-12-17 06:00:00,10.92,11.899576,11.224759695382998,12.56083567675716,10.830632853437134,12.994759201352997,12.0
2025-12-17 06:30:00,13.5,12.981736,12.28860294931896,13.002243376687742,12.12028988386546,13.56279419354775,13.5
2025-12-17 07:00:00,14.58,14.093137,13.498075720164984,14.373608721961492,14.44503520728854,14.406232750797065,14.17
2025-12-17 07:30:00,13.38,13.845276,13.058915457669071,13.757643735017924,13.726413562279346,13.582660166769609,13.47
2025-12-17 08:00:00,12.96,13.594331,13.496672255591829,13.765058574153503,14.57479168731347,13.582660166769609,13.84
2025-12-17 08:30:00,12.58,13.58848,13.33913086574154,13.451183559244878,12.56812745295443,13.44797740639606,13.2
2025-12-17 09:00:00,10.8,13.320256,12.08956038659257,14.336059883937764,13.301779918964357,12.964080624373418,12.37
2025-12-17 09:30:00,10.76,11.894964,11.032655514887605,11.705012166348633,13.345574403361454,11.344240612838934,12.5
2025-12-17 10:00:00,10.0,11.432235,11.387555475497184,11.448802597179052,14.350229959923787,10.83139720349999,12.6
2025-12-17 10:30:00,9.92,10.684229,10.04980204886928,10.290035330567871,11.29822481584636,9.870817557511112,11.93
2025-12-17 11:00:00,9.79,10.23304,10.09090491683639,11.10488436317877,12.09965808526366,8.563749655695103,12.34
2025-12-17 11:30:00,9.79,10.204168,10.489684560357366,9.93876348474806,11.201991745959528,7.942139085496182,10.63
2025-12-17 12:00:00,9.5,9.483834,9.110441994639668,9.880030128767244,12.652476239908578,7.471945320883604,10.2
2025-12-17 12:30:00,9.44,9.34414,8.609690931494997,9.340197095275546,10.75599813382548,7.471945320883604,10.04
2025-12-17 13:00:00,10.16,11.076957,9.616740627371891,11.562705963777535,12.14549757780634,7.881227447724293,12.0
2025-12-17 13:30:00,10.62,11.666548,9.396833468571518,11.1881144758138,13.263177030095807,8.850576968062533,11.85
2025-12-17 14:00:00,10.64,11.935459,9.378508617877555,11.670307160577265,12.728912694599748,9.27528525438898,12.11
2025-12-17 14:30:00,12.23,11.66134,11.221283006693794,11.058475522602947,12.710535928526491,9.870817557511112,11.97
2025-12-17 15:00:00,11.86,12.540779,11.957509881737552,11.290271053579009,12.592698653955749,11.344240612838934,11.92
2025-12-17 15:30:00,14.0,13.967337,15.708081697151686,13.487568568611527,13.673594904781696,13.47445693785932,13.09
2025-12-17 16:00:00,13.01,14.795525,14.63190695259042,14.343738434436036,14.59780790721692,14.042991815402171,14.06
2025-12-17 16:30:00,14.0,14.967372,15.66227985495946,15.297101321613187,15.313407819853005,14.406232750797065,14.87
2025-12-17 17:00:00,13.19,14.740112,14.602421038183053,15.228129687751885,15.163767410446898,14.406232750797065,14.58
2025-12-17 17:30:00,13.0,15.048685,14.476476610615071,15.18951215764569,15.117448256667275,14.406232750797065,14.46
2025-12-17 18:00:00,12.5,14.648175,14.955809585819424,14.99381772047475,15.13116202558056,14.406232750797065,14.39
2025-12-17 18:30:00,11.66,14.853139,14.474910833004856,14.736021452267208,15.044679989930705,14.211378086897,14.34
2025-12-17 19:00:00,12.0,14.165513,14.346057535909178,14.31955673738873,14.756003727776282,14.155377253813322,13.56
2025-12-17 19:30:00,11.66,13.458516,13.653278094928645,13.705560304401615,14.23215634408405,13.582660166769609,13.29
2025-12-17 20:00:00,11.66,13.869196,13.221022518278604,15.241185025857176,13.41958850371491,13.47445693785932,13.12
2025-12-17 20:30:00,11.34,13.661148,13.904380383462543,13.97273510912438,13.972138613506688,13.435627095734118,12.71
2025-12-17 21:00:00,11.66,13.675315,13.417546973038249,14.050590303582178,13.45444907574685,13.435627095734118,12.44
2025-12-17 21:30:00,10.85,13.119272,12.496355250687383,13.689662387163343,12.844065789459563,13.328394732795877,11.96
2025-12-17 22:00:00,11.01,13.051767,12.86051349523192,13.54701006599868,12.735759876542325,13.328394732795877,11.8
2025-12-17 22:30:00,11.31,12.296932,11.999484153251329,11.8342468654342,11.77735406972478,11.273231737782892,11.54
2025-12-17 23:00:00,10.88,12.410364,11.42592065617708,11.989380471864989,11.622591727722412,11.187881022436446,11.37
2025-12-17 23:30:00,11.5,11.774059,10.803174795672994,10.94907249605622,10.642949344617817,8.578707448540385,10.98
2025-12-18 00:00:00,10.24,10.821182,10.322589488927614,10.149636373215971,11.229650633559658,8.800452775502588,10.83
2025-12-18 00:30:00,10.0,10.6734295,9.937364760023376,9.748490350949476,10.76772055855982,8.924472233605046,10.62
2025-12-18 01:00:00,10.0,11.036532,10.103581497677762,9.792249476854284,10.407148049121451,8.924472233605046,10.73
2025-12-18 01:30:00,9.96,11.063938,10.147113172789552,9.900591522885724,10.354957898197783,8.924472233605046,10.85
2025-12-18 02:00:00,10.0,11.019333,10.22187547440232,9.92324768818559,10.56861658974715,8.924472233605046,10.94
2025-12-18 02:30:00,9.96,11.2671175,10.291742045863398,10.456049322152111,10.378178406414124,8.924472233605046,11.01
2025-12-18 03:00:00,9.95,11.685685,10.626184297844604,10.85251327079302,10.447484308420544,9.693669673973298,10.96
2025-12-18 03:30:00,9.96,11.463139,10.539010904957989,10.7365341465037,10.290053039516424,9.85456210447275,10.86
2025-12-18 04:00:00,10.03,11.40702,10.467628178561815,10.797308285551988,9.657025550302926,8.931392701749362,10.87
2025-12-18 04:30:00,10.27,11.389542,10.511489846666644,10.89025805550699,9.92561992465144,8.933845495370813,11.05
2025-12-18 05:00:00,10.4,11.487644,10.330567435917525,10.940882547379436,10.349890031208046,10.576270884174416,11.21
2025-12-18 05:30:00,10.74,11.47761,10.371061654148008,11.967766949952374,9.76268408171918,10.576270884174416,11.34
2025-12-18 06:00:00,10.47,12.071972,11.166627922532305,12.591050224513507,10.217289470304271,13.01979998436281,11.89
2025-12-18 06:30:00,10.9,12.9959135,12.188871362807966,14.152808231710226,12.130131818292334,13.582660166769609,13.14
2025-12-18 07:00:00,11.35,14.181163,13.27916297223363,14.28290221123656,14.7706348463068,14.406232750797065,13.88
2025-12-18 07:30:00,10.83,13.883994,13.013705705627697,13.318077763622082,14.531176229764064,14.042991815402171,13.16
2025-12-18 08:00:00,10.76,13.496874,13.371134392232715,13.561440383419312,14.230266980421264,13.582660166769609,13.35
2025-12-18 08:30:00,10.88,13.63787,13.15165262845751,13.672693053527004,13.590291202494775,13.44797740639606,13.1
2025-12-18 09:00:00,10.5,13.531529,12.134665997035972,13.669955983543584,16.5224914815804,13.199222194920074,12.22
2025-12-18 09:30:00,9.75,12.112838,11.241770987182797,11.902973084606169,13.913860437883404,11.348880059043385,12.73
2025-12-18 10:00:00,8.79,12.057472,11.499644778243454,12.317375709519348,14.0250543413842,11.180953122539114,10.15
2025-12-18 10:30:00,8.69,11.90517,10.939801225686592,10.31992600449554,12.581681619263916,9.870817557511112,9.25
2025-12-18 11:00:00,8.31,11.22743,10.15324803637203,11.974278417334263,12.507368596464964,8.800452775502588,9.8
2025-12-18 11:30:00,8.24,10.699408,11.235841795173156,11.14881025611132,11.029471163813897,7.811469882664264,11.06
2025-12-18 12:00:00,8.21,9.864508,10.430794524432049,10.345795218310752,11.541217413653577,7.471945320883604,10.46
2025-12-18 12:30:00,8.17,9.481382,8.988044828995543,9.625321795979945,10.956585918719323,7.471945320883604,10.49
2025-12-18 13:00:00,9.5,11.237044,9.380693294383812,11.7957981841822,12.470011331899473,7.881227447724293,12.62
2025-12-18 13:30:00,9.96,12.169214,10.209596911546342,12.939328611395227,15.17220457870354,8.850576968062533,11.83
2025-12-18 14:00:00,10.43,11.934477,10.332636904188082,11.739364692611458,12.238671308035672,8.933845495370813,12.31
2025-12-18 14:30:00,11.3,11.550514,10.891146603658774,10.826784512266832,12.149433965933389,9.923783820866312,12.11
2025-12-18 15:00:00,11.0,12.320798,11.3844518727094,11.299949784636082,12.712976586388953,11.348880059043385,12.08
2025-12-18 15:30:00,12.5,14.007536,16.2298202247479,14.561811051185874,13.163303861071272,13.47445693785932,14.01
2025-12-18 16:00:00,13.14,14.184413,14.784676195051686,14.287898032603271,14.340447815956116,13.582660166769609,13.68
2025-12-18 16:30:00,14.0,14.915869,15.233755695287032,15.134675441993098,15.072402977553384,14.406232750797065,14.85
2025-12-18 17:00:00,12.6,14.570878,14.86976418831286,14.773136122168731,14.725600470248684,14.211378086897,14.12
2025-12-18 17:30:00,12.5,15.135887,14.419427773837835,15.048275610585211,15.086220226819323,14.406232750797065,14.24
2025-12-18 18:00:00,12.5,14.479595,14.86083126057092,14.534932028723585,15.032082096755063,14.211378086897,13.94
2025-12-18 18:30:00,12.4,14.388653,14.108819594036245,14.09149838995663,14.25347084656812,14.122359787926149,13.71
2025-12-18 19:00:00,12.43,13.458516,13.522752654360636,13.759409485440765,14.06674802041429,13.56279419354775,13.39
2025-12-18 19:30:00,12.5,13.393724,13.449026852094262,13.253186033092998,13.724715220859162,13.47445693785932,13.06
2025-12-18 20:00:00,13.0,13.112627,13.343358537027694,15.491869381297224,13.744267127268715,13.435627095734118,12.81
2025-12-18 20:30:00,11.74,12.872507,12.88429753450158,13.619025052137728,13.420575121505005,13.435627095734118,12.64
2025-12-18 21:00:00,12.0,12.996329,12.513693901020524,13.463002435406052,12.716958117130934,13.416680429508771,12.5
2025-12-18 21:30:00,11.66,12.572151,11.897932582247778,12.92113909877715,12.2537156555919,13.01979998436281,12.05
2025-12-18 22:00:00,12.2,12.519384,12.061138505691856,12.807375023578794,11.77219094400605,13.106985697832734,11.89
2025-12-18 22:30:00,12.69,11.982743,11.382007467155004,11.787945896497712,11.358988243148488,11.180953122539114,11.81
2025-12-18 23:00:00,11.78,12.145553,10.779088703352844,12.121153148552812,10.664548012384437,10.605377854444276,11.75
2025-12-18 23:30:00,12.5,11.3816595,10.40724429569278,11.036416344732771,10.075411668483838,8.38550881057275,11.41
2025-12-19 00:00:00,10.56,10.721174,10.8670575983803,11.62704058857233,11.897439886448163,8.578707448540385,10.57
2025-12-19 00:30:00,10.43,10.844097,10.727940754215409,11.2388625831663,11.606942815470353,8.800452775502588,10.55
2025-12-19 01:00:00,10.62,10.936682,10.770816464735269,11.183315986061263,11.162110319896506,8.800452775502588,10.43
2025-12-19 01:30:00,10.48,10.872238,10.866388555503564,11.232761487736882,10.948668885671522,8.800452775502588,10.63
2025-12-19 02:00:00,10.87,11.155748,10.866388555503564,11.393678390387342,11.55372277906384,8.850576968062533,10.7
2025-12-19 02:30:00,10.96,11.144588,10.794687384414974,11.346960458357689,11.214910119137604,8.850576968062533,10.75
2025-12-19 03:00:00,10.65,11.610525,10.973170053373424,11.63893236577287,10.973009871426372,9.291207996034828,10.75
2025-12-19 03:30:00,10.84,11.230409,11.166142715515909,11.368609198426809,10.377118816130974,9.291207996034828,10.74
2025-12-19 04:00:00,10.83,10.992486,10.908177120648254,11.291308495782078,10.779458876078865,8.924472233605046,10.8
2025-12-19 04:30:00,10.81,11.477301,11.382642780804073,12.026817598731268,11.010591074900882,8.924472233605046,10.81
2025-12-19 05:00:00,11.1,11.428704,11.330736172718993,12.037577658319169,10.910463194446612,8.931392701749362,10.9
2025-12-19 05:30:00,12.5,11.515398,11.411719520091197,12.018144838984613,10.29260911329643,9.923783820866312,11.24
2025-12-19 06:00:00,13.84,11.820342,11.566821282906323,12.556564746460475,11.197380056143722,11.39909806149461,11.25
2025-12-19 06:30:00,14.48,12.601898,12.737904351652794,13.725570974343569,12.733563955467767,13.416680429508771,12.1
2025-12-19 07:00:00,15.08,13.844371,14.22339563863205,13.46892037853663,13.07891125328426,13.56279419354775,12.57
2025-12-19 07:30:00,14.48,13.504858,13.279404341083715,13.051953208131984,14.133169942479984,13.435627095734118,12.19
2025-12-19 08:00:00,13.01,13.09566,13.601312170815298,14.087118633000197,14.809248790167285,13.44797740639606,12.37
2025-12-19 08:30:00,10.97,13.122406,13.139570595819093,14.512120375028264,14.406136397303278,13.416680429508771,12.34
2025-12-19 09:00:00,10.85,12.789319,12.389244071304166,12.990384972403668,15.413212039730666,13.106985697832734,11.72
2025-12-19 09:30:00,9.92,11.426204,10.744426606491803,10.741484029301972,13.866399580055292,11.180953122539114,11.61
2025-12-19 10:00:00,8.5,9.965752,10.313043254486908,9.631762920971914,13.398833121000116,9.870817557511112,12.31
2025-12-19 10:30:00,8.28,9.0335455,9.968922416028306,9.568232154334268,11.31685819608612,9.3928986954622,11.81
2025-12-19 11:00:00,8.12,8.682952,9.111361091784891,10.62328880338409,11.09389061541505,8.36034559384442,12.25
2025-12-19 11:30:00,8.0,9.068406,8.126913355357999,9.018554583749538,7.765042050358941,7.75435448440363,10.3
2025-12-19 12:00:00,7.41,7.036648,5.874563250308606,7.13222567391041,7.849789473251145,7.072533653846468,10.03
2025-12-19 12:30:00,6.85,6.9050603,4.832438540448722,6.581763678995647,7.005066998192661,7.072533653846468,10.05
2025-12-19 13:00:00,8.1,8.927685,6.7791277912186,10.59241340396386,8.485102195186776,7.758283397791501,11.85
2025-12-19 13:30:00,9.86,9.693415,7.956518024931498,11.812347379306916,10.901422366234076,8.101219071421964,11.22
2025-12-19 14:00:00,10.28,9.8103895,7.508542628055662,10.360435508536762,11.24020714067333,8.358820706538975,10.86
2025-12-19 14:30:00,10.88,9.286579,8.435743062195552,8.955003162002518,11.16483743942188,9.85456210447275,11.78
2025-12-19 15:00:00,11.62,10.455123,10.19326578484575,9.717455246004484,11.418520664403015,10.83139720349999,11.51
2025-12-19 15:30:00,14.09,12.358076,11.112945671367136,13.03703978315274,12.443878332497013,13.328394732795877,13.4
2025-12-19 16:00:00,14.09,12.54025,12.523336470993115,12.742983447708932,13.33366182599713,13.56279419354775,13.54
2025-12-19 16:30:00,14.0,14.019677,13.71238891587635,14.482367770739556,13.96942689518795,14.211378086897,14.63
2025-12-19 17:00:00,13.0,13.851631,13.56817338650452,13.973730104413006,13.71212609282602,14.211378086897,13.75
2025-12-19 17:30:00,12.37,14.240233,13.061965476995612,14.260589084404746,14.042953402028592,14.211378086897,13.6
2025-12-19 18:00:00,12.37,13.439591,13.325374532972322,13.526261932347614,13.281405104004108,14.122359787926149,13.6
2025-12-19 18:30:00,11.7,13.320014,12.800833514176997,13.445519505740744,13.71671669096746,13.56279419354775,13.28
2025-12-19 19:00:00,11.62,12.91016,12.71944082203288,13.63823315239082,13.444132260881856,13.47445693785932,13.18
2025-12-19 19:30:00,11.62,12.732845,12.326431822084,13.292343007826585,12.8791462683527,13.435627095734118,12.98
2025-12-19 20:00:00,11.62,12.308895,12.023044138659728,14.664273351718435,12.821635036263665,13.435627095734118,13.03
2025-12-19 20:30:00,11.62,12.112732,11.622222128922866,12.836483506633392,12.606710871651105,13.208895493409887,12.44
2025-12-19 21:00:00,11.53,12.21997,11.203454751387554,12.81046497171251,12.430862538654011,13.202264496687464,12.46
2025-12-19 21:30:00,11.22,11.920322,10.934402970181688,12.542727818355708,11.957907244983716,13.01979998436281,11.99
2025-12-19 22:00:00,11.06,11.940403,11.18773668748018,12.580469020597572,12.145481723435209,13.12382667810645,11.97
2025-12-19 22:30:00,10.7,11.438997,10.428650387312295,11.159919260914297,11.51328569466986,11.273231737782892,11.93
2025-12-19 23:00:00,10.73,11.33835,9.99038761373421,11.412374738817247,10.801689059572658,10.576270884174416,11.54
2025-12-19 23:30:00,10.56,11.029956,9.679362227679157,10.120494403114382,9.960834963658854,8.38550881057275,11.44
2025-12-20 00:00:00,9.77,10.274374,9.443849746407189,9.654927662602502,10.521881911331068,8.38550881057275,10.68
2025-12-20 00:30:00,9.58,10.370839,9.171149446234086,9.20664265221538,10.485785283843631,8.800452775502588,10.56
2025-12-20 01:00:00,9.45,10.446615,9.326588512641742,9.539981429765373,10.09117889102691,8.800452775502588,10.71
2025-12-20 01:30:00,9.4,10.518592,9.387887892596703,9.25107762428772,10.156356712482497,8.800452775502588,10.71
2025-12-20 02:00:00,9.4,10.549402,9.677536296802982,9.702214412717494,10.312678884033811,8.800452775502588,11.01
2025-12-20 02:30:00,9.35,10.591867,9.541065038566195,9.713445102273914,10.12296361753242,8.800452775502588,10.96
2025-12-20 03:00:00,9.36,10.900581,9.546836990395606,9.504058238144136,10.190050824609711,9.291207996034828,11.15
2025-12-20 03:30:00,9.4,10.616704,9.69927500743989,9.825114187540096,9.72613079017152,9.27528525438898,11.03
2025-12-20 04:00:00,9.44,10.560586,9.678541093542622,9.704560445422365,9.670041101896484,8.800452775502588,11.0
2025-12-20 04:30:00,9.46,10.774883,10.15300675369844,10.068547721327986,9.44079039399891,8.850576968062533,10.9
2025-12-20 05:00:00,9.63,10.993203,9.985199076245872,10.49074442040622,9.693646018540637,8.931392701749362,11.0
2025-12-20 05:30:00,9.57,11.166822,10.181431299672786,11.708023537873938,9.536623821642907,9.923783820866312,11.68
2025-12-20 06:00:00,9.52,11.29424,10.115847018655431,11.86238705848451,9.646759688845618,11.344240612838934,12.14
2025-12-20 06:30:00,9.68,11.905887,11.221282454256814,12.562141020637748,11.203002237296412,13.208895493409887,12.85
2025-12-20 07:00:00,9.75,13.220663,12.219278057384985,12.511937511863358,12.030940785046802,13.47445693785932,13.53
2025-12-20 07:30:00,9.15,12.826956,11.19279106426929,12.087677701439262,12.182765606024562,13.26825176602713,13.13
2025-12-20 08:00:00,8.9,12.247175,11.261152266400847,11.735148566689018,10.823434838436684,13.416680429508771,12.94
2025-12-20 08:30:00,8.1,11.862078,10.312163128973776,11.622966086638431,10.107563724199656,13.01979998436281,12.02
2025-12-20 09:00:00,8.1,11.425669,9.989048097931285,11.036802987556236,11.52406720461032,11.92740603463244,11.79
2025-12-20 09:30:00,8.0,10.322212,8.498179130479782,9.88464457578481,10.85358684372857,9.923783820866312,11.06
2025-12-20 10:00:00,8.11,9.566416,8.68774628833327,9.159551308773088,9.995014986956113,9.3928986954622,10.69
2025-12-20 10:30:00,6.36,8.567591,7.869914084592111,8.425781122665347,7.959246085678949,8.563749655695103,10.9
2025-12-20 11:00:00,6.36,8.455262,7.822471578560446,8.20389921403867,8.423685756911695,7.881227447724293,10.12
2025-12-20 11:30:00,6.36,8.385046,7.987753355106089,8.501846257354261,9.51874724659195,7.748290504544496,10.29
2025-12-20 12:00:00,6.36,8.071884,8.073458805323934,8.128883916599936,8.130820511555905,7.0607999930633865,9.88
2025-12-20 12:30:00,6.21,8.16791,7.318173449594785,8.374148961970779,6.788505096005368,7.0607999930633865,9.74
2025-12-20 13:00:00,6.21,9.420587,8.621198442684483,9.121123562729547,8.65054578408092,7.732856686639216,10.44
2025-12-20 13:30:00,6.21,9.792941,8.423106541260747,9.227849010788283,10.46660263101225,7.867405281821788,10.22
2025-12-20 14:00:00,8.52,9.881185,9.24073986234731,9.380483368568928,9.993195092107852,7.881227447724293,11.04
2025-12-20 14:30:00,9.46,10.3274355,9.978937913045607,9.635404892025704,9.919449775474677,9.85456210447275,11.49
2025-12-20 15:00:00,9.7,10.5546465,10.548996757539015,10.309785715012346,11.123604942477344,10.83139720349999,11.67
2025-12-20 15:30:00,9.88,12.630483,11.78859354556956,13.375187647597835,11.8067860519878,13.26825176602713,14.07
2025-12-20 16:00:00,9.86,12.738283,13.0274858794432,12.766820086478775,12.64272097526949,13.582660166769609,13.57
2025-12-20 16:30:00,10.01,14.015111,14.099629320406244,14.03853636597213,12.937163968676389,14.042991815402171,14.59
2025-12-20 17:00:00,10.01,13.06647,13.310402105159664,13.435687366897737,12.332711301834244,13.582660166769609,13.47
2025-12-20 17:30:00,9.92,13.447827,13.3470277959329,13.51870524350574,12.657543075245876,13.56279419354775,13.38
2025-12-20 18:00:00,10.11,13.145344,12.938123940625276,13.360138031475971,12.954015782832892,13.47445693785932,13.21
2025-12-20 18:30:00,9.86,13.001678,12.723156071619846,13.099271164643676,12.890254695576337,13.56279419354775,12.98
2025-12-20 19:00:00,9.88,12.912044,12.723156071619846,13.332046941321178,12.160487305833874,13.44797740639606,12.58
2025-12-20 19:30:00,9.77,12.612383,12.330147071670964,13.089592861486876,12.097663725466084,13.435627095734118,12.37
2025-12-20 20:00:00,9.63,12.351785,12.003738606827667,14.484827139157815,12.149234642429793,13.435627095734118,12.21
2025-12-20 20:30:00,9.72,11.944255,11.685540304314188,12.699252976412602,11.688519901139404,13.14773625598477,12.06
2025-12-20 21:00:00,9.7,11.944255,11.458675402732023,12.582934937328124,11.54877387500335,13.202264496687464,12.03
2025-12-20 21:30:00,9.62,11.681692,11.341141810960965,12.113631936915755,10.760882314537342,13.01979998436281,11.79
2025-12-20 22:00:00,9.67,11.896325,11.44420183769267,12.177247658909591,11.135717163804708,13.106985697832734,11.56
2025-12-20 22:30:00,9.62,11.347441,10.636931819373702,11.937306978419292,10.303030651258126,11.273231737782892,11.1
2025-12-20 23:00:00,9.49,11.0482025,10.350669178645164,11.186901380385862,10.095482716767435,10.576270884174416,11.28
2025-12-20 23:30:00,9.33,10.593189,9.729224069175048,10.001942546517178,10.259912952868127,8.38550881057275,10.67
2025-12-21 00:00:00,9.22,10.158592,9.405362369776416,9.21734515434552,10.030736912374438,8.36034559384442,10.22
2025-12-21 00:30:00,9.17,10.255058,9.160380522757244,9.094809178742327,10.111384516792272,8.578707448540385,10.13
2025-12-21 01:00:00,9.17,10.330834,9.116848847645452,9.046051718456273,10.101018264043566,8.800452775502588,10.06
2025-12-21 01:30:00,9.02,10.451439,9.221812500842658,9.172258673828049,10.262363986489804,8.800452775502588,10.13
2025-12-21 02:00:00,9.09,10.303763,9.351885956927497,9.220322936796114,10.263707569985163,8.800452775502588,10.17
2025-12-21 02:30:00,9.17,10.471508,9.37498964681215,9.220379688262538,10.171597444691889,8.800452775502588,10.27
2025-12-21 03:00:00,9.17,10.569511,9.269914413336522,9.225362617882247,9.82134645284708,9.291207996034828,10.22
2025-12-21 03:30:00,9.17,10.548341,9.461816889289672,9.366314702081723,9.733985510974636,9.291207996034828,10.25
2025-12-21 04:00:00,9.17,10.499712,9.525632900156335,9.215216336779664,10.0087881309926,8.800452775502588,10.33
2025-12-21 04:30:00,9.17,10.476086,9.525830295018922,9.790134578039265,10.02602132521109,8.800452775502588,10.13
2025-12-21 05:00:00,9.17,10.526089,9.728374168532154,9.831210394001523,9.4799964259032,8.924472233605046,10.3
2025-12-21 05:30:00,9.17,11.091208,10.099805600771113,11.696748623010023,9.468153110982133,8.933845495370813,10.7
2025-12-21 06:00:00,9.17,11.0361805,10.054674003149442,11.684148007702849,9.70643194673062,11.187881022436446,10.82
2025-12-21 06:30:00,9.43,11.37902,10.537010031756068,12.179375502525422,10.401582283540897,12.36684439954555,11.15
2025-12-21 07:00:00,9.62,12.0271,11.591410909938324,11.504584487422871,11.59271102729572,13.14773625598477,11.63
2025-12-21 07:30:00,9.16,11.8965225,10.531740939976633,12.553175727403282,11.39121915380076,13.106985697832734,11.22
2025-12-21 08:00:00,9.07,11.784588,10.483573880400815,11.420461590472406,11.023617271615048,13.089508514437254,11.32
2025-12-21 08:30:00,8.69,11.804812,10.301634403521806,11.450444320050424,10.737055395499352,12.46802498855974,10.8
2025-12-21 09:00:00,9.0,11.793629,10.373169204228375,11.373463053717566,11.78042349716168,11.273231737782892,10.42
2025-12-21 09:30:00,8.78,10.860698,10.380816223403755,9.90722164340971,12.258421582283164,9.291207996034828,10.09
2025-12-21 10:00:00,8.72,10.6440735,10.412752493398369,10.21988096300856,12.10525105501349,9.27528525438898,11.34
2025-12-21 10:30:00,8.69,10.575972,9.546247779562576,9.506003950555892,10.999868179883686,8.36034559384442,10.62
2025-12-21 11:00:00,8.66,10.007022,9.659074286319024,9.445956352468638,9.604900763352957,7.75435448440363,10.52
2025-12-21 11:30:00,8.73,10.519209,9.66298042154548,9.465387675139414,10.847844720169585,7.471945320883604,9.08
2025-12-21 12:00:00,9.26,10.2263975,9.362329287212283,10.41291648368833,12.423337188164572,7.0607999930633865,8.94
2025-12-21 12:30:00,9.15,10.037644,8.923087997807048,10.62753382782587,11.636024381250746,7.0607999930633865,8.93
2025-12-21 13:00:00,9.5,10.77646,8.773567173101222,10.238329499918605,12.778662192606271,7.586680814940996,9.1
2025-12-21 13:30:00,9.55,10.6405115,8.974127675276131,10.188375843489167,11.072882607409822,7.732856686639216,8.98
2025-12-21 14:00:00,9.61,10.701592,9.038671870169557,10.118533193327169,11.817627186811883,7.811469882664264,9.95
2025-12-21 14:30:00,9.93,10.681981,9.288896266152806,10.256875596122422,11.469843946692478,8.74806274059605,10.46
2025-12-21 15:00:00,10.57,10.323632,10.030660582786137,9.96093042320146,13.166452045554207,9.3928986954622,10.57
2025-12-21 15:30:00,11.05,11.972811,10.834042715954489,11.43132942606482,12.626929826996731,12.21807509398078,11.79
2025-12-21 16:00:00,10.0,11.930725,11.905071220096165,11.773220782414686,12.521448145129812,13.089508514437254,11.37
2025-12-21 16:30:00,11.5,12.957119,11.388659936959684,13.864654801837863,13.330384773771184,13.582660166769609,12.49
2025-12-21 17:00:00,12.1,12.315683,11.924080305793076,13.141124917029268,13.146743185391196,13.435627095734118,11.84
2025-12-21 17:30:00,12.0,12.638915,12.384458928139177,13.168751219483108,13.20049811594449,13.416680429508771,11.6
2025-12-21 18:00:00,12.36,12.190253,12.141145248518942,13.001349878669254,13.114478979321232,13.26825176602713,11.68
2025-12-21 18:30:00,11.1,11.942214,11.907208540219743,12.823739293548076,13.14958204204692,13.369164630232936,11.33
2025-12-21 19:00:00,12.0,11.629373,11.666545980711986,12.547075772722671,12.54337820356829,12.473685468065916,11.07
2025-12-21 19:30:00,10.76,11.52471,11.579550631750063,12.498897112126302,12.733633191970563,12.473685468065916,11.04
2025-12-21 20:00:00,9.68,11.433317,10.860072139877188,13.843648821649913,12.234502235501246,12.46802498855974,10.92
2025-12-21 20:30:00,9.92,11.406075,10.78337350567458,12.452948459973609,11.904202639525474,11.94434315734298,10.75
2025-12-21 21:00:00,9.64,11.746111,10.46588424794187,12.335801422654214,10.997810022675049,12.36684439954555,10.73
2025-12-21 21:30:00,9.1,11.4139805,9.9865358142204,12.160651106459824,10.736644361628096,11.344240612838934,10.59
2025-12-21 22:00:00,9.54,11.148021,10.302251526354054,12.141491539089794,10.181481305431069,11.180953122539114,10.53
2025-12-21 22:30:00,9.4,11.228993,10.302251526354054,11.01023286749899,10.760137813224938,9.870817557511112,10.29
2025-12-21 23:00:00,9.17,10.852181,9.442002642510682,10.475335050148262,10.733891662506068,8.933845495370813,10.11
2025-12-21 23:30:00,8.89,10.676077,9.3843427708731,9.961214422137056,10.37794759611765,8.136959916014783,10.03
2025-12-22 00:00:00,9.35,10.0355625,9.404694093733596,9.071279469727,10.322620072285368,8.169607375541784,9.59
2025-12-22 00:30:00,9.29,9.915809,9.31607871976713,9.241099595594678,10.304308035738272,8.358820706538975,9.51
2025-12-22 01:00:00,9.17,9.855868,9.229201588074156,9.164082863382676,9.940156738978612,8.36034559384442,9.6
2025-12-22 01:30:00,9.17,9.914637,9.309315914166165,9.251859503352454,10.11383759221858,8.358820706538975,9.58
2025-12-22 02:00:00,9.27,9.97794,9.434946231931107,9.29160346107739,10.700746426964905,8.54492393296032,9.72
2025-12-22 02:30:00,9.27,10.059067,9.466445977053732,9.31489677316619,10.10969690737196,8.578707448540385,9.73
2025-12-22 03:00:00,9.17,10.167404,9.443555783706213,9.253814670464084,9.921702355973473,8.578707448540385,9.79
2025-12-22 03:30:00,9.17,10.293973,9.487849987571614,9.369406728490365,9.979048718543988,8.578707448540385,9.89
2025-12-22 04:00:00,9.0,10.405274,9.523423011603178,9.441327854855126,9.845682059567055,8.578707448540385,9.93
2025-12-22 04:30:00,9.11,10.652323,9.501848320896212,9.458938206592803,9.772764002207095,8.578707448540385,9.72
2025-12-22 05:00:00,9.17,10.768035,9.605783179915113,9.62962292054749,9.161345759656816,8.618138550787236,9.95
2025-12-22 05:30:00,9.17,10.811864,9.97498761969768,10.34345778597571,8.949166465797294,8.924472233605046,10.29
2025-12-22 06:00:00,8.88,11.07116,10.244121027923278,10.803543876792428,9.618370683494724,9.870817557511112,10.54
2025-12-22 06:30:00,9.49,11.5679035,10.527425002356834,11.410288971192244,10.100493645195543,11.94434315734298,10.72
2025-12-22 07:00:00,10.19,11.86615,11.106925154476896,11.556683065874536,10.964852048929638,13.089508514437254,11.17
2025-12-22 07:30:00,10.25,11.846926,11.176667780298892,11.481553487982511,10.896784195146791,13.089508514437254,10.76
2025-12-22 08:00:00,10.77,11.90615,10.879657046276224,11.53781244345774,12.290221973811896,13.089508514437254,10.76
2025-12-22 08:30:00,10.14,11.629116,10.984047937586018,11.215454648731722,12.5735481602864,11.348880059043385,10.52
2025-12-22 09:00:00,9.92,12.15324,11.724040383026908,11.639053187905612,13.978277501653665,12.45750477789977,10.13
2025-12-22 09:30:00,8.22,11.137843,11.450484531767554,9.350004376898328,13.972051175250622,9.340302995785247,9.88
2025-12-22 10:00:00,8.15,10.780059,9.802257845684268,9.03581312878833,12.166533720956002,8.578707448540385,8.68
2025-12-22 10:30:00,8.12,10.626809,9.384211947325094,8.968971536172093,12.145581060206656,8.356519120982403,8.64
2025-12-22 11:00:00,8.1,9.998576,9.645678617461757,10.30451367435311,12.119961924224167,7.748290504544496,8.53
2025-12-22 11:30:00,8.1,9.830753,10.471982273915849,11.131163868349184,13.524115539797677,7.492382594314744,9.54
2025-12-22 12:00:00,8.06,10.025852,10.215542987924808,11.959176910617488,12.983092040137254,7.0607999930633865,9.41
2025-12-22 12:30:00,7.99,9.839702,9.8924471331112,12.36398229089458,10.176245231358504,7.0607999930633865,9.6
2025-12-22 13:00:00,9.02,10.516293,9.228071040840645,10.2244608590601,13.389855364397048,7.586680814940996,10.21
2025-12-22 13:30:00,9.25,12.824405,9.753178509127387,10.325216966262955,13.418277564952463,7.732856686639216,9.86
2025-12-22 14:00:00,9.44,12.724739,9.679457594410213,10.44347157834446,13.506813538315166,7.75435448440363,10.76
2025-12-22 14:30:00,9.7,10.908991,9.417563943274876,10.635804667622825,12.64964164613299,8.508016800853001,10.47
2025-12-22 15:00:00,9.7,10.867301,9.371664562933804,11.508750727711044,13.506613201656684,9.27528525438898,10.81
2025-12-22 15:30:00,10.65,12.195802,10.6197678294347,11.923619627822692,13.586069021333495,11.94434315734298,12.28
2025-12-22 16:00:00,11.51,12.155145,12.270403221379544,12.372820659399707,14.383878802571749,12.994759201352997,11.78
2025-12-22 16:30:00,12.89,12.844522,12.151573074108414,14.246923434677528,14.974598003496572,13.47445693785932,12.98
2025-12-22 17:00:00,11.51,12.658301,12.376155868890402,13.6365999908937,15.242037003010765,13.416680429508771,12.55
2025-12-22 17:30:00,11.51,12.658301,12.627764785175067,13.27286263613541,14.69233056679739,13.26825176602713,12.57
2025-12-22 18:00:00,11.51,12.215314,12.322606768590273,13.198609512717528,14.697450936820616,13.199222194920074,12.53
2025-12-22 18:30:00,11.51,12.101103,12.037412346403585,12.743125987960758,12.756863049581725,12.66506534947766,12.03
2025-12-22 19:00:00,12.0,11.98839,12.000714403956668,12.846072224391664,12.49767104817333,12.36684439954555,11.95
2025-12-22 19:30:00,11.7,12.044508,11.28660494297062,12.649149193180635,14.183628059259084,11.94434315734298,11.54
2025-12-22 20:00:00,11.51,11.953116,10.991544310522784,14.358233215257648,13.740577208423078,12.11940899357585,11.22
2025-12-22 20:30:00,11.51,11.722774,10.852316877165348,12.651099584533949,13.337825417369542,10.83139720349999,11.19
2025-12-22 21:00:00,10.9,11.759654,9.962921850235205,12.634020544690063,13.495053055877271,10.83139720349999,10.92
2025-12-22 21:30:00,10.52,11.52094,10.532114511253296,12.469880255083458,12.983702485730458,9.870817557511112,10.8
2025-12-22 22:00:00,10.23,11.471227,10.630849961612505,12.62161667991428,11.478673521386757,10.576270884174416,10.87
2025-12-22 22:30:00,10.01,11.057048,10.34426783460794,10.87243081751254,11.335845602248412,9.291207996034828,10.62
2025-12-22 23:00:00,10.01,10.724125,9.892669552825607,10.662684642137236,10.320622364629664,8.358820706538975,10.72
2025-12-22 23:30:00,9.76,10.266893,9.44696990699846,10.504470642909777,11.178268052797884,7.686595702439196,10.39
2025-12-23 00:00:00,9.74,10.3191,9.910297767139316,10.192891167421635,11.045229925453636,7.75435448440363,10.11
2025-12-23 00:30:00,9.7,10.271446,9.785511538423613,9.93884993485878,11.042545334043815,7.965737530836342,9.97
2025-12-23 01:00:00,9.59,10.139406,9.74514371640538,9.93984831219808,10.116592703627209,8.136959916014783,9.94
2025-12-23 01:30:00,9.53,10.027351,9.738847099879347,9.883109939208406,10.434439086858925,8.353774920873418,9.91
2025-12-23 02:00:00,9.53,10.138215,9.905640607012309,10.136824504031024,10.616130547348284,8.353774920873418,10.15
2025-12-23 02:30:00,9.49,10.199346,10.089749398921152,10.078319713153393,10.771740039209805,8.353774920873418,10.28
2025-12-23 03:00:00,9.53,10.324253,9.992373709742976,10.092119713521171,10.678289903659598,8.353774920873418,10.35
2025-12-23 03:30:00,9.47,10.333656,10.166995627704145,10.109985616512873,10.65509417511242,8.36034559384442,10.56
2025-12-23 04:00:00,9.51,10.149899,10.240398098787123,10.05347973652076,10.936341966417436,8.358820706538975,10.6
2025-12-23 04:30:00,9.58,10.317441,10.228154592061104,10.05347973652076,11.457051806379203,8.54492393296032,10.37
2025-12-23 05:00:00,9.72,10.545434,10.314662468059916,10.944894580677232,10.712858505315078,8.578707448540385,10.49
2025-12-23 05:30:00,9.94,10.788522,10.532655299600982,11.446939163949445,12.258909420748394,8.800452775502588,10.85
2025-12-23 06:00:00,10.17,10.780703,10.932873541750718,11.506022302254785,12.5335482553912,9.340302995785247,11.13
2025-12-23 06:30:00,12.82,11.686053,11.469240005382634,12.582848790358952,13.414436521517326,11.348880059043385,11.46
2025-12-23 07:00:00,13.56,11.980481,12.185853563529642,13.084860064864978,14.757539341868869,13.089508514437254,11.93
2025-12-23 07:30:00,12.52,12.1378145,12.49927328286225,13.12383388018894,14.740987686853623,12.964080624373418,11.58
2025-12-23 08:00:00,10.7,12.034156,11.767071293779162,13.201657935208113,13.73295705366342,12.36684439954555,11.74
2025-12-23 08:30:00,9.8,11.785396,12.582699388823857,13.18870421691401,13.70222836548335,10.83139720349999,11.54
2025-12-23 09:00:00,8.12,11.0071125,12.114421053350789,11.590214640126328,12.793045996691722,9.923783820866312,11.18
2025-12-23 09:30:00,8.1,10.416669,11.346017468008853,10.11870412685272,12.290424448637634,8.535154123642926,10.38
2025-12-23 10:00:00,7.01,9.47407,8.950428033776078,9.147873092476084,11.118677390419329,8.169607375541784,10.12
2025-12-23 10:30:00,5.5,8.802376,8.67559175645115,10.31028642424258,8.746697409768592,7.773711370405081,9.89
2025-12-23 11:00:00,5.91,8.883262,9.185993082117156,10.338309220678989,9.99850449848025,7.75435448440363,9.84
2025-12-23 11:30:00,6.29,8.427447,8.523146489858645,10.001778838579058,8.0261138251482,7.586680814940996,9.54
2025-12-23 12:00:00,6.34,7.2477984,8.15497811726906,10.755787816079655,8.604523432669167,7.0607999930633865,9.17
2025-12-23 12:30:00,6.34,7.015544,6.41650035336777,10.166668485710646,8.305780897427425,7.0607999930633865,9.29
2025-12-23 13:00:00,8.76,7.45059,7.166612997536122,7.771920155702239,8.515573286549644,7.732856686639216,9.82
2025-12-23 13:30:00,9.17,8.712668,7.893833332243,8.657569999482053,10.256970704465752,7.75435448440363,10.5
2025-12-23 14:00:00,9.44,8.924547,8.787650922684863,8.59685794834652,9.785243617212656,7.75435448440363,10.65
2025-12-23 14:30:00,9.73,9.3077345,9.385024578243351,9.261368320055825,10.474398916184704,8.169607375541784,11.27
2025-12-23 15:00:00,9.92,9.925338,10.162849140821988,9.262859998270358,10.54168992450344,8.578707448540385,11.35
2025-12-23 15:30:00,11.05,11.072397,11.112599590163605,10.583832145882583,10.99597366085442,11.92740603463244,12.13
2025-12-23 16:00:00,13.5,11.7762165,12.553349914252903,13.133131693552736,11.749306189808282,12.66506534947766,12.95
2025-12-23 16:30:00,12.61,12.56565,12.930179630805396,13.630038692945554,13.084075999890452,13.56279419354775,13.64
2025-12-23 17:00:00,11.47,12.510508,11.301771583002406,15.074872147154691,12.484469880018183,13.26825176602713,13.06
2025-12-23 17:30:00,10.93,12.43252,12.18856098044722,13.105225149203614,12.99601460300847,13.202264496687464,12.97
2025-12-23 18:00:00,11.47,12.057743,12.231687329768404,12.952512445432722,13.093313428517824,13.199222194920074,12.81
2025-12-23 18:30:00,11.47,11.767039,11.563216135564335,12.491231041474403,12.827075050674884,12.66506534947766,12.66
2025-12-23 19:00:00,10.91,11.596234,11.62449216497025,12.549429908683852,11.893461976295589,12.21807509398078,12.65
2025-12-23 19:30:00,10.92,11.705924,10.902061269828286,12.418634426907856,12.340768179232793,12.11940899357585,12.34
2025-12-23 20:00:00,10.51,11.614532,10.748351562456412,12.30511717891678,12.044539438112036,11.39909806149461,12.19
2025-12-23 20:30:00,10.37,11.5636425,10.702259898865586,12.223028332222915,11.63049616267028,11.180953122539114,11.89
2025-12-23 21:00:00,10.37,11.58152,10.316442395041662,12.089231644003748,11.126230524683749,10.83139720349999,11.61
2025-12-23 21:30:00,10.28,11.342806,10.378622060884206,12.028296217785307,11.287527741617698,9.870817557511112,11.2
2025-12-23 22:00:00,10.37,11.414906,10.559852944086265,11.13567332861406,11.027795201817408,9.870817557511112,11.08
2025-12-23 22:30:00,10.05,10.832647,10.30597420134652,10.351414706151424,11.207196054992949,8.850576968062533,10.97
2025-12-23 23:00:00,10.14,10.638655,9.84261287203417,10.196821062138431,10.397766083437585,8.36034559384442,10.75
2025-12-23 23:30:00,9.74,10.615908,9.310118904441511,10.02448745978632,11.165650459514826,7.586680814940996,10.68
2025-12-24 00:00:00,9.35,10.056668,9.185989596018915,9.551143277710285,10.609409829872916,7.732856686639216,10.75
2025-12-24 00:30:00,9.42,10.013012,9.104735042415,9.412914179846895,10.758468681792426,7.867405281821788,10.58
2025-12-24 01:00:00,9.38,9.953072,8.994519786416623,9.437248961913983,10.14065029485552,8.136959916014783,10.74
2025-12-24 01:30:00,9.38,9.841018,9.10729450224738,9.59162051587234,10.328197566090711,8.169607375541784,10.59
2025-12-24 02:00:00,9.35,9.95188,9.274851655007282,9.69328281286456,10.463196520840173,8.136959916014783,10.8
2025-12-24 02:30:00,9.31,10.013012,9.113894834023778,9.662074588987352,10.502115003168948,8.169607375541784,10.77
2025-12-24 03:00:00,9.35,9.928634,9.17632927870896,9.613825304710936,10.167735188746974,8.169607375541784,10.84
2025-12-24 03:30:00,9.35,9.938038,9.006212521079194,9.613825304710936,10.15329130528752,8.353774920873418,10.91
2025-12-24 04:00:00,9.36,9.938038,9.07877454376124,9.601852667445804,10.284475643440468,8.353774920873418,10.98
2025-12-24 04:30:00,9.4,9.9705305,9.057507800834202,9.633335844143277,10.567666212679448,8.54492393296032,10.91
2025-12-24 05:00:00,9.49,10.148605,9.241272481956289,9.346086498103784,10.062936780584945,8.54492393296032,11.09
2025-12-24 05:30:00,9.53,10.403921,9.465260134966329,9.54760238569132,9.738275900579971,8.618138550787236,11.11
2025-12-24 06:00:00,9.73,10.49556,9.67349766919306,9.969624692492316,10.02797923948224,8.924472233605046,11.42
2025-12-24 06:30:00,10.36,11.398968,10.568716651049357,11.421319952801356,12.032347286318778,11.92740603463244,12.82
2025-12-24 07:00:00,10.89,11.42202,11.193939525586435,11.556482860584522,12.27401617079342,13.01979998436281,13.35
2025-12-24 07:30:00,11.47,11.431121,11.124113345748905,11.404503396431643,12.63053035225348,12.36684439954555,12.77
2025-12-24 08:00:00,13.1,11.453337,10.463673559687114,11.229882762846271,12.050992899351886,12.21807509398078,12.1
2025-12-24 08:30:00,13.1,11.437527,11.46607700425461,10.805614961465093,12.165760776041774,10.83139720349999,11.72
2025-12-24 09:00:00,13.92,10.996838,11.32705579788236,10.024938037936456,12.622034076358624,9.693669673973298,10.87
2025-12-24 09:30:00,12.16,10.639897,10.997943356174188,9.64061934144972,12.514545007037883,8.38550881057275,10.33
2025-12-24 10:00:00,10.54,10.8878145,10.060745841495692,9.521514996154153,12.637577891478742,7.881227447724293,9.63
2025-12-24 10:30:00,10.31,10.734517,10.092248013712204,9.964134482966209,11.127508871487,7.75435448440363,9.0
2025-12-24 11:00:00,10.07,10.81022,9.815135265828326,10.49614304052498,11.73507553644473,7.732856686639216,9.13
2025-12-24 11:30:00,9.79,10.437663,7.518001773132182,10.807008456573396,10.747874302475262,7.586680814940996,9.23
2025-12-24 12:00:00,9.92,10.244423,6.977287748628491,11.134755713626612,10.833851957092037,7.0607999930633865,8.88
2025-12-24 12:30:00,10.0,9.922288,8.207371126334973,10.092802174399468,9.860539712427782,7.0607999930633865,8.71
2025-12-24 13:00:00,11.47,10.2386465,9.386979211550257,9.34894484329152,9.914524083907793,7.732856686639216,10.1
2025-12-24 13:30:00,12.5,10.26937,9.26052940601228,9.390648965338436,10.984971132581014,7.75435448440363,10.41
2025-12-24 14:00:00,12.41,10.143996,9.684781483011491,9.079897595552673,11.372937441607183,7.75435448440363,10.82
2025-12-24 14:30:00,13.1,10.312621,10.35043765932353,9.926624621424873,11.50152796532158,7.881227447724293,11.25
2025-12-24 15:00:00,13.1,10.288188,9.77842437640609,10.04908572081342,12.471808375111834,8.358820706538975,11.42
2025-12-24 15:30:00,15.0,11.377289,11.530014907000352,11.12802160997607,12.366039313956668,11.39909806149461,13.05
2025-12-24 16:00:00,14.0,11.676363,12.385450053022948,11.686924057722733,12.14765066728919,13.01979998436281,13.89
2025-12-24 16:30:00,15.0,12.270168,12.128252882646375,14.787449178383849,13.509323919690022,13.202264496687464,14.0
2025-12-24 17:00:00,13.6,11.830518,11.790375747568952,14.422413388124202,12.247912181441466,13.089508514437254,13.01
2025-12-24 17:30:00,13.1,11.63832,11.459482632782006,12.55848752671142,12.365651518286407,12.473685468065916,13.01
2025-12-24 18:00:00,13.1,11.659128,11.556551831677744,12.512564842015266,12.634912878724688,12.21807509398078,12.78
2025-12-24 18:30:00,13.1,11.582202,11.334468605371091,12.353691301863808,12.48801108861898,12.11940899357585,12.69
2025-12-24 19:00:00,13.01,11.525607,11.289579115310566,12.427331294006782,12.01927928115625,11.94434315734298,12.36
2025-12-24 19:30:00,13.1,11.550919,10.801897068485523,12.220275670544169,12.13230668302452,11.348880059043385,12.19
2025-12-24 20:00:00,13.01,11.486832,10.371815659270938,12.014355997465096,11.781959610785789,11.180953122539114,12.02
2025-12-24 20:30:00,12.3,11.285018,10.386981804236097,11.922752640207152,11.90216851176478,10.605377854444276,11.76
2025-12-24 21:00:00,12.07,11.352706,10.19220159995887,11.88710415638925,11.650182799370194,9.870817557511112,11.65
2025-12-24 21:30:00,11.3,10.694301,10.136246256774884,11.885240382254027,11.401813044838262,8.924472233605046,11.24
2025-12-24 22:00:00,10.4,11.092355,10.290314147424615,11.92567579228552,11.058654453907463,9.85456210447275,11.28
2025-12-24 22:30:00,10.0,10.261059,9.583806810649303,10.123523998691384,11.093100247409597,8.618138550787236,11.04
2025-12-24 23:00:00,10.18,10.261059,9.15464787507336,9.773489223522908,10.560009743385343,8.169607375541784,10.97
2025-12-24 23:30:00,9.81,9.787846,8.93529897556367,9.728856100572033,10.41066844139561,7.586680814940996,10.61
2025-12-25 00:00:00,9.6,10.023311,8.879184623243747,9.394596126441852,9.55741445024019,7.732856686639216,10.08
2025-12-25 00:30:00,9.42,9.979654,8.946487989981714,9.359565998386747,9.968831292977956,7.811469882664264,10.13
2025-12-25 01:00:00,9.22,9.919714,8.836272733983336,9.290814374416138,9.443652809325224,7.867405281821788,10.11
2025-12-25 01:30:00,9.17,9.80766,8.894639482732126,9.358466129247647,9.62993916913006,7.965737530836342,10.14
2025-12-25 02:00:00,9.17,9.918523,9.001907731224952,9.494581525882507,9.559063838806384,7.965737530836342,10.3
2025-12-25 02:30:00,9.17,9.979654,9.052612722668837,9.529414052563355,9.895376850339398,7.965737530836342,10.36
2025-12-25 03:00:00,9.17,9.907555,9.098237684079598,9.341850831427298,9.837254225500464,7.965737530836342,10.05
2025-12-25 03:30:00,9.17,9.907555,8.97011763926914,9.510100257987576,9.651001675717728,8.136959916014783,10.22
2025-12-25 04:00:00,9.17,9.843039,9.008518393092684,9.453513853434432,9.84055343028821,8.136959916014783,10.28
2025-12-25 04:30:00,9.21,9.864882,9.04412593163346,9.477084185391918,9.9481534095113,8.136959916014783,10.44
2025-12-25 05:00:00,9.51,9.941646,8.922503568271221,9.449320115531457,9.523141651088997,8.49955534376255,10.5
2025-12-25 05:30:00,9.7,9.960989,9.169982961744688,9.309915810187638,9.823763565861308,8.578707448540385,10.69
2025-12-25 06:00:00,10.28,10.323302,9.37822049597142,9.308975139613286,10.025138752730417,8.850576968062533,10.88
2025-12-25 06:30:00,10.57,10.993576,10.058837342531968,10.598025869621056,10.346673511616824,10.83139720349999,11.41
2025-12-25 07:00:00,11.1,11.154747,10.717241220761627,11.199065860203817,11.40092325666403,12.473685468065916,12.01
2025-12-25 07:30:00,11.0,11.125468,10.872221041991075,11.26248340360595,12.155598753401462,12.21807509398078,12.11
2025-12-25 08:00:00,11.5,11.291854,10.801593359875763,11.229534119392063,11.88773367750873,12.21807509398078,12.47
2025-12-25 08:30:00,12.0,11.36166,11.40265543527825,11.06460677121528,11.87270413695168,11.187881022436446,12.34
2025-12-25 09:00:00,12.88,11.26411,12.279333029911216,10.719999827409104,12.248071016392917,10.83139720349999,12.19
2025-12-25 09:30:00,11.54,10.609849,11.204750636333229,9.870339286613495,12.30422123533616,9.27528525438898,11.26
2025-12-25 10:00:00,11.73,10.979722,11.473735195178598,9.498806276337776,12.291855341873813,8.800452775502588,10.4
2025-12-25 10:30:00,11.5,11.082184,11.641175398017769,9.022583501995246,11.833207026664056,8.169607375541784,10.01
2025-12-25 11:00:00,11.5,11.099008,10.517422146987824,9.881967210482763,12.223912843807412,7.867405281821788,9.97
2025-12-25 11:30:00,10.65,11.104995,8.760771007611927,10.26428902175971,11.373255278008916,7.732856686639216,9.91
2025-12-25 12:00:00,10.2,10.546829,7.186715029818905,10.00424000468595,11.243612632074122,7.223367078189472,9.6
2025-12-25 12:30:00,10.13,10.215091,8.65927894170386,10.204389667747872,9.729563789040176,7.0607999930633865,9.53
2025-12-25 13:00:00,11.1,10.817362,10.243339497465136,9.989265041332796,10.461241059525232,7.75435448440363,10.62
2025-12-25 13:30:00,12.5,10.832711,10.1471109882943,9.442362030028736,11.339886719027866,7.867405281821788,11.09
2025-12-25 14:00:00,11.84,10.738451,10.157752260392485,8.973063831052071,11.58587019986633,7.965737530836342,11.44
2025-12-25 14:30:00,12.0,10.873149,10.022653460028376,10.230491582118807,12.004114107270562,8.931392701749362,11.98
2025-12-25 15:00:00,11.5,10.736611,10.489976540207447,10.31855863673951,12.152723346631989,8.933845495370813,12.09
2025-12-25 15:30:00,11.42,11.681046,11.403804327514388,11.41551187437033,12.371044659957988,12.994759201352997,13.76
2025-12-25 16:00:00,11.4,12.159862,12.094166221680254,13.425292872088686,11.737974415174198,13.089508514437254,13.73
2025-12-25 16:30:00,11.54,12.439882,12.311810305415207,13.649257398220252,13.054191391091848,13.202264496687464,14.73
2025-12-25 17:00:00,11.42,11.954717,12.041380848331888,14.518914204400213,11.438307671261398,13.089508514437254,13.57
2025-12-25 17:30:00,11.42,11.762519,11.71048773354494,12.60986108712738,12.080437911569623,12.473685468065916,13.35
2025-12-25 18:00:00,11.1,11.876729,11.865973595295124,12.631518281059757,12.221335518594136,12.45750477789977,13.2
2025-12-25 18:30:00,11.1,11.708947,11.512159249631724,12.377137415698323,11.6477551478477,12.11940899357585,13.09
2025-12-25 19:00:00,10.94,11.652828,11.72495565050996,12.539480392093584,11.298727780797206,12.11940899357585,13.05
2025-12-25 19:30:00,10.38,11.596234,11.02754655562273,12.356860265710887,11.968628348904168,11.344240612838934,12.87
2025-12-25 20:00:00,10.17,11.501623,10.57757462323208,12.109718585988595,11.63373225384035,10.83139720349999,12.7
2025-12-25 20:30:00,10.15,11.345288,10.564672448496728,12.09350412971485,11.494378949635925,10.83139720349999,12.24
2025-12-25 21:00:00,9.88,11.367498,10.313332448220866,12.043658661857348,11.142240073646228,9.923783820866312,12.11
2025-12-25 21:30:00,9.76,10.504087,10.164591150184435,11.402431740576452,10.828176959240029,8.924472233605046,11.6
2025-12-25 22:00:00,11.5,10.674848,9.94622881604511,11.338142306497115,10.713727944466712,9.291207996034828,11.19
2025-12-25 22:30:00,11.0,10.207852,9.49365988324102,10.069003244459813,10.677641371765674,8.578707448540385,11.01
2025-12-25 23:00:00,10.63,10.288825,9.15464787507336,9.301974266078703,10.2920093010588,8.134925717087711,10.89
2025-12-25 23:30:00,9.96,9.75176,8.94618779598252,9.259908513413924,9.86716178868432,7.586680814940996,10.6
2025-12-26 00:00:00,9.46,10.260884,9.108845913115678,9.774453865026446,11.548619246365616,7.732856686639216,9.91
2025-12-26 00:30:00,9.17,10.271446,9.138965178210984,9.69077002763438,10.531412720388708,7.732856686639216,9.85
2025-12-26 01:00:00,9.17,9.882914,9.15871007498824,9.72147588003642,11.34520795350662,7.867405281821788,9.84
2025-12-26 01:30:00,9.0,9.512425,8.851973581859044,9.361692424479628,10.1807836765163,7.867405281821788,9.78
2025-12-26 02:00:00,9.05,9.9691515,8.93739970628372,9.516020799561042,9.063716475544902,7.867405281821788,9.96
2025-12-26 02:30:00,9.09,10.030282,9.034888778495954,9.34843875580122,9.198698309539742,7.867405281821788,10.06
2025-12-26 03:00:00,9.11,9.578962,8.700358629570616,9.31779330938989,9.371888515713236,7.867405281821788,9.9
2025-12-26 03:30:00,9.11,9.823841,8.839726442136367,9.413275736732524,9.741429373329954,7.867405281821788,10.06
2025-12-26 04:00:00,9.11,9.880308,8.995910024864145,9.508587139832343,9.82583586996017,7.867405281821788,10.06
2025-12-26 04:30:00,9.12,10.258939,9.241104652186015,9.583079013394787,9.924720628888585,7.965737530836342,10.12
2025-12-26 05:00:00,9.17,10.302973,9.261445854977769,9.704601413634446,10.57365837160384,8.136959916014783,10.34
2025-12-26 05:30:00,9.17,10.144186,9.444486682345142,9.548483626002804,11.071114421685804,8.54492393296032,10.44
2025-12-26 06:00:00,9.14,10.385299,9.571984939135715,9.649510281828194,11.7025778228276,8.578707448540385,10.45
2025-12-26 06:30:00,10.15,11.2919655,10.225591617172828,10.981834045647622,12.577026053171094,10.83139720349999,11.2
2025-12-26 07:00:00,10.65,11.257643,11.321791754871738,12.87345965193659,12.825636411397957,12.21807509398078,11.66
2025-12-26 07:30:00,10.91,11.342575,11.326823406554231,12.87641036046644,13.241489128400708,11.39909806149461,11.53
2025-12-26 08:00:00,11.08,11.542019,11.56230578063444,12.83512391010742,13.068617103094253,11.94434315734298,11.83
2025-12-26 08:30:00,11.03,11.675746,12.12228093601754,12.59815801338348,12.76894128817022,10.83139720349999,11.79
2025-12-26 09:00:00,10.62,11.482275,12.769674567309536,12.563382083212373,13.315787850959843,10.83139720349999,11.92
2025-12-26 09:30:00,8.35,10.937185,12.633584360347566,11.03512893795689,11.130750504131116,9.27528525438898,11.03
2025-12-26 10:00:00,8.24,10.996939,12.824645288037331,10.34011184590145,11.346487026162649,8.931392701749362,10.6
2025-12-26 10:30:00,8.18,10.872422,12.45595817091254,11.109562892875442,9.681359185330896,8.169607375541784,10.4
2025-12-26 11:00:00,8.0,10.4308605,14.694100597595233,12.522009638102285,10.189564677731212,7.965737530836342,10.54
2025-12-26 11:30:00,6.2,10.478976,14.184319212861208,12.444707905343892,10.748455174547065,7.732856686639216,10.15
2025-12-26 12:00:00,6.5,10.280792,14.933820762836485,12.826801637587613,11.544301175636862,7.443593052767814,9.67
2025-12-26 12:30:00,5.8,10.069477,11.22272931276975,13.052028287550751,10.435086473518872,7.0607999930633865,9.69
2025-12-26 13:00:00,6.5,11.399782,11.618312166223983,11.910260409768917,11.805797553649192,7.811469882664264,10.59
2025-12-26 13:30:00,8.11,11.024359,11.56413527221923,11.894787605650288,12.420471372194452,8.136959916014783,11.12
2025-12-26 14:00:00,8.1,11.047155,11.634244718281366,11.374305442671538,13.023047535810576,7.867405281821788,11.2
2025-12-26 14:30:00,8.1,11.102395,11.884019900737531,12.552914953920771,12.43679996410138,8.578707448540385,11.57
2025-12-26 15:00:00,8.81,11.341361,12.32252427148711,12.753495935554373,12.294927586370644,8.800452775502588,11.39
2025-12-26 15:30:00,9.61,12.677968,14.287774795136906,14.186645153291204,14.336600392673242,12.11940899357585,12.38
2025-12-26 16:00:00,10.31,12.444361,14.146009170801904,14.211802344488438,12.27810354310144,12.619909821249172,12.52
2025-12-26 16:30:00,10.56,13.022128,14.683115053251642,16.37789702559004,15.689227184350075,13.199222194920074,12.98
2025-12-26 17:00:00,10.59,12.718785,14.01365385435235,15.58912717613328,14.895314474198331,12.619909821249172,12.36
2025-12-26 17:30:00,10.58,12.522133,13.899674336214805,13.679583895171357,15.887891203799937,12.473685468065916,12.46
2025-12-26 18:00:00,10.52,12.441161,13.846902740493476,13.694270524023509,16.487337527391404,12.45750477789977,12.23
2025-12-26 18:30:00,10.52,12.371021,13.376211479026733,13.51227034067489,15.176240447705194,11.94434315734298,11.97
2025-12-26 19:00:00,10.51,12.314903,13.672084316840758,13.68526624554996,14.556078613814984,11.92740603463244,11.89
2025-12-26 19:30:00,10.0,12.274324,13.456980958015176,13.754974517552636,14.7410373837517,11.348880059043385,11.75
2025-12-26 20:00:00,9.92,12.256062,12.516601076107248,13.411801226156172,13.621409075854285,10.83139720349999,11.39
2025-12-26 20:30:00,9.32,11.997181,12.632130689875158,13.671113952929517,13.62438378186854,9.923783820866312,11.19
2025-12-26 21:00:00,9.01,11.735832,12.796166871072256,13.087989909391554,12.278130597566868,9.85456210447275,10.98
2025-12-26 21:30:00,8.5,11.27874,12.353807115193494,12.463626833531798,13.02271257740341,8.800452775502588,10.63
2025-12-26 22:00:00,8.1,11.525542,12.107400835724524,12.678455086369308,13.81275992554014,9.291207996034828,11.05
2025-12-26 22:30:00,8.1,11.146568,12.09980103063286,12.54555662733426,13.548384466258412,8.36034559384442,10.73
2025-12-26 23:00:00,8.4,11.153868,11.282624396144326,11.954493210883106,13.31929074419236,8.101219071421964,10.42
2025-12-26 23:30:00,8.1,11.000577,11.073387595911145,11.954236457466353,12.904563442873632,7.586680814940996,10.14
2025-12-27 00:00:00,9.68,10.489673,10.091932806544216,10.224878318109964,11.827218786366524,7.732856686639216,9.83
2025-12-27 00:30:00,9.77,10.221021,9.835440561860649,9.901315777098786,12.225463721373096,7.732856686639216,9.69
2025-12-27 01:00:00,9.57,10.16108,9.864413731922786,10.136217164383284,11.657228608893234,7.75435448440363,9.74
2025-12-27 01:30:00,9.52,10.049026,9.833558115949131,10.173114803569437,11.715091887307402,7.75435448440363,9.64
2025-12-27 02:00:00,9.43,10.159889,9.792854180924069,10.236695022915267,11.673510920110036,7.75435448440363,9.81
2025-12-27 02:30:00,9.43,10.361701,10.00905230058888,10.1930530458923,11.326191659976152,7.867405281821788,9.8
2025-12-27 03:00:00,9.43,10.221021,9.979666860566818,10.145541985480753,11.292445216129776,7.75435448440363,9.7
2025-12-27 03:30:00,9.43,10.228469,10.031707276223324,10.068960500806746,11.073271410826347,7.811469882664264,9.84
2025-12-27 04:00:00,9.43,10.2896,9.99315661762881,9.997466944012988,11.203105964520354,7.867405281821788,9.93
2025-12-27 04:30:00,9.43,10.353748,10.153698949595858,10.016008830559851,11.410562407661436,7.867405281821788,9.89
2025-12-27 05:00:00,9.49,10.58114,10.509539239371966,10.216253693970424,11.884834824978611,7.965737530836342,10.02
2025-12-27 05:30:00,9.54,10.518557,10.574388219216472,10.372590182329043,12.091833079626351,8.136959916014783,9.83
2025-12-27 06:00:00,9.78,10.436633,10.603089669898786,11.103711919803526,12.814098877554482,8.578707448540385,10.04
2025-12-27 06:30:00,9.92,11.393246,11.32713050905218,12.365196512965856,13.204645112294353,10.83139720349999,11.06
2025-12-27 07:00:00,9.92,11.488005,11.641618405608298,13.08017423174632,13.2597358340036,11.94434315734298,11.29
2025-12-27 07:30:00,8.1,11.663705,11.61272188916047,13.292407516931553,13.49746632480079,11.348880059043385,11.16
2025-12-27 08:00:00,8.55,11.86315,11.68889571888853,13.144226680764582,13.506443974102565,11.94434315734298,11.4
2025-12-27 08:30:00,7.0,11.963901,12.396434519321078,12.906935587276015,12.928799134230632,11.180953122539114,11.32
2025-12-27 09:00:00,8.3,11.5606165,12.923245335262717,12.850405854768969,12.838967046750628,11.180953122539114,11.29
2025-12-27 09:30:00,8.19,11.0868,13.09371907945259,11.031183859721088,10.336596463346725,9.291207996034828,10.15
2025-12-27 10:00:00,7.4,10.875002,12.479414252825672,10.105240335434374,10.41584284834084,8.618138550787236,9.91
2025-12-27 10:30:00,5.3,10.515882,11.60862406828904,11.612775321252956,9.264663763495063,8.36034559384442,9.65
2025-12-27 11:00:00,5.0,10.300712,14.669034617793963,12.202767908077346,9.46998362228842,8.136959916014783,9.59
2025-12-27 11:30:00,7.0,8.967045,13.943560958562044,10.596089454779616,9.17156422909211,7.811469882664264,8.99
2025-12-27 12:00:00,7.67,8.389341,13.487393831301263,11.364136046473938,8.765747019854226,7.732856686639216,8.76
2025-12-27 12:30:00,7.55,8.457093,9.589427548697016,11.103015050618485,8.334725877709433,7.471945320883604,8.53
2025-12-27 13:00:00,8.1,9.665422,10.12665261482941,9.452338333270202,9.18095112168314,7.867405281821788,9.35
2025-12-27 13:30:00,8.1,10.050743,10.170040297265023,9.42570752452066,11.343847448297565,8.353774920873418,9.99
2025-12-27 14:00:00,8.1,10.554176,10.252418173290195,10.8136699568391,12.31965629741633,8.136959916014783,10.15
2025-12-27 14:30:00,8.88,10.578466,11.52037894537711,11.857022592551854,12.44676670039246,8.578707448540385,10.4
2025-12-27 15:00:00,9.16,10.994418,11.566331895682891,12.259512999984413,12.042109018410558,8.578707448540385,10.62
2025-12-27 15:30:00,9.54,12.493617,13.889806128580704,14.147998946749269,12.339459846354416,11.39909806149461,11.23
2025-12-27 16:00:00,9.92,12.225249,13.786860020140589,13.866592005388062,13.04908918161004,11.94434315734298,11.85
2025-12-27 16:30:00,10.05,12.821936,14.551599298892368,15.989571676978793,14.659794623649466,13.12382667810645,12.44
2025-12-27 17:00:00,10.22,12.534435,14.116459699016987,15.106428625444408,15.041918291176918,12.57857066211709,11.84
2025-12-27 17:30:00,10.66,12.452723,13.745797848011584,13.479941755367609,13.90041665172254,12.46802498855974,11.63
2025-12-27 18:00:00,10.55,12.385043,13.843010350049832,13.50176382810457,13.073037783263583,12.21807509398078,11.7
2025-12-27 18:30:00,10.6,12.0316925,13.0889983365168,13.053907360228122,11.981510859438217,11.348880059043385,11.47
2025-12-27 19:00:00,10.41,11.929053,12.809734565289386,12.867396893641232,11.438027620277303,11.180953122539114,11.52
2025-12-27 19:30:00,10.31,11.899591,12.47076505831168,13.12996313125102,11.793618969692798,10.83139720349999,11.23
2025-12-27 20:00:00,10.59,11.895837,12.127745582987268,12.825662797996294,11.798444857627064,10.605377854444276,10.76
2025-12-27 20:30:00,10.5,11.657123,12.122044537113716,12.995393715836483,12.860749895098165,9.85456210447275,10.53
2025-12-27 21:00:00,10.45,11.067196,12.170125023217878,12.0851450834241,12.053616501333988,8.924472233605046,10.24
2025-12-27 21:30:00,10.08,10.668007,11.468626713351828,11.3300458246865,10.741532804439998,8.578707448540385,9.95
2025-12-27 22:00:00,10.81,10.834653,11.228331754403456,11.33566144273516,11.854560670522782,8.578707448540385,9.71
2025-12-27 22:30:00,10.47,10.532341,10.993252236080563,11.277192474122463,11.77197818942433,8.356519120982403,9.68
2025-12-27 23:00:00,10.5,10.815723,10.353377425369562,11.371751728330398,13.436052795039648,8.169607375541784,9.7
2025-12-27 23:30:00,9.92,10.605797,9.852513750868834,10.42924602301951,11.127875645566371,7.586680814940996,9.22
2025-12-28 00:00:00,9.84,10.105575,9.78783520609074,9.954690821722462,10.527409309990182,7.732856686639216,9.6
2025-12-28 00:30:00,9.9,10.033629,9.76726152468127,9.79645102170747,10.829899021281296,7.732856686639216,9.58
2025-12-28 01:00:00,9.83,9.97369,9.409149284214292,10.04743374985825,10.392928535868863,7.732856686639216,9.56
2025-12-28 01:30:00,9.73,9.821487,9.452680959326084,9.919791632833428,10.48044814084072,7.75435448440363,9.51
2025-12-28 02:00:00,9.62,9.871036,9.443833733321524,10.089258815727328,10.41869718047844,7.732856686639216,9.44
2025-12-28 02:30:00,9.57,10.016911,9.615500261420085,9.882999263917911,10.295078376335749,7.75435448440363,9.51
2025-12-28 03:00:00,9.54,9.876231,9.430343976259532,9.850481801006929,10.436097667214892,7.732856686639216,9.55
2025-12-28 03:30:00,9.56,9.871036,9.567287502304769,9.854699899285595,10.495976186046152,7.75435448440363,9.44
2025-12-28 04:00:00,9.56,10.016911,9.588286083457012,9.888978921251992,9.914714482812435,7.75435448440363,9.54
2025-12-28 04:30:00,9.56,9.944811,9.568991968522315,9.831025027923038,10.77975743120474,7.811469882664264,9.55
2025-12-28 05:00:00,9.63,10.048438,9.879176485601448,9.837801855692662,10.652228829392405,7.867405281821788,9.9
2025-12-28 05:30:00,9.73,10.091535,9.734019179955084,9.853959405374813,10.246276448889192,7.867405281821788,9.71
2025-12-28 06:00:00,10.17,10.235207,9.941523125384178,9.86549484595654,10.100778283521716,8.136959916014783,9.88
2025-12-28 06:30:00,10.97,10.485072,10.49865960470978,11.324701021784056,11.590020014263258,8.578707448540385,10.65
2025-12-28 07:00:00,10.92,11.144023,11.27226472527143,12.471276225865733,11.502804954981489,10.576270884174416,10.72
2025-12-28 07:30:00,10.0,10.967242,11.028495838116344,12.29096628261338,12.085912428307964,10.83139720349999,10.07
2025-12-28 08:00:00,10.41,11.482682,11.217402189819593,12.390500392707525,11.562583495006855,10.605377854444276,10.49
2025-12-28 08:30:00,8.64,11.174798,11.062228022807474,12.345250304634526,11.223285899677917,10.576270884174416,9.95
2025-12-28 09:00:00,8.72,11.169648,12.76493753307736,11.533722405295457,11.721018144223123,10.605377854444276,10.41
2025-12-28 09:30:00,8.19,10.120612,10.999914417726275,9.19690795117853,11.123253930010906,8.931392701749362,9.62
2025-12-28 10:00:00,7.58,9.558076,10.799852667051212,9.28953788082032,10.479047369478062,8.618138550787236,9.24
2025-12-28 10:30:00,5.4,8.995581,10.337287197644008,9.218558645113497,8.457341913505342,8.136959916014783,8.52
2025-12-28 11:00:00,4.0,8.460348,13.443537590751072,9.047581820503254,9.379749055985805,7.867405281821788,8.33
2025-12-28 11:30:00,3.0,8.240652,12.22526136619474,9.747119679520193,9.931880930856144,7.75435448440363,8.72
2025-12-28 12:00:00,3.0,7.6889334,8.489183204182527,9.72878921577772,9.32161400698217,7.732856686639216,8.77
2025-12-28 12:30:00,3.0,7.7459693,8.046527615243946,8.997006984385449,7.485843564710719,7.471945320883604,8.69
2025-12-28 13:00:00,5.01,8.639015,8.666688853685217,8.318144515404953,7.832341175370402,7.773711370405081,9.35
2025-12-28 13:30:00,7.0,8.7823,8.299858398546515,8.4234717637294,8.082137599518152,7.965737530836342,9.7
2025-12-28 14:00:00,6.5,9.181446,8.534525035724087,8.485882673874587,8.468870903565962,7.867405281821788,9.6
2025-12-28 14:30:00,8.0,9.720762,9.932822756171142,8.63817594323805,9.144022219720656,8.136959916014783,9.98
2025-12-28 15:00:00,9.26,10.025565,9.887620870558818,9.081671900265595,9.513394895245252,8.38550881057275,10.19
2025-12-28 15:30:00,10.02,11.322347,10.4067385207783,11.078649729073106,9.575721464411734,10.83139720349999,10.69
2025-12-28 16:00:00,11.9,11.209966,10.69964948566826,11.33583946743565,10.09805990649772,11.180953122539114,11.04
2025-12-28 16:30:00,15.84,11.994906,12.774249387963875,14.267308046729228,12.703192074133256,12.473685468065916,11.59
2025-12-28 17:00:00,15.84,11.938985,11.14362036666307,14.303349061558356,11.216899113199716,12.21807509398078,11.17
2025-12-28 17:30:00,18.0,11.877935,11.14191033238989,12.698532062521476,10.230122238769525,12.11940899357585,11.2
2025-12-28 18:00:00,12.98,11.817527,11.14508296428152,12.609902498535831,10.263891778857904,11.92740603463244,11.19
2025-12-28 18:30:00,11.0,11.757841,10.797865796665365,12.559938463267171,10.230453868014855,11.344240612838934,11.14
2025-12-28 19:00:00,11.0,11.700513,10.705433827683663,12.264549563987844,9.514095370849727,11.180953122539114,11.05
2025-12-28 19:30:00,11.18,11.7214575,10.366464320705958,12.280613272521844,9.672890753967236,10.83139720349999,10.88
2025-12-28 20:00:00,15.84,11.478989,10.112314943477235,12.17046254303393,9.74671599217852,9.923783820866312,10.76
2025-12-28 20:30:00,15.64,11.186833,10.438237584312713,12.14279150974414,9.70076902976363,9.693669673973298,10.5
2025-12-28 21:00:00,15.0,10.908299,9.808485895451518,10.979943905812748,9.937945116711203,8.850576968062533,10.37
2025-12-28 21:30:00,16.82,10.459212,9.571395410244133,10.822964513958087,8.753217982359802,8.54492393296032,9.95
2025-12-28 22:00:00,13.19,10.794053,10.434305804777368,9.841541098580509,9.828257094163844,8.54492393296032,10.15
2025-12-28 22:30:00,10.64,10.388634,10.216318211343202,9.833204835021538,9.92288331128268,8.344482161775305,9.93
2025-12-28 23:00:00,10.71,10.815723,9.789922948354668,10.028031377469611,11.047181142100168,8.134925717087711,9.88
2025-12-28 23:30:00,9.91,10.605797,9.322024029756648,9.92696178645517,10.606765178620387,7.732856686639216,9.47
2025-12-29 00:00:00,10.04,,,,,,9.42
2025-12-29 00:30:00,9.77,,,,,,9.36
2025-12-29 01:00:00,9.68,,,,,,9.36
2025-12-29 01:30:00,9.54,,,,,,9.36
2025-12-29 02:00:00,9.52,,,,,,9.35
2025-12-29 02:30:00,9.49,,,,,,9.32
2025-12-29 03:00:00,9.52,,,,,,9.31
2025-12-29 03:30:00,9.44,,,,,,9.32
2025-12-29 04:00:00,9.54,,,,,,9.44
2025-12-29 04:30:00,9.58,,,,,,9.41
2025-12-29 05:00:00,9.83,,,,,,9.82
2025-12-29 05:30:00,10.0,,,,,,9.58
2025-12-29 06:00:00,10.15,,,,,,9.87
2025-12-29 06:30:00,11.01,,,,,,10.94
2025-12-29 07:00:00,10.77,,,,,,10.9
2025-12-29 07:30:00,10.24,,,,,,10.48
2025-12-29 08:00:00,10.63,,,,,,10.78
2025-12-29 08:30:00,10.72,,,,,,10.25
2025-12-29 09:00:00,8.33,,,,,,10.39
2025-12-29 09:30:00,8.0,,,,,,9.53
2025-12-29 10:00:00,6.3,,,,,,9.34
2025-12-29 10:30:00,6.0,,,,,,8.36
2025-12-29 11:00:00,6.1,,,,,,7.86
2025-12-29 11:30:00,5.73,,,,,,7.64
2025-12-29 12:00:00,6.05,,,,,,7.6
2025-12-29 12:30:00,6.05,,,,,,7.48
2025-12-29 13:00:00,6.21,,,,,,8.5
2025-12-29 13:30:00,7.0,,,,,,9.49
2025-12-29 14:00:00,8.62,,,,,,9.28
2025-12-29 14:30:00,8.77,,,,,,10.01
2025-12-29 15:00:00,9.12,,,,,,10.52
2025-12-29 15:30:00,9.54,,,,,,11.25
2025-12-29 16:00:00,10.42,,,,,,12.12
2025-12-29 16:30:00,10.15,,,,,,13.86
2025-12-29 17:00:00,10.09,,,,,,13.45
2025-12-29 17:30:00,10.05,,,,,,14.05
2025-12-29 18:00:00,10.15,,,,,,12.5
2025-12-29 18:30:00,10.17,,,,,,11.88
2025-12-29 19:00:00,10.0,,,,,,11.83
2025-12-29 19:30:00,9.92,,,,,,11.68
2025-12-29 20:00:00,10.15,,,,,,12.88
2025-12-29 20:30:00,10.26,,,,,,12.74
2025-12-29 21:00:00,10.24,,,,,,12.33
2025-12-29 21:30:00,13.5,,,,,,12.62
2025-12-29 22:00:00,14.01,,,,,,11.58
2025-12-29 22:30:00,10.82,,,,,,10.76
2025-12-29 23:00:00,10.0,,,,,,10.84
2025-12-29 23:30:00,9.43,,,,,,10.24
2025-12-30 00:00:00,9.44,,,,,,9.77
2025-12-30 00:30:00,9.31,,,,,,9.77
2025-12-30 01:00:00,9.25,,,,,,9.69
2025-12-30 01:30:00,9.31,,,,,,9.66
2025-12-30 02:00:00,9.36,,,,,,9.72
2025-12-30 02:30:00,9.39,,,,,,9.85
2025-12-30 03:00:00,9.43,,,,,,9.78
2025-12-30 03:30:00,9.43,,,,,,9.75
2025-12-30 04:00:00,9.43,,,,,,9.88
2025-12-30 04:30:00,9.43,,,,,,9.92
2025-12-30 05:00:00,9.43,,,,,,10.37
2025-12-30 05:30:00,9.44,,,,,,10.15
2025-12-30 06:00:00,9.5,,,,,,10.37
2025-12-30 06:30:00,9.76,,,,,,11.58
2025-12-30 07:00:00,10.02,,,,,,11.53
2025-12-30 07:30:00,9.78,,,,,,11.07
2025-12-30 08:00:00,9.88,,,,,,11.36
2025-12-30 08:30:00,9.14,,,,,,11.25
2025-12-30 09:00:00,8.15,,,,,,10.59
2025-12-30 09:30:00,6.34,,,,,,10.07
2025-12-30 10:00:00,6.21,,,,,,9.38
2025-12-30 10:30:00,6.04,,,,,,8.88
2025-12-30 11:00:00,5.7,,,,,,8.69
2025-12-30 11:30:00,4.5,,,,,,8.35
2025-12-30 12:00:00,4.28,,,,,,8.35
2025-12-30 12:30:00,5.0,,,,,,8.24
2025-12-30 13:00:00,6.03,,,,,,8.99
2025-12-30 13:30:00,6.5,,,,,,9.63
2025-12-30 14:00:00,6.03,,,,,,9.92
2025-12-30 14:30:00,6.73,,,,,,10.4
2025-12-30 15:00:00,8.06,,,,,,10.6
2025-12-30 15:30:00,9.42,,,,,,11.38
2025-12-30 16:00:00,9.54,,,,,,11.9
2025-12-30 16:30:00,9.66,,,,,,12.11
2025-12-30 17:00:00,9.91,,,,,,12.1
2025-12-30 17:30:00,9.8,,,,,,12.27
2025-12-30 18:00:00,9.8,,,,,,11.95
2025-12-30 18:30:00,9.68,,,,,,11.86
2025-12-30 19:00:00,9.72,,,,,,11.59
2025-12-30 19:30:00,9.72,,,,,,11.36
2025-12-30 20:00:00,9.68,,,,,,11.69
2025-12-30 20:30:00,10.46,,,,,,11.54
2025-12-30 21:00:00,10.46,,,,,,11.25
2025-12-30 21:30:00,10.1,,,,,,11.93
2025-12-30 22:00:00,9.88,,,,,,11.92
2025-12-30 22:30:00,9.77,,,,,,10.7
2025-12-30 23:00:00,10.3,,,,,,10.5
2025-12-30 23:30:00,9.7,,,,,,9.94
2025-12-31 00:00:00,9.15,,,,,,10.08
2025-12-31 00:30:00,9.09,,,,,,10.05
2025-12-31 01:00:00,9.1,,,,,,9.98
2025-12-31 01:30:00,9.05,,,,,,9.99
2025-12-31 02:00:00,9.1,,,,,,9.99
2025-12-31 02:30:00,9.05,,,,,,10.03
2025-12-31 03:00:00,9.17,,,,,,10.0
2025-12-31 03:30:00,9.05,,,,,,9.99
2025-12-31 04:00:00,9.05,,,,,,10.04
2025-12-31 04:30:00,9.12,,,,,,10.02
2025-12-31 05:00:00,9.31,,,,,,10.39
2025-12-31 05:30:00,9.23,,,,,,10.19
2025-12-31 06:00:00,9.43,,,,,,10.34
2025-12-31 06:30:00,9.43,,,,,,11.27
2025-12-31 07:00:00,9.54,,,,,,11.27
2025-12-31 07:30:00,9.43,,,,,,10.87
2025-12-31 08:00:00,9.79,,,,,,11.12
2025-12-31 08:30:00,9.43,,,,,,10.84
2025-12-31 09:00:00,8.92,,,,,,10.42
2025-12-31 09:30:00,7.52,,,,,,9.47
2025-12-31 10:00:00,6.83,,,,,,9.08
2025-12-31 10:30:00,6.0,,,,,,8.63
2025-12-31 11:00:00,5.5,,,,,,8.25
2025-12-31 11:30:00,5.5,,,,,,7.68
2025-12-31 12:00:00,6.0,,,,,,7.47
2025-12-31 12:30:00,5.5,,,,,,7.56
2025-12-31 13:00:00,6.43,,,,,,8.36
2025-12-31 13:30:00,6.54,,,,,,9.01
2025-12-31 14:00:00,5.0,,,,,,9.01
2025-12-31 14:30:00,7.57,,,,,,9.46
2025-12-31 15:00:00,8.79,,,,,,10.11
2025-12-31 15:30:00,9.43,,,,,,10.9
2025-12-31 16:00:00,9.2,,,,,,11.2
2025-12-31 16:30:00,9.42,,,,,,11.73
2025-12-31 17:00:00,9.61,,,,,,11.79
2025-12-31 17:30:00,9.62,,,,,,11.77
2025-12-31 18:00:00,9.43,,,,,,11.48
2025-12-31 18:30:00,9.43,,,,,,11.27
2025-12-31 19:00:00,9.34,,,,,,11.16
2025-12-31 19:30:00,9.43,,,,,,11.06
2025-12-31 20:00:00,9.75,,,,,,11.11
2025-12-31 20:30:00,9.71,,,,,,11.24
2025-12-31 21:00:00,9.74,,,,,,11.07
2025-12-31 21:30:00,9.56,,,,,,11.16
2025-12-31 22:00:00,9.56,,,,,,10.88
2025-12-31 22:30:00,9.43,,,,,,10.3
2025-12-31 23:00:00,10.02,,,,,,10.43
2025-12-31 23:30:00,9.79,,,,,,9.85
2026-01-01 00:00:00,9.29,,,,,,9.74
2026-01-01 00:30:00,9.25,,,,,,9.76
2026-01-01 01:00:00,9.25,,,,,,9.68
2026-01-01 01:30:00,9.25,,,,,,9.6
2026-01-01 02:00:00,9.23,,,,,,9.63
2026-01-01 02:30:00,9.15,,,,,,9.66
2026-01-01 03:00:00,9.23,,,,,,9.7
2026-01-01 03:30:00,9.11,,,,,,9.66
2026-01-01 04:00:00,9.16,,,,,,9.72
2026-01-01 04:30:00,9.2,,,,,,9.74
2026-01-01 05:00:00,9.25,,,,,,9.6
2026-01-01 05:30:00,9.25,,,,,,9.85
2026-01-01 06:00:00,9.25,,,,,,10.05
2026-01-01 06:30:00,9.5,,,,,,10.19
2026-01-01 07:00:00,8.87,,,,,,10.61
2026-01-01 07:30:00,8.13,,,,,,10.31
2026-01-01 08:00:00,9.4,,,,,,10.59
2026-01-01 08:30:00,8.16,,,,,,10.42
2026-01-01 09:00:00,8.16,,,,,,10.05
2026-01-01 09:30:00,8.15,,,,,,9.3
2026-01-01 10:00:00,8.16,,,,,,8.72
2026-01-01 10:30:00,7.36,,,,,,8.13
2026-01-01 11:00:00,6.84,,,,,,7.71
2026-01-01 11:30:00,6.59,,,,,,7.49
2026-01-01 12:00:00,6.46,,,,,,7.47
2026-01-01 12:30:00,6.07,,,,,,7.35
2026-01-01 13:00:00,6.07,,,,,,8.03
2026-01-01 13:30:00,6.84,,,,,,8.42
2026-01-01 14:00:00,6.84,,,,,,8.17
2026-01-01 14:30:00,7.48,,,,,,9.18
2026-01-01 15:00:00,7.86,,,,,,9.87
2026-01-01 15:30:00,9.0,,,,,,10.39
2026-01-01 16:00:00,9.52,,,,,,10.61
2026-01-01 16:30:00,10.5,,,,,,11.25
2026-01-01 17:00:00,10.5,,,,,,11.44
2026-01-01 17:30:00,10.42,,,,,,11.55
2026-01-01 18:00:00,10.86,,,,,,10.97
2026-01-01 18:30:00,10.41,,,,,,10.75
2026-01-01 19:00:00,10.5,,,,,,10.67
2026-01-01 19:30:00,10.86,,,,,,10.59
2026-01-01 20:00:00,10.86,,,,,,11.14
2026-01-01 20:30:00,10.7,,,,,,11.02
2026-01-01 21:00:00,10.86,,,,,,10.84
2026-01-01 21:30:00,10.56,,,,,,11.13
2026-01-01 22:00:00,10.5,,,,,,10.88
2026-01-01 22:30:00,10.02,,,,,,10.23
2026-01-01 23:00:00,9.85,,,,,,10.48
2026-01-01 23:30:00,9.68,,,,,,9.88
2026-01-02 00:00:00,9.16,10.247501,9.941053552526682,10.088329627983372,10.786231714406144,7.867405281821788,9.96
2026-01-02 00:30:00,9.16,10.029682,9.737851393529638,9.968267605766536,10.32410474382166,7.75435448440363,9.84
2026-01-02 01:00:00,9.22,10.029682,9.936627286916837,10.127276884911034,10.584804293652022,7.75435448440363,9.84
2026-01-02 01:30:00,9.31,10.029682,9.680562015036,10.090022728204763,10.523180912639909,7.75435448440363,9.73
2026-01-02 02:00:00,9.36,10.029682,9.819658817511783,10.135800794331075,10.646003169817696,7.75435448440363,9.8
2026-01-02 02:30:00,9.28,10.311649,9.840888976948987,9.92611711091963,10.587151591710846,7.867405281821788,9.75
2026-01-02 03:00:00,9.6,10.1703615,9.704579078394548,9.92611711091963,10.536892179117872,7.867405281821788,9.85
2026-01-02 03:30:00,9.61,10.079061,9.500445899594489,9.975547094828544,10.280487575170854,7.75435448440363,9.75
2026-01-02 04:00:00,9.83,10.034878,9.507773693718056,9.964311133529243,10.531549182837896,7.811469882664264,9.78
2026-01-02 04:30:00,9.91,10.099823,9.684880000847606,10.020517156146498,11.01103021556115,7.867405281821788,9.83
2026-01-02 05:00:00,10.12,10.027722,10.207033426436793,10.020517156146498,11.59819714474315,7.811469882664264,9.93
2026-01-02 05:30:00,10.25,10.173597,10.250565101548585,10.045348075757945,11.423911363372245,7.867405281821788,9.97
2026-01-02 06:00:00,10.81,10.184525,10.639769244065898,10.217007772715888,11.506520600630914,8.136959916014783,10.09
2026-01-02 06:30:00,11.17,10.2493305,10.527329478040883,10.986455537683211,11.843949677363142,8.54492393296032,10.28
2026-01-02 07:00:00,11.3,10.945494,10.866159540595802,11.25459612592265,12.53095844120074,9.340302995785247,10.26
2026-01-02 07:30:00,10.24,10.622637,10.852138788468793,11.17176201820767,11.699562576793577,8.618138550787236,10.04
2026-01-02 08:00:00,11.0,10.565072,11.449859201547948,11.726157075532283,12.49584387963758,8.578707448540385,10.42
2026-01-02 08:30:00,10.27,10.851418,11.321988679968252,11.902770042954224,12.752519163452355,8.578707448540385,9.89
2026-01-02 09:00:00,8.82,11.333212,12.181803385798045,12.54496318938549,13.378188142734947,8.169607375541784,9.62
2026-01-02 09:30:00,8.09,11.637371,11.998050259029704,11.540949463800295,13.89696340924194,7.223367078189472,9.13
2026-01-02 10:00:00,7.5,11.751689,10.814729091283956,11.689411723446334,13.258254237810709,7.0607999930633865,8.72
2026-01-02 10:30:00,6.7,10.833984,10.835827725296223,11.129620977940943,12.100246522156723,7.0607999930633865,8.04
2026-01-02 11:00:00,6.39,10.028551,11.193843465461637,10.407504476060414,11.044197229036785,7.0607999930633865,7.66
2026-01-02 11:30:00,6.38,8.857084,10.031261891402911,9.216907127197704,11.176896477102066,7.0607999930633865,7.49
2026-01-02 12:00:00,6.47,8.106001,9.466884654820143,8.141942671975439,10.205967008591008,7.0607999930633865,7.54
2026-01-02 12:30:00,7.5,8.230606,9.150415602061162,8.647904259438123,9.663045169249052,7.0607999930633865,7.36
2026-01-02 13:00:00,8.65,9.713418,10.618246229175018,10.657873222065072,8.790623688923425,7.0607999930633865,7.54
2026-01-02 13:30:00,8.88,9.674974,9.766753732739993,10.432378209729674,10.645076522937233,7.0607999930633865,8.22
2026-01-02 14:00:00,9.73,9.591053,9.631785801335871,10.956281620060478,9.699718371721696,7.0607999930633865,8.26
2026-01-02 14:30:00,10.06,10.032174,9.589930198766233,10.971274329266848,10.15508879728416,7.0607999930633865,8.73
2026-01-02 15:00:00,10.41,10.605265,11.296935532249067,10.828355238573796,11.325503708524932,7.732856686639216,9.4
2026-01-02 15:30:00,11.14,10.818418,11.664293132378424,11.378341834871376,11.250301111556851,7.75435448440363,10.04
2026-01-02 16:00:00,11.0,10.836064,11.438593888572228,12.292560881361876,11.82300847379,7.867405281821788,10.37
2026-01-02 16:30:00,11.3,11.47653,11.828700986720444,12.856738312976118,11.846999999014525,9.340302995785247,11.42
2026-01-02 17:00:00,11.3,11.626115,12.035950995964813,12.998510144928378,11.343764943638726,9.870817557511112,11.54
2026-01-02 17:30:00,11.14,11.741733,12.29567494646996,13.184216531950128,10.933663148841603,9.923783820866312,11.74
2026-01-02 18:00:00,11.3,11.696255,12.336370408448488,13.569821938347648,11.924942049547122,9.923783820866312,11.29
2026-01-02 18:30:00,11.17,11.356196,11.612904065666129,12.820368912079768,11.555542404891618,9.870817557511112,10.9
2026-01-02 19:00:00,11.14,11.082357,11.948954583915048,11.690505983972171,12.198382314406423,9.693669673973298,10.81
2026-01-02 19:30:00,11.14,11.264162,11.59452621314466,11.641987252992251,10.354348421273723,9.340302995785247,11.18
2026-01-02 20:00:00,11.3,11.254333,11.399905903878588,12.640412076403846,10.03111193845058,9.870817557511112,11.5
2026-01-02 20:30:00,11.3,11.010201,11.21981453823403,12.21154759260659,11.438852566877836,9.693669673973298,11.29
2026-01-02 21:00:00,11.3,11.157954,10.693709521867005,11.91188304609896,11.044500912231031,9.27528525438898,11.22
2026-01-02 21:30:00,11.14,10.8313465,10.63033096546438,12.159947428051003,11.289738038398886,9.340302995785247,11.5
2026-01-02 22:00:00,11.26,10.932924,10.654690507163176,12.208072134518346,11.117638627902195,9.693669673973298,11.16
2026-01-02 22:30:00,10.93,10.480676,10.22646031345588,11.35602546806984,12.06622677406174,8.54492393296032,10.45
2026-01-02 23:00:00,18.05,10.718414,9.681970701247812,11.46979820089515,11.04578959923928,8.516659321826795,10.39
2026-01-02 23:30:00,10.87,10.580588,9.431672193122786,10.500878360177389,11.318989351860822,7.811469882664264,10.15
2026-01-03 00:00:00,10.41,10.247501,10.061615339662191,9.959402979869514,11.010364967429403,7.965737530836342,9.96
2026-01-03 00:30:00,10.87,10.029682,9.91633971403214,9.918587610532224,10.594535845852944,7.850214615892814,9.9
2026-01-03 01:00:00,10.4,9.872283,9.721018664247802,9.859007769143782,10.453094087320617,7.811469882664264,9.88
2026-01-03 01:30:00,10.07,9.872283,9.442462872325963,9.858231074713524,10.356899308538134,7.75435448440363,9.85
2026-01-03 02:00:00,10.0,10.012962,9.500112190751366,9.817816180330762,10.405941732491712,7.811469882664264,9.91
2026-01-03 02:30:00,9.97,10.126489,9.581341416925302,9.826827252638669,10.367717844644678,7.867405281821788,9.93
2026-01-03 03:00:00,9.83,10.07711,9.778832438266644,9.826332620166712,10.241450936369786,7.867405281821788,10.07
2026-01-03 03:30:00,9.72,9.872283,9.34511970531551,9.821078958765662,10.084067216665858,7.850214615892814,10.01
2026-01-03 04:00:00,9.71,10.018159,9.822364113378434,9.880330041258372,10.671824183706866,7.867405281821788,10.09
2026-01-03 04:30:00,9.83,10.012962,9.817383096861157,9.83361210922872,10.471469608144243,7.867405281821788,10.11
2026-01-03 05:00:00,9.89,9.940863,9.784692842274431,9.83037956261596,10.77049405940959,7.867405281821788,10.19
2026-01-03 05:30:00,9.79,10.079227,9.96199115325159,10.00541535933921,10.616549677181784,7.965737530836342,10.25
2026-01-03 06:00:00,10.09,10.220358,10.039829411937792,9.982725452477432,10.591411104138988,8.136959916014783,10.51
2026-01-03 06:30:00,10.37,10.292215,10.27642434229435,10.83552156167591,10.960084448283736,8.54492393296032,10.85
2026-01-03 07:00:00,10.97,10.708483,10.65514615323574,11.186505661421316,12.076785691691038,9.340302995785247,11.02
2026-01-03 07:30:00,10.0,10.404863,10.564409352253827,10.988725784316506,12.1166840374119,8.618138550787236,10.48
2026-01-03 08:00:00,9.77,10.196515,10.823914043247342,11.21793409485987,12.463880325666006,8.578707448540385,10.88
2026-01-03 08:30:00,9.25,10.470837,10.287718085460853,11.464505962047248,12.96484686213106,8.169607375541784,10.37
2026-01-03 09:00:00,9.0,10.333177,10.90537154308046,10.722690274457712,12.164177300555172,7.773711370405081,9.71
2026-01-03 09:30:00,8.16,9.38663,10.721656302948658,9.165606642719473,11.53381372864884,7.0607999930633865,8.98
2026-01-03 10:00:00,8.14,9.093276,8.876009490557843,8.6411967221727,11.335960569332794,7.0607999930633865,8.4
2026-01-03 10:30:00,7.8,8.163461,9.260977163047825,8.08347597070303,11.550213746993862,7.0607999930633865,7.73
2026-01-03 11:00:00,7.44,7.553625,9.264035575495583,7.118583354255898,10.106882179838122,7.0607999930633865,7.4
2026-01-03 11:30:00,7.39,7.238554,9.464879807928972,6.390390034179412,9.92652458994649,7.0607999930633865,7.17
2026-01-03 12:00:00,6.5,7.2114234,8.720340523829812,6.325177204833224,9.65068335916176,7.0607999930633865,7.32
2026-01-03 12:30:00,6.42,7.566906,8.803096395179804,6.708399157168918,9.931508578537128,7.0607999930633865,7.47
2026-01-03 13:00:00,7.3,8.361389,9.167274254663583,8.385184056087832,10.188994994853047,7.0607999930633865,8.14
2026-01-03 13:30:00,7.44,8.540223,7.922300581610472,8.280040270083044,9.659357723227451,7.0607999930633865,8.52
2026-01-03 14:00:00,7.44,8.948863,7.930197288693904,8.79123895457919,9.0209717644268,7.0607999930633865,8.82
2026-01-03 14:30:00,7.86,9.00712,8.402588564187676,9.305993846640671,9.84762538033412,7.0607999930633865,9.44
2026-01-03 15:00:00,9.25,9.882194,8.680053161821219,9.690238929936816,10.870996773121853,7.732856686639216,9.95
2026-01-03 15:30:00,10.56,10.378262,9.26329764750684,10.1931031633257,11.35605996312776,7.75435448440363,10.51
2026-01-03 16:00:00,10.5,10.446536,9.662401300300592,10.173887292212669,11.265304685300706,7.867405281821788,10.73
2026-01-03 16:30:00,11.01,10.822835,10.071730285761108,10.716017443355833,10.52435846334107,9.340302995785247,11.41
2026-01-03 17:00:00,11.0,11.174392,10.298223885847396,11.92071731463629,10.26584714926882,9.693669673973298,11.45
2026-01-03 17:30:00,11.14,11.401674,10.52602733404964,12.57454196295575,10.324603622942004,9.923783820866312,11.52
2026-01-03 18:00:00,11.14,11.356196,10.553988973399012,11.422574396002505,11.334347242104752,9.923783820866312,11.16
2026-01-03 18:30:00,11.14,11.356196,10.262639639612404,10.99344983366849,10.803438901068924,9.870817557511112,10.89
2026-01-03 19:00:00,10.88,11.269256,11.0450022574317,10.127528067503706,11.37550218085635,9.693669673973298,10.79
2026-01-03 19:30:00,10.8,11.305036,10.519127972502767,10.654918032936145,9.70489112907436,9.693669673973298,10.88
2026-01-03 20:00:00,11.24,11.2759695,10.355102024713297,12.334724945876792,9.666908933171545,9.923783820866312,11.35
2026-01-03 20:30:00,11.24,11.17277,10.406863301881772,12.237427694952205,10.530427324463885,9.870817557511112,11.37
2026-01-03 21:00:00,11.14,11.17277,10.22548908743128,11.119158026419088,10.835489984268554,9.870817557511112,11.12
2026-01-03 21:30:00,11.14,11.102021,10.962240853691126,11.02495633351974,10.9086411993658,9.85456210447275,11.36
2026-01-03 22:00:00,10.79,11.055845,10.717017666799588,10.874741840831655,9.832975762516796,9.693669673973298,11.26
2026-01-03 22:30:00,10.19,10.55435,9.479974985798268,10.155093859294864,11.45131069226094,8.578707448540385,10.64
2026-01-03 23:00:00,9.92,10.887633,9.062477170118203,10.75007768372912,10.344736988741325,9.27528525438898,12.58
2026-01-03 23:30:00,9.75,10.564745,8.868792112210617,9.833140380319293,11.01368490087014,7.867405281821788,10.27
2026-01-04 00:00:00,9.9,10.382274,9.462539951313056,9.863762099791694,10.623311328538987,8.136959916014783,9.77
2026-01-04 00:30:00,9.9,10.200875,9.406838269745071,9.677396370885054,10.456426771621384,8.101219071421964,9.8
2026-01-04 01:00:00,9.87,9.872283,9.099744737368043,9.77974190316662,10.228725488617288,7.867405281821788,9.65
2026-01-04 01:30:00,9.78,9.872283,9.038703558732523,9.78695810523946,10.47824212031314,7.867405281821788,9.61
2026-01-04 02:00:00,9.81,10.012962,9.180514387311897,9.57734896443165,10.440407164360389,7.867405281821788,9.61
2026-01-04 02:30:00,9.77,10.021175,9.24172002154085,9.65694452129428,10.279309744237697,7.965737530836342,9.62
2026-01-04 03:00:00,9.53,10.021175,9.174999866969538,9.831446471013209,10.056718673287946,7.965737530836342,9.62
2026-01-04 03:30:00,9.5,9.816348,9.211256051528991,9.7428610382079,10.111554312275263,7.867405281821788,9.5
2026-01-04 04:00:00,9.52,10.018159,9.229027745546368,9.71202849918186,10.377255751965771,7.867405281821788,9.53
2026-01-04 04:30:00,9.72,9.957027,9.24213295810618,9.654610455611078,10.155748214413626,7.965737530836342,9.54
2026-01-04 05:00:00,9.76,10.072841,9.44935829445657,9.904002605560873,10.334179688658663,7.867405281821788,9.69
2026-01-04 05:30:00,9.83,10.133971,9.29697516535977,9.790599492435607,10.426100176992122,8.136959916014783,9.68
2026-01-04 06:00:00,10.07,10.315371,9.350583315795856,9.963190840641468,10.125301505436358,8.353774920873418,9.78
2026-01-04 06:30:00,10.56,10.218542,9.482933853901056,9.513197099638402,10.110437712261698,8.54492393296032,10.1
2026-01-04 07:00:00,10.87,10.708483,9.891330942394855,9.962873992501017,11.053332534865854,9.3928986954622,10.34
2026-01-04 07:30:00,9.5,10.194541,9.613668865256388,9.74787984828497,11.091742985826416,8.618138550787236,9.82
2026-01-04 08:00:00,10.63,9.904837,9.985116677834458,9.745321665945978,11.462383106743085,8.516659321826795,9.87
2026-01-04 08:30:00,9.7,10.199004,10.0308538291453,9.937995167638418,11.977534520379308,7.773711370405081,9.58
2026-01-04 09:00:00,8.5,10.294482,11.071063775043076,9.334203761419234,11.574603170050697,7.732856686639216,9.14
2026-01-04 09:30:00,7.81,9.910161,10.047829645802665,9.271556487761178,12.344602289379209,7.0607999930633865,8.43
2026-01-04 10:00:00,8.0,10.132677,9.771872780178551,9.598225285637335,12.04098635796178,7.0607999930633865,8.11
2026-01-04 10:30:00,7.0,10.233622,11.310591415582053,9.891683249504222,12.02211572694586,7.0607999930633865,7.59
2026-01-04 11:00:00,7.0,10.137643,12.506710044478742,10.383723449283226,12.464338804665063,7.0607999930633865,7.34
2026-01-04 11:30:00,7.0,9.914222,11.837150893299308,9.869034091189432,12.89135733573828,7.0607999930633865,7.17
2026-01-04 12:00:00,7.0,9.529927,10.879925652637535,9.88091297373344,11.31373942060507,7.0607999930633865,6.99
2026-01-04 12:30:00,7.0,9.104986,10.386648280481008,9.295930402004414,10.67502469248179,7.0607999930633865,6.9
2026-01-04 13:00:00,7.0,9.67278,11.007272145819204,10.2109129603167,10.14795670475103,7.0607999930633865,7.28
2026-01-04 13:30:00,7.46,9.532694,10.124995425400478,10.018190154567892,9.839152369590591,7.0607999930633865,7.68
2026-01-04 14:00:00,7.0,9.8243265,9.32300321733183,10.222936743757089,10.33917335193806,7.0607999930633865,7.87
2026-01-04 14:30:00,8.12,10.1305895,9.542085582669484,10.093339475431216,10.597330493206035,7.0607999930633865,8.24
2026-01-04 15:00:00,9.02,10.301604,8.40531646750948,9.584472812627777,11.249877768026476,7.586680814940996,9.04
2026-01-04 15:30:00,10.0,10.584873,9.37517478010111,9.465573259324376,10.997860385807138,7.75435448440363,9.67
2026-01-04 16:00:00,10.6,10.220101,9.351319669699928,9.352501549475411,9.314115128384763,7.867405281821788,9.72
2026-01-04 16:30:00,14.72,10.792453,9.80816034770513,10.732445037019891,9.160445905474417,9.340302995785247,10.58
2026-01-04 17:00:00,11.5,11.122707,10.06159453335411,11.763093570202232,9.219392874917215,9.693669673973298,10.65
2026-01-04 17:30:00,11.5,11.300221,10.342982946719792,12.38964445518001,9.415342369732814,9.870817557511112,10.74
2026-01-04 18:00:00,10.5,11.254744,10.492279962872622,11.294461213275094,10.501100459923828,9.923783820866312,10.44
2026-01-04 18:30:00,10.46,11.254744,11.125345564539089,11.039828360416829,10.63990100254679,9.870817557511112,10.24
2026-01-04 19:00:00,10.48,11.269256,11.125345564539089,11.039985498791475,10.578547138505431,9.693669673973298,10.11
2026-01-04 19:30:00,10.46,11.290893,10.495227827695423,11.158405504548444,9.594945307176374,9.693669673973298,10.22
2026-01-04 20:00:00,13.72,11.307304,10.482147316141248,12.386455959955285,9.20294555975766,9.923783820866312,10.52
2026-01-04 20:30:00,11.03,11.237484,11.139012555626817,12.346358207771392,10.14246640797484,9.870817557511112,10.53
2026-01-04 21:00:00,11.51,11.237484,11.05726163196254,12.162687617516108,10.58592228118084,9.923783820866312,10.36
2026-01-04 21:30:00,10.96,11.331919,10.941468071156898,11.677013790475415,10.454465805982728,9.923783820866312,10.65
2026-01-04 22:00:00,9.47,11.149417,10.72592016181777,10.959636586259018,9.835862193836483,9.85456210447275,10.33
2026-01-04 22:30:00,9.35,10.661692,9.47154013898102,10.211265383272194,11.380315644918976,8.578707448540385,9.83
2026-01-04 23:00:00,9.83,10.864532,9.035956094223868,11.082833090754374,9.544987717940478,9.27528525438898,10.01
2026-01-04 23:30:00,9.26,10.578323,9.51683596311857,9.952088338414704,10.16243667964866,7.867405281821788,9.48
2026-01-05 00:00:00,9.15,10.200521,9.449618573654227,9.563818797225466,9.848539739799936,8.136959916014783,9.54
2026-01-05 00:30:00,9.15,10.145692,9.28851573875823,9.43623172449561,10.39048031251404,8.136959916014783,9.52
2026-01-05 01:00:00,9.16,10.089757,9.183271377121889,9.543407731944056,10.217817828680822,7.867405281821788,9.41
2026-01-05 01:30:00,9.22,9.816348,9.020707652500269,9.626128859155054,10.357338089148437,7.867405281821788,9.47
2026-01-05 02:00:00,9.29,10.018159,9.26005674416472,9.48413590023028,10.336336713299067,7.867405281821788,9.47
2026-01-05 02:30:00,9.79,10.021175,9.21923247965332,9.56244777209716,10.17803445163944,7.965737530836342,9.45
2026-01-05 03:00:00,9.79,10.082307,9.267426726589967,9.813413556187133,10.406393695486711,8.101219071421964,9.48
2026-01-05 03:30:00,9.79,9.957027,9.242065006960544,9.664538081133516,10.278872477189248,7.867405281821788,9.42
2026-01-05 04:00:00,9.79,9.87748,9.200858249569569,9.623233674902307,10.052936901594348,7.867405281821788,9.55
2026-01-05 04:30:00,9.79,9.87748,9.257495137241172,9.8834010399185,10.336878887850393,7.965737530836342,9.49
2026-01-05 05:00:00,9.82,10.133971,9.4470471810798,9.977951422638789,10.11625884741417,7.965737530836342,9.57
2026-01-05 05:30:00,9.98,10.133971,9.917796784845496,10.065327789280614,10.331368411852518,8.136959916014783,9.56
2026-01-05 06:00:00,10.07,10.322124,10.118015031075364,10.265605717136726,10.345672128829982,8.353774920873418,9.7
2026-01-05 06:30:00,10.93,10.2563305,10.535411812514743,10.924250361864662,10.583976281204446,8.578707448540385,10.05
2026-01-05 07:00:00,13.88,10.993971,10.957466408837778,11.717076222640468,11.590424397544815,9.3928986954622,10.22
2026-01-05 07:30:00,14.51,10.529226,10.80014898927956,11.106012439284765,11.138243871237638,8.618138550787236,9.67
2026-01-05 08:00:00,14.0,10.6834,11.18476146564312,11.607466135607892,12.620352634204172,8.516659321826795,10.09
2026-01-05 08:30:00,14.51,10.686525,11.219319856496538,11.413965296253505,13.895041719861144,7.773711370405081,9.79
2026-01-05 09:00:00,12.0,11.267931,12.57763922999466,11.916073442465043,13.282712587220912,7.732856686639216,9.15
2026-01-05 09:30:00,11.07,10.250815,11.800601474358334,10.676340234717316,13.126606979505516,7.0607999930633865,8.41
2026-01-05 10:00:00,11.03,10.66172,11.641784635615297,10.71796439943092,13.085445941232978,7.0607999930633865,8.25
2026-01-05 10:30:00,10.15,9.086563,10.721214740994157,9.58975587418006,12.001782362397377,7.0607999930633865,7.59
2026-01-05 11:00:00,9.94,8.274638,10.339654999403882,8.687824104026369,10.60716275640582,7.0607999930633865,7.38
2026-01-05 11:30:00,9.79,8.105595,10.731902665093234,8.237562487462979,10.84884128425142,7.0607999930633865,7.25
2026-01-05 12:00:00,9.7,8.182805,8.911575891705038,7.435509379165769,11.22142671967454,7.0607999930633865,7.26
2026-01-05 12:30:00,9.58,8.461524,9.545855008395336,7.921747146830799,11.600361092638776,7.0607999930633865,7.04
2026-01-05 13:00:00,9.79,9.200555,10.274282741087443,9.396979873721891,11.04893592323463,7.0607999930633865,7.59
2026-01-05 13:30:00,9.85,9.301407,10.684921635918911,9.460683730832251,11.028677315959646,7.0607999930633865,7.87
2026-01-05 14:00:00,10.56,9.990806,11.74775022557547,9.299369496469252,11.323644362069254,7.0607999930633865,7.95
2026-01-05 14:30:00,10.94,9.746232,11.689537652312934,9.937034349515589,11.863105206058862,7.0607999930633865,8.63
2026-01-05 15:00:00,10.73,10.3835335,10.149707545773763,10.061081993265402,12.372118859769335,7.586680814940996,9.38
2026-01-05 15:30:00,14.59,10.693284,10.283034367966575,10.370154789990895,12.108587617823089,7.75435448440363,10.05
2026-01-05 16:00:00,14.7,10.368581,10.23482561417072,11.220026648734397,10.677158200093144,7.867405281821788,10.27
2026-01-05 16:30:00,15.0,11.317546,12.343901302498058,13.35882793419728,10.978280619175552,9.923783820866312,11.81
2026-01-05 17:00:00,14.51,11.596857,13.080956056998057,13.55724532152454,12.584257101470936,12.21807509398078,10.9
2026-01-05 17:30:00,12.29,11.69323,12.633094018901208,13.217109278665967,11.45617684113802,9.923783820866312,10.97
2026-01-05 18:00:00,11.83,11.967745,12.586847954490452,13.808586008934302,11.493626554721905,12.36684439954555,10.54
2026-01-05 18:30:00,11.05,11.377833,13.578577786822636,12.787346700989618,11.523116184596622,10.83139720349999,10.45
2026-01-05 19:00:00,11.38,11.356196,12.503960345220625,12.70873561742436,11.424643397210376,10.605377854444276,10.42
2026-01-05 19:30:00,11.05,11.377833,12.639113301307532,12.81612738432078,10.542592984579036,10.605377854444276,10.53
2026-01-05 20:00:00,11.05,11.508455,11.8940621675081,13.085345589078184,10.137034648901002,11.180953122539114,11.54
2026-01-05 20:30:00,11.5,11.44613,12.806217705202595,13.126407350939337,11.1769129376016,12.11940899357585,10.91
2026-01-05 21:00:00,11.43,11.441717,12.540479157386391,12.608252999816134,11.191576466809249,10.83139720349999,10.8
2026-01-05 21:30:00,11.49,11.331919,12.5429399157412,13.091029575577522,11.002458036903098,10.83139720349999,10.93
2026-01-05 22:00:00,11.6,11.331222,11.91384172774242,12.884689301267258,11.083372706474997,9.923783820866312,10.54
2026-01-05 22:30:00,11.25,10.661692,11.190858816916244,11.47787988317628,11.439636087704448,8.618138550787236,10.09
2026-01-05 23:00:00,11.29,10.807774,9.681542275820648,11.863594162727932,9.791170033720944,9.291207996034828,10.68
2026-01-05 23:30:00,10.92,10.592466,10.138257952391124,10.441189471232676,10.827164903321172,7.867405281821788,9.81
2026-01-06 00:00:00,9.72,10.539673,10.132854162158516,10.098966639240183,11.12888267133494,8.358820706538975,9.96
2026-01-06 00:30:00,9.65,10.358274,9.970356167858911,9.962044810872946,10.617442990011142,8.136959916014783,9.94
2026-01-06 01:00:00,9.65,10.30234,9.927951279507772,10.00879071392598,10.364755394936948,8.136959916014783,9.84
2026-01-06 01:30:00,9.62,9.973747,9.680683345674112,9.95358129174727,10.330139093613717,7.965737530836342,9.95
2026-01-06 02:00:00,9.62,10.014265,9.682385909531536,9.82187456156938,10.283072736750174,8.101219071421964,9.96
2026-01-06 02:30:00,9.56,10.340823,9.88041407371398,9.909800482110912,10.381788753447106,8.136959916014783,10.15
2026-01-06 03:00:00,9.35,10.159489,10.064108412427911,9.991306160231446,10.37512925337901,8.136959916014783,10.33
2026-01-06 03:30:00,9.55,9.89353,9.869057882808416,9.923910944531816,10.039786163345818,7.965737530836342,10.13
2026-01-06 04:00:00,9.58,10.135994,9.644005109152596,9.89926292748667,10.32574567423178,8.136959916014783,10.3
2026-01-06 04:30:00,9.67,10.034878,10.030140997322563,10.073807463374536,10.104966185716014,8.136959916014783,10.24
2026-01-06 05:00:00,9.84,10.291369,10.053842058786696,10.144280502980775,10.401329971619123,8.136959916014783,10.3
2026-01-06 05:30:00,10.0,10.291369,10.161279148718124,10.15307318811842,10.665713111802154,8.353774920873418,10.29
2026-01-06 06:00:00,10.58,10.290047,10.394581933228189,10.220236721529494,10.968528756446617,8.358820706538975,10.53
2026-01-06 06:30:00,11.83,10.504301,10.351340407330804,10.934048365625094,10.97079771784493,8.578707448540385,10.96
2026-01-06 07:00:00,15.18,11.006601,11.25648838385293,11.790937470874258,11.262149710597289,9.291207996034828,11.89
2026-01-06 07:30:00,12.48,11.216735,11.272474846186435,11.80288564820912,11.408689988328604,9.693669673973298,11.79
2026-01-06 08:00:00,14.0,11.074945,11.523478022527518,12.766496583237492,12.297004028452092,9.693669673973298,11.87
2026-01-06 08:30:00,11.83,10.816539,10.70522831103119,11.647485730550256,13.310784004891492,9.3928986954622,11.82
2026-01-06 09:00:00,10.75,10.285212,11.33991734108073,11.54932575231368,12.830150435764905,8.356519120982403,10.65
2026-01-06 09:30:00,9.92,9.444395,10.590279318326877,8.936932276425384,11.993933009532784,7.395901749443297,9.82
2026-01-06 10:00:00,9.83,9.124165,9.488824171074588,8.338527416546071,10.331496482816402,7.0607999930633865,9.57
2026-01-06 10:30:00,9.77,8.443579,9.898991145828315,8.146284026852054,10.736468190648496,7.0607999930633865,8.99
2026-01-06 11:00:00,9.62,7.8723106,10.389435189571946,7.585243213828754,10.360838372325182,7.0607999930633865,8.83
2026-01-06 11:30:00,9.49,7.842656,10.01613100800299,7.519846470389793,10.93818196350732,7.0607999930633865,8.62
2026-01-06 12:00:00,8.16,8.178759,9.17492246589996,7.679822266447033,10.402384836775928,7.0607999930633865,8.47
2026-01-06 12:30:00,9.25,8.420014,9.530003538700038,8.378158706954494,10.380351849705388,7.0607999930633865,8.4
2026-01-06 13:00:00,9.49,9.033398,10.661576754798784,8.635681056014455,10.884608791797747,7.0607999930633865,8.9
2026-01-06 13:30:00,9.67,9.070313,9.76847279913456,8.553630333161765,10.317901584938683,7.0607999930633865,9.05
2026-01-06 14:00:00,9.83,8.68316,9.344158501874416,8.767058187472394,9.6080858289392,7.0607999930633865,9.41
2026-01-06 14:30:00,9.85,8.991752,9.748741618257275,9.378869357762715,10.142602149005112,7.0607999930633865,9.83
2026-01-06 15:00:00,10.33,9.999444,10.613625556631217,9.843500411523385,11.10009442673346,7.732856686639216,10.49
2026-01-06 15:30:00,12.17,10.437143,10.758999526481638,11.858577455331746,12.223649165101053,7.881227447724293,12.09
2026-01-06 16:00:00,16.39,10.446536,11.623613448017554,12.53204375946396,10.915123328365953,8.356519120982403,12.37
2026-01-06 16:30:00,15.0,11.515266,12.26621673744226,12.5071298097272,11.1615522161097,9.693669673973298,13.01
2026-01-06 17:00:00,14.94,11.482646,12.621404664880338,13.140810200637851,11.782171517663995,10.83139720349999,12.72
2026-01-06 17:30:00,15.0,11.575554,12.291657786076872,13.1177401401202,10.386784106875806,9.923783820866312,12.03
2026-01-06 18:00:00,14.63,11.648352,12.291657786076872,12.64260615966064,12.121948430107588,11.180953122539114,11.93
2026-01-06 18:30:00,13.99,11.283399,11.482183889702236,11.160403985328312,11.48138106622392,9.85456210447275,11.49
2026-01-06 19:00:00,13.99,11.356196,11.482183889702236,11.144448677063318,11.888995249035178,9.923783820866312,11.53
2026-01-06 19:30:00,14.0,11.377833,11.617336845789142,11.203149678668591,11.068597119470043,9.870817557511112,11.55
2026-01-06 20:00:00,14.5,11.348767,10.642986640831,12.459019245452732,10.168602256364435,9.923783820866312,11.81
2026-01-06 20:30:00,13.66,11.286441,11.398652747088782,12.409902269288676,11.203945277212576,10.605377854444276,11.74
2026-01-06 21:00:00,12.72,11.396239,11.365560801081156,12.341481041253036,10.964225701057575,9.923783820866312,11.44
2026-01-06 21:30:00,11.02,11.259122,11.29482298690407,11.696112196466958,10.019941662890531,9.923783820866312,11.59
2026-01-06 22:00:00,10.85,11.285744,11.167837392239878,11.115744698241956,10.523501760633035,9.693669673973298,11.43
2026-01-06 22:30:00,10.15,10.932366,10.307146513736193,10.213233526810114,10.906957145296277,8.800452775502588,11.14
2026-01-06 23:00:00,10.48,10.660021,9.861862027517487,11.59562646084422,10.415613891416893,9.291207996034828,11.69
2026-01-06 23:30:00,10.0,10.444715,10.098796475949776,10.43719146508808,10.679781392749852,7.867405281821788,10.79
2026-01-07 00:00:00,10.56,10.303371,10.24588705849191,10.020527846594698,10.979879370335416,8.358820706538975,10.4
2026-01-07 00:30:00,10.47,10.252903,9.970356167858911,9.962044810872946,10.689482823625408,8.353774920873418,10.34
2026-01-07 01:00:00,10.4,10.267108,10.145875235645528,10.025207252182156,10.84970565548046,8.136959916014783,10.32
2026-01-07 01:30:00,10.29,9.993259,9.898607301811866,10.097453067340652,11.0289145127343,8.136959916014783,10.28
2026-01-07 02:00:00,10.22,10.0248,9.900309865669293,10.090208823687384,11.225635369988916,8.136959916014783,10.32
2026-01-07 02:30:00,10.26,10.16548,10.150378445508242,10.104004571459114,11.300055210349957,8.136959916014783,10.31
2026-01-07 03:00:00,10.15,10.229629,10.310201864542464,10.094230114878354,10.92026060975666,8.136959916014783,10.35
2026-01-07 03:30:00,9.88,9.96367,10.107192683842742,10.0677827201252,10.72006689314164,8.136959916014783,10.3
2026-01-07 04:00:00,10.15,10.0248,10.061171677075995,10.06744843000364,10.621490341343543,8.136959916014783,10.39
2026-01-07 04:30:00,10.24,10.382982,10.268275798356893,10.191211203152184,10.663413849048611,8.353774920873418,10.39
2026-01-07 05:00:00,10.5,10.310883,10.299935510901252,10.17215291961898,11.12837214050412,8.353774920873418,10.41
2026-01-07 05:30:00,10.87,10.408896,10.47758297197155,10.328978460047724,11.256035776660152,8.353774920873418,10.5
2026-01-07 06:00:00,11.07,10.374622,10.52925598256904,11.044614145019672,10.76665174869224,8.578707448540385,10.72
2026-01-07 06:30:00,15.03,10.608742,10.72203998891978,11.481316583774424,11.225148716586617,8.850576968062533,11.36
2026-01-07 07:00:00,17.07,11.373831,11.333297920405863,12.52883493226875,11.869809402921629,10.83139720349999,12.71
2026-01-07 07:30:00,12.0,11.286876,11.470872456246417,12.717430899971944,12.033735656520095,11.348880059043385,11.7
2026-01-07 08:00:00,17.3,11.601852,12.080418044380185,13.30353336740157,11.987859437480584,10.605377854444276,12.28
2026-01-07 08:30:00,18.28,10.684765,11.108633205364749,11.81193964578947,12.553299860228076,9.27528525438898,11.38
2026-01-07 09:00:00,17.15,10.737975,11.24310286325814,12.249931240105717,13.353701419586642,8.169607375541784,10.62
2026-01-07 09:30:00,13.25,9.34397,9.39994573684473,9.504076406577616,11.889097813777315,7.471945320883604,9.91
2026-01-07 10:00:00,11.87,9.246519,8.852561022590052,9.109789287757966,10.67852945241596,7.0607999930633865,9.56
2026-01-07 10:30:00,11.0,8.536041,9.052747195886717,8.235455538796996,9.602876068999986,7.0607999930633865,9.17
2026-01-07 11:00:00,10.87,8.208066,9.167332184105428,7.762331007023628,9.173663518414775,7.0607999930633865,8.98
2026-01-07 11:30:00,10.38,7.657217,8.711287638168189,7.691475639875216,8.358439050650803,7.0607999930633865,8.72
2026-01-07 12:00:00,9.89,7.3357673,9.1588138692049,6.986677309342279,8.599553069642711,7.0607999930633865,8.1
2026-01-07 12:30:00,9.04,7.314835,8.255078074685416,6.682048034465744,8.872986545944805,7.0607999930633865,8.4
2026-01-07 13:00:00,10.0,7.411406,8.056987179088576,6.79086566365325,8.67597702480835,7.0607999930633865,8.85
2026-01-07 13:30:00,10.05,7.649925,7.127281047839902,7.182264219800106,8.182525251179737,7.0607999930633865,8.94
2026-01-07 14:00:00,10.06,7.952421,6.956927298779242,8.030753457243362,7.162229438141139,7.0607999930633865,9.11
2026-01-07 14:30:00,10.23,8.304987,7.026639159181232,8.305700868357086,7.279177117597157,7.072533653846468,9.52
2026-01-07 15:00:00,10.45,9.500221,8.298981815899875,9.49916462909978,8.904026391913357,7.75435448440363,10.32
2026-01-07 15:30:00,14.0,10.2363615,9.584837089905747,9.925951667869723,8.990425245413386,8.54492393296032,11.71
2026-01-07 16:00:00,16.04,10.479615,10.146871675060527,10.746939638182347,10.01759623973637,9.340302995785247,13.03
2026-01-07 16:30:00,18.3,11.698447,11.0639506753608,11.490205651020409,10.38908948206666,12.46802498855974,13.19
2026-01-07 17:00:00,15.98,12.255925,10.859657609281982,14.158319215944,10.425076164847315,13.01979998436281,13.11
2026-01-07 17:30:00,15.5,11.848586,10.802796049645163,14.024152091349867,10.67992352613708,12.11940899357585,12.78
2026-01-07 18:00:00,14.95,12.142514,11.889270239198588,13.102806033923622,12.19052802133241,12.994759201352997,12.62
2026-01-07 18:30:00,14.72,11.431136,10.547985166265766,11.017741989040864,10.293438651515842,11.180953122539114,12.27
2026-01-07 19:00:00,15.03,11.503933,10.662965373147188,11.363433794103305,10.734449074755496,11.344240612838934,12.3
2026-01-07 19:30:00,14.95,11.45422,10.884355509140764,11.381457398323024,9.261458031360906,11.348880059043385,12.3
2026-01-07 20:00:00,13.76,11.644178,11.080477003997856,12.571724275663556,9.184445214288992,12.36684439954555,12.74
2026-01-07 20:30:00,13.62,11.522516,10.96577999108321,12.70593126358475,10.056422125108472,11.94434315734298,12.23
2026-01-07 21:00:00,11.5,11.335508,10.58313432287698,12.292114875393676,10.366447890977952,11.180953122539114,11.86
2026-01-07 21:30:00,11.5,11.308936,10.464437665823318,12.17979931796213,9.665884201924417,9.870817557511112,11.14
2026-01-07 22:00:00,9.19,11.120949,10.334406278602431,11.05254020170526,9.394262394348369,8.931392701749362,10.91
2026-01-07 22:30:00,10.0,10.593782,9.721359015980315,9.680782745339975,9.2047201572261,8.800452775502588,10.47
2026-01-07 23:00:00,11.5,10.466012,9.544169510050452,10.52572843450366,8.41727973565694,9.340302995785247,11.18
2026-01-07 23:30:00,10.14,10.114385,9.352711475704949,9.251822255360056,8.445498548071539,7.867405281821788,10.3
2026-01-08 00:00:00,10.26,9.993107,9.39701817162738,9.56166780746173,9.973575621445756,8.49955534376255,10.2
2026-01-08 00:30:00,9.91,9.918599,9.15771999914099,9.620443242016464,10.299610108384062,8.358820706538975,10.34
2026-01-08 01:00:00,9.85,9.8001375,9.146831178722142,9.551556696487566,10.6086792985521,8.358820706538975,10.24
2026-01-08 01:30:00,9.78,9.733357,9.055719135509843,9.53855473691894,10.25263558765063,8.353774920873418,10.19
2026-01-08 02:00:00,9.81,9.831679,9.091788822512015,9.593764432486088,9.289809414340915,8.353774920873418,10.19
2026-01-08 02:30:00,9.77,9.831679,9.20030013709237,9.600424932303898,9.572181495636256,8.353774920873418,10.28
2026-01-08 03:00:00,9.7,10.009751,9.334033581768448,9.779317984333328,9.201547955178778,8.353774920873418,10.21
2026-01-08 03:30:00,9.83,9.477011,9.220353707458,9.374070704318749,9.184838794109654,8.353774920873418,10.13
2026-01-08 04:00:00,9.72,9.852167,9.33831376433778,9.618091749800598,9.076318155589243,8.353774920873418,10.29
2026-01-08 04:30:00,9.83,10.033919,9.532038084061108,9.709920696460156,9.515356242686355,8.358820706538975,10.28
2026-01-08 05:00:00,10.07,10.079069,9.434448364721275,9.770563803520997,9.785110729247014,8.516659321826795,10.4
2026-01-08 05:30:00,10.17,10.245505,9.406493619956652,10.014251489417898,10.020112970798674,8.54492393296032,10.55
2026-01-08 06:00:00,10.89,10.619295,10.428903078673487,10.9222887788211,11.11037009442018,8.618138550787236,10.76
2026-01-08 06:30:00,10.95,11.095343,11.083765658062603,12.475848240868206,11.28524658172307,10.83139720349999,12.28
2026-01-08 07:00:00,10.95,11.7715435,12.059008373396104,13.31718818066473,11.321878898035054,13.089508514437254,13.44
2026-01-08 07:30:00,10.89,11.989908,12.01468167967546,13.147228690499484,11.135364375254422,13.105097405656725,11.63
2026-01-08 08:00:00,12.5,11.463402,12.5754934400403,13.202416457498892,11.567432009607607,13.105097405656725,13.44
2026-01-08 08:30:00,12.0,11.375535,13.17109393036212,13.425175258263335,12.305154226386646,12.21807509398078,13.3
2026-01-08 09:00:00,10.93,11.401878,13.203925358507265,13.7160448697981,12.100318454524396,10.605377854444276,12.52
2026-01-08 09:30:00,10.15,11.028158,12.788248520597165,10.991552530549688,12.316211385400193,7.811469882664264,10.85
2026-01-08 10:00:00,10.23,11.470429,11.912945355982544,10.732593871155752,11.726252140782218,7.586680814940996,10.31
2026-01-08 10:30:00,9.83,10.924345,11.102297346248822,11.376314746209507,11.377413433167298,7.0607999930633865,9.86
2026-01-08 11:00:00,9.6,9.97461,12.13293377903552,10.89056670748174,10.648873389582857,7.0607999930633865,9.59
2026-01-08 11:30:00,9.49,9.681665,11.607032238233815,10.421261980528998,9.707428068575243,7.0607999930633865,9.2
2026-01-08 12:00:00,8.77,9.964153,11.917242582179105,10.995039997475011,11.561396310513048,7.0607999930633865,8.96
2026-01-08 12:30:00,8.86,9.440023,12.182549658388863,10.590699627784106,11.106228329314694,7.0607999930633865,8.9
2026-01-08 13:00:00,9.65,9.824254,12.228691447216717,10.553605932878874,10.806317622361409,7.0607999930633865,9.34
2026-01-08 13:30:00,10.0,9.890351,11.334418240839824,10.826525026329977,10.140896486317931,7.0607999930633865,9.46
2026-01-08 14:00:00,10.9,9.829593,11.330055751574095,11.140866309629192,10.338248914527355,7.072533653846468,9.58
2026-01-08 14:30:00,10.91,10.109371,11.30337372609881,11.493709136219069,11.024465639400429,7.395901749443297,10.13
2026-01-08 15:00:00,10.98,10.933857,12.42888980077411,11.039452387144213,11.01401982377606,7.867405281821788,10.35
2026-01-08 15:30:00,12.17,11.724295,13.604024811492408,13.013121603603071,10.612163054231662,9.340302995785247,12.48
2026-01-08 16:00:00,14.83,11.999891,15.257026502070005,13.805864424344891,11.411303622180531,13.01979998436281,13.35
2026-01-08 16:30:00,15.2,13.598747,15.385422051140049,14.950164169116306,12.42908493848564,13.202264496687464,14.82
2026-01-08 17:00:00,16.4,13.30965,14.15136746821503,15.850771012710643,12.332721415226375,13.199222194920074,13.72
2026-01-08 17:30:00,15.2,12.643636,13.020783706510477,15.523328796937175,12.66697985529494,13.106985697832734,13.38
2026-01-08 18:00:00,16.56,13.132075,13.864658944413629,15.738605135716703,12.315788534868032,13.199222194920074,13.24
2026-01-08 18:30:00,16.0,12.627161,13.484605435140384,15.36017568499096,11.05413819969866,13.089508514437254,12.92
2026-01-08 19:00:00,16.0,12.905741,13.43055000922368,15.221398617028097,12.114515204756705,13.12382667810645,13.08
2026-01-08 19:30:00,16.0,12.573544,13.321184552647798,13.863573887289595,11.165719620489115,13.089508514437254,12.95
2026-01-08 20:00:00,12.0,12.52524,13.247632588634168,13.988508948511411,10.72841914310803,13.105097405656725,12.93
2026-01-08 20:30:00,11.0,12.501119,13.065392140455158,13.767139061774216,11.519341159847263,13.089508514437254,12.65
2026-01-08 21:00:00,10.88,12.166421,13.38288943707134,13.393673929313298,11.793086022367971,12.21807509398078,11.89
2026-01-08 21:30:00,10.74,11.947395,12.932409416090724,13.00749170545305,10.511379838347432,10.83139720349999,11.54
2026-01-08 22:00:00,10.5,11.784887,12.612609993473866,12.93454720888077,10.770326690447906,10.576270884174416,10.55
2026-01-08 22:30:00,9.94,11.214198,12.190183867565258,11.90694734718702,10.347179490514536,8.924472233605046,10.7
2026-01-08 23:00:00,11.92,11.345189,10.555917026588595,12.676622389058204,9.776136864414667,9.693669673973298,11.57
2026-01-08 23:30:00,10.91,10.650786,10.389737798396345,11.869340430793352,10.059705285885103,8.358820706538975,10.5
2026-01-09 00:00:00,10.92,10.203008,10.226573988110658,9.998746719554877,10.658865372754397,8.578707448540385,10.2
2026-01-09 00:30:00,10.78,10.269788,10.249686093520214,10.243033871118463,10.694030480767722,8.36034559384442,9.96
2026-01-09 01:00:00,10.63,10.059301,10.068502711095295,9.843287915018458,10.270239106250711,8.358820706538975,9.89
2026-01-09 01:30:00,10.5,10.059301,10.221220418251262,9.835358487592446,10.759094435094967,8.358820706538975,9.96
2026-01-09 02:00:00,10.48,10.157622,10.1121287985385,10.028640169753572,11.02249954563004,8.358820706538975,9.92
2026-01-09 02:30:00,10.42,10.126081,10.363216970034108,9.981922237723918,10.449857594384936,8.358820706538975,9.92
2026-01-09 03:00:00,10.2,10.296792,10.47813137154207,10.088028553831805,10.45216447426455,8.516659321826795,9.87
2026-01-09 03:30:00,10.2,10.022305,10.388980940302725,10.053860852414507,10.194610861666488,8.36034559384442,9.91
2026-01-09 04:00:00,10.2,10.132866,10.19275535592186,10.095290517679924,9.594379123542565,8.358820706538975,9.83
2026-01-09 04:30:00,10.2,10.143528,10.210925311404225,10.01332647428651,9.7055088492065,8.36034559384442,10.0
2026-01-09 05:00:00,10.2,10.316896,10.3211859352154,10.118757595453056,9.896604242597686,8.578707448540385,10.05
2026-01-09 05:30:00,11.0,10.655132,10.3472692789498,10.81712338154932,10.8178213519055,8.578707448540385,10.15
2026-01-09 06:00:00,11.81,10.741097,10.890991222647331,11.353317330113178,11.232127334656914,8.924472233605046,10.44
2026-01-09 06:30:00,12.5,11.459026,11.781560256569987,12.931313196140689,11.79900882446528,11.94434315734298,11.1
2026-01-09 07:00:00,12.42,13.04249,13.229707199652152,13.662954071418392,11.806070173234982,13.12382667810645,11.83
2026-01-09 07:30:00,11.08,12.8096485,13.767198876382038,13.55088601006837,11.005398435255174,13.14773625598477,11.3
2026-01-09 08:00:00,11.54,12.406029,14.35384696873809,13.72193557866006,11.808932950854604,13.14773625598477,12.07
2026-01-09 08:30:00,11.07,11.544423,13.413496827369974,13.204902282909346,11.84009028065264,13.106985697832734,11.71
2026-01-09 09:00:00,11.07,11.452693,12.181963331172334,12.85151598317275,10.76315512807608,11.39909806149461,11.05
2026-01-09 09:30:00,10.91,10.12409,11.31760891113492,10.800977439544823,10.63137281530874,8.358820706538975,10.12
2026-01-09 10:00:00,9.89,9.845908,10.599770353083466,9.770159457916522,9.40717001246786,8.136959916014783,9.95
2026-01-09 10:30:00,9.41,9.410989,10.028447905142588,8.850103526457389,9.125214632634632,7.732856686639216,9.75
2026-01-09 11:00:00,8.82,8.573665,9.371642295097436,8.49399758394483,9.997501606494511,7.492382594314744,9.38
2026-01-09 11:30:00,8.69,8.69344,8.646149166030101,8.62285946547144,9.856860779780693,7.0607999930633865,9.41
2026-01-09 12:00:00,8.27,8.497401,9.186061591847302,8.56162266902223,11.0699226053476,7.0607999930633865,8.63
2026-01-09 12:30:00,8.17,8.497401,9.155413626934354,8.530064360022271,10.144474548934204,7.0607999930633865,8.53
2026-01-09 13:00:00,9.58,9.375426,9.28729955192762,9.253181469617074,10.280066401510496,7.223367078189472,9.17
2026-01-09 13:30:00,9.75,9.770745,10.245829813016128,9.325608906404142,9.078341578358843,7.443593052767814,9.49
2026-01-09 14:00:00,9.88,9.78857,10.198211550169244,9.697309825750322,9.88419343492534,7.732856686639216,9.77
2026-01-09 14:30:00,9.94,9.920529,10.346761885035145,10.243182731071212,9.863950604296356,7.773711370405081,10.3
2026-01-09 15:00:00,10.31,10.855151,11.436763837381092,10.386972042208656,10.889552344108417,8.36034559384442,10.38
2026-01-09 15:30:00,12.5,12.04577,12.21578272161265,10.69283887701433,10.420519583314096,11.180953122539114,12.0
2026-01-09 16:00:00,14.7,12.672218,13.302795747258571,12.223259266068718,11.524704599692098,13.12382667810645,13.02
2026-01-09 16:30:00,16.0,14.87848,14.79601283376056,14.048763772141433,11.810140787889,13.416680429508771,13.95
2026-01-09 17:00:00,17.06,14.344532,14.670893661255388,14.94456269657138,11.478738810347886,13.435627095734118,13.79
2026-01-09 17:30:00,16.5,13.330576,13.18614091610998,15.454773073469104,12.182681545696978,13.416680429508771,13.23
2026-01-09 18:00:00,16.4,13.605592,14.252886885321503,16.0206326948539,12.187496545153278,13.416680429508771,13.67
2026-01-09 18:30:00,15.41,13.085661,13.373122405627088,15.172325427094,11.083940492688235,13.26825176602713,13.34
2026-01-09 19:00:00,14.72,13.281281,12.943427055039338,15.308721676119088,12.20254182358352,13.26825176602713,13.37
2026-01-09 19:30:00,14.0,12.705133,12.81718201702058,13.47856793943705,10.598211339138675,13.12382667810645,13.33
2026-01-09 20:00:00,13.73,12.730239,13.454209336942933,13.745639163142636,11.054652525862892,13.12382667810645,12.3
2026-01-09 20:30:00,12.0,12.508562,13.035757050935947,13.552399818595225,11.586484756005271,13.105097405656725,11.62
2026-01-09 21:00:00,13.0,12.290139,12.817472797137908,13.193498568452272,11.421824040260365,13.105097405656725,11.3
2026-01-09 21:30:00,13.59,11.844618,12.50112645172248,12.637894852753888,11.028178432586367,12.11940899357585,11.05
2026-01-09 22:00:00,10.88,11.577294,11.845094816066087,12.218983353026733,10.589471437258371,11.344240612838934,10.61
2026-01-09 22:30:00,10.54,11.555657,11.881236675565924,11.819954807286775,10.086819737414498,10.576270884174416,10.35
2026-01-09 23:00:00,11.84,11.507558,10.997147858660178,12.103907943038186,9.874995626320542,9.870817557511112,11.2
2026-01-09 23:30:00,10.9,10.525444,10.295181166834652,11.181400678860388,10.078228670783677,8.924472233605046,10.38
2026-01-10 00:00:00,11.25,10.580908,10.064716944408469,10.822156875285891,10.172620549567451,8.800452775502588,10.25
2026-01-10 00:30:00,11.86,10.440786,10.08248464925164,10.903182219587835,10.239437958870312,8.618138550787236,10.3
2026-01-10 01:00:00,11.06,10.2303,10.100674971689518,10.625004029076434,10.180113559191463,8.36034559384442,10.15
2026-01-10 01:30:00,10.98,9.874232,10.019984493735857,9.895597198996995,10.064357956741546,8.36034559384442,10.17
2026-01-10 02:00:00,11.0,10.002143,10.04466869734857,10.070122136004452,9.965769674923424,8.36034559384442,10.13
2026-01-10 02:30:00,11.0,9.941012,10.019541851427071,10.048638228855175,9.852166558086356,8.36034559384442,10.29
2026-01-10 03:00:00,10.96,10.205461,10.123095706769334,10.083215569180537,10.17400500159923,8.800452775502588,10.25
2026-01-10 03:30:00,10.27,9.936965,10.149767803079492,10.05106151296744,9.659813094809314,8.36034559384442,10.13
2026-01-10 04:00:00,10.26,10.017938,10.085263961107644,10.00167289411564,9.658702283322755,8.36034559384442,10.29
2026-01-10 04:30:00,10.24,10.14585,10.05772912597248,10.042445060752442,9.995945072353589,8.618138550787236,10.17
2026-01-10 05:00:00,10.49,10.618718,10.060301792045031,10.953814597711684,10.324948795847549,8.618138550787236,10.23
2026-01-10 05:30:00,10.97,10.7388735,10.463419758003656,11.02163441578679,10.37117766598048,8.800452775502588,10.46
2026-01-10 06:00:00,10.63,11.339863,11.202546141467243,12.395053543717822,10.573277405617874,9.923783820866312,10.98
2026-01-10 06:30:00,12.13,11.84843,11.976614785613616,13.209281718211386,11.489750315486722,13.105097405656725,11.7
2026-01-10 07:00:00,13.5,13.730905,13.820149623307186,13.966080217246894,12.568987689739975,13.416680429508771,12.55
2026-01-10 07:30:00,13.0,13.665847,14.024993217666966,13.024855570254676,12.639171264103824,13.328394732795877,11.8
2026-01-10 08:00:00,10.92,13.387692,14.693685397502302,13.086257932952776,12.398275649428436,13.14773625598477,12.35
2026-01-10 08:30:00,10.18,12.469972,11.94315587680423,13.052919426853077,11.561233727427418,13.202264496687464,11.94
2026-01-10 09:00:00,9.86,11.449205,11.58472667715037,12.179281528927405,11.449615516658412,12.66506534947766,11.35
2026-01-10 09:30:00,9.25,10.201394,9.87586487195021,9.395689823416062,10.509080226781888,8.36034559384442,10.67
2026-01-10 10:00:00,8.8,9.003172,9.056325224517114,9.024513943180107,9.572919063463893,8.358820706538975,10.14
2026-01-10 10:30:00,8.34,8.692933,8.812896771231689,8.582287270557487,8.724476865951122,7.732856686639216,9.81
2026-01-10 11:00:00,7.94,8.272866,8.001515071369738,7.646486563315092,8.130352074304879,7.732856686639216,9.42
2026-01-10 11:30:00,5.01,7.4409137,7.611837245277762,7.44065556633982,8.057276364583293,7.586680814940996,9.29
2026-01-10 12:00:00,5.8,6.404405,7.417093951249087,7.0201590715262245,9.017458117656926,7.0607999930633865,8.69
2026-01-10 12:30:00,5.25,5.9750986,6.868080342387061,6.855084578281466,8.4233572370523,7.0607999930633865,8.61
2026-01-10 13:00:00,8.0,7.779818,7.086175786879171,7.2347207065248975,8.08910178414837,7.586680814940996,9.32
2026-01-10 13:30:00,8.16,8.201023,7.256386691315385,7.649525954321687,7.713930024686557,7.732856686639216,9.43
2026-01-10 14:00:00,8.16,8.248635,8.244442572727932,7.872562807933238,8.612483314797535,7.75435448440363,9.88
2026-01-10 14:30:00,8.17,8.758315,8.682768367036447,8.51244505440292,8.995765385284624,7.881227447724293,10.39
2026-01-10 15:00:00,9.17,9.400338,9.08193079244182,8.803456164908699,9.598077280711674,8.578707448540385,10.32
2026-01-10 15:30:00,9.93,11.16092,11.000018459929468,10.67258281526057,10.379603195316928,12.45750477789977,12.27
2026-01-10 16:00:00,10.26,13.1956005,12.788070698432554,13.052137519845024,10.999777920543169,13.14773625598477,13.7
2026-01-10 16:30:00,10.29,15.330368,14.075777165411791,14.035774276966643,11.366741095130635,13.435627095734118,14.73
2026-01-10 17:00:00,10.17,14.372929,13.914192778962343,14.53586223547336,12.207319546629686,13.435627095734118,14.48
2026-01-10 17:30:00,10.26,14.164274,13.532505405336158,13.542410784633653,11.967386031566852,13.435627095734118,13.96
2026-01-10 18:00:00,10.2,14.301141,13.62186359270317,13.966208326327456,11.825156658193515,13.435627095734118,14.19
2026-01-10 18:30:00,10.29,13.5659895,13.261952899523738,14.062598367596822,10.732768865471767,13.416680429508771,13.54
2026-01-10 19:00:00,10.26,13.644308,12.507216770090846,13.980091854388055,10.96058346719114,13.416680429508771,13.42
2026-01-10 19:30:00,10.26,13.106448,12.309514892521468,13.371798798072764,11.17265812035392,13.369164630232936,13.12
2026-01-10 20:00:00,10.15,12.823591,12.26615890148994,13.309084346122232,9.71050271154482,13.26825176602713,12.78
2026-01-10 20:30:00,10.07,12.29968,11.46486282733606,12.819333864900608,10.829982405648154,13.202264496687464,11.99
2026-01-10 21:00:00,10.05,12.037324,11.317766662600642,12.489016272479228,10.837634094701713,13.106985697832734,11.9
2026-01-10 21:30:00,9.94,11.569705,11.014059950323892,12.35658707373926,10.253251026903634,12.619909821249172,11.76
2026-01-10 22:00:00,9.83,11.294828,10.723993677324597,11.950733237161629,9.84935849190312,11.94434315734298,10.61
2026-01-10 22:30:00,9.73,11.23871,10.506159788509796,10.306063845036082,9.481483306409512,11.187881022436446,10.44
2026-01-10 23:00:00,9.84,11.460751,10.726706757981445,11.286602201791318,9.297966015754334,11.348880059043385,11.14
2026-01-10 23:30:00,9.76,10.186859,9.68390815565214,9.415329035837283,9.051374623591416,8.931392701749362,10.34
2026-01-11 00:00:00,9.45,,,,,,10.67
2026-01-11 00:30:00,9.59,,,,,,10.55
2026-01-11 01:00:00,9.59,,,,,,10.3
2026-01-11 01:30:00,9.51,,,,,,10.36
2026-01-11 02:00:00,9.56,,,,,,10.25
2026-01-11 02:30:00,9.57,,,,,,10.26
2026-01-11 03:00:00,9.56,,,,,,10.31
2026-01-11 03:30:00,9.56,,,,,,10.04
2026-01-11 04:00:00,9.53,,,,,,10.14
2026-01-11 04:30:00,9.53,,,,,,10.14
2026-01-11 05:00:00,9.61,,,,,,10.25
2026-01-11 05:30:00,9.62,,,,,,10.41
2026-01-11 06:00:00,9.76,,,,,,10.55
2026-01-11 06:30:00,9.84,,,,,,11.66
2026-01-11 07:00:00,9.79,,,,,,12.88
2026-01-11 07:30:00,9.79,,,,,,12.23
2026-01-11 08:00:00,9.44,,,,,,11.96
2026-01-11 08:30:00,9.03,,,,,,11.69
2026-01-11 09:00:00,7.92,,,,,,11.05
2026-01-11 09:30:00,8.27,,,,,,10.22
2026-01-11 10:00:00,7.55,,,,,,9.92
2026-01-11 10:30:00,6.09,,,,,,9.54
2026-01-11 11:00:00,7.55,,,,,,9.36
2026-01-11 11:30:00,7.55,,,,,,8.53
2026-01-11 12:00:00,8.0,,,,,,8.1
2026-01-11 12:30:00,7.92,,,,,,7.77
2026-01-11 13:00:00,7.55,,,,,,8.82
2026-01-11 13:30:00,7.99,,,,,,8.96
2026-01-11 14:00:00,9.19,,,,,,9.18
2026-01-11 14:30:00,9.25,,,,,,9.48
2026-01-11 15:00:00,9.78,,,,,,9.7
2026-01-11 15:30:00,9.93,,,,,,10.96
2026-01-11 16:00:00,10.15,,,,,,11.77
2026-01-11 16:30:00,10.27,,,,,,12.6
2026-01-11 17:00:00,10.65,,,,,,12.4
2026-01-11 17:30:00,10.95,,,,,,12.06
2026-01-11 18:00:00,10.88,,,,,,12.29
2026-01-11 18:30:00,10.88,,,,,,12.06
2026-01-11 19:00:00,10.89,,,,,,12.12
2026-01-11 19:30:00,10.91,,,,,,12.03
2026-01-11 20:00:00,10.26,,,,,,11.71
2026-01-11 20:30:00,10.26,,,,,,11.21
2026-01-11 21:00:00,9.91,,,,,,10.81
2026-01-11 21:30:00,9.9,,,,,,10.66
2026-01-11 22:00:00,9.84,,,,,,10.14
2026-01-11 22:30:00,9.84,,,,,,9.86
2026-01-11 23:00:00,9.91,,,,,,10.15
2026-01-11 23:30:00,9.9,,,,,,9.82
2026-01-12 00:00:00,9.86,10.630861,10.500240888841963,10.742712895312808,10.312584201095396,8.850576968062533,9.72
2026-01-12 00:30:00,9.85,10.53067,10.40455193429172,11.030294580331224,10.720048065713131,8.800452775502588,9.67
2026-01-12 01:00:00,9.83,10.44512,10.32103713123783,10.74110249818856,10.557966785211049,8.508016800853001,9.6
2026-01-12 01:30:00,9.8,10.323415,10.420493105544503,10.674000334221477,10.603489303812257,8.36034559384442,9.59
2026-01-12 02:00:00,9.84,10.499864,10.22222716773791,10.70781491234666,10.741099280862354,8.383755560394667,9.66
2026-01-12 02:30:00,9.82,10.550491,10.22222716773791,10.70781491234666,10.392734882457304,8.383755560394667,9.67
2026-01-12 03:00:00,9.76,10.388813,10.450202394426135,10.047728825529314,10.772186787098503,8.618138550787236,9.79
2026-01-12 03:30:00,9.73,10.332694,10.416468529800037,9.958704083988255,10.574610096401436,8.516659321826795,9.63
2026-01-12 04:00:00,9.71,10.271564,10.238821068729736,9.913185695712524,10.488244517370418,8.383755560394667,9.8
2026-01-12 04:30:00,9.69,10.271564,10.31572674200067,10.063209186840512,10.399005238436676,8.563749655695103,9.56
2026-01-12 05:00:00,9.82,10.685296,10.386477944326362,10.853983380137675,10.752421388346423,8.618138550787236,9.69
2026-01-12 05:30:00,9.9,10.759215,10.68154265761594,10.95754678460876,10.561109142755464,8.850576968062533,9.81
2026-01-12 06:00:00,10.01,11.42924,11.288841303690194,12.232196657154155,10.654684369000728,9.85456210447275,10.07
2026-01-12 06:30:00,10.82,12.164572,11.925271202974058,13.110934875395351,11.845903936757455,13.105097405656725,10.81
2026-01-12 07:00:00,10.9,13.956684,14.04285561672178,14.548258371971333,13.08655002166105,13.435627095734118,11.69
2026-01-12 07:30:00,9.9,14.151454,13.782316798217014,13.200154667594385,12.83461096999469,13.328394732795877,11.23
2026-01-12 08:00:00,10.26,13.663315,14.253497669607462,13.461170200992392,12.767897692998718,13.199222194920074,11.43
2026-01-12 08:30:00,9.89,13.100002,12.411079943403164,13.320770033915892,13.046718872122929,13.208895493409887,11.14
2026-01-12 09:00:00,10.01,12.084602,12.71472484341306,14.082902706540876,13.186472653671132,12.66506534947766,10.33
2026-01-12 09:30:00,9.91,11.080617,11.308389290588742,12.648736193807004,12.766360734362008,8.850576968062533,9.94
2026-01-12 10:00:00,9.7,10.557091,11.280394295328795,10.774230790713926,11.657279193828415,8.36034559384442,9.52
2026-01-12 10:30:00,9.1,10.697861,11.040531950697478,10.164061078688878,10.37431515235875,7.867405281821788,8.8
2026-01-12 11:00:00,5.01,10.132673,11.541457867503986,11.572652468126837,12.511060799702811,7.867405281821788,8.99
2026-01-12 11:30:00,7.22,9.553104,12.514682576328536,11.519395981051042,11.433979035201244,7.732856686639216,8.65
2026-01-12 12:00:00,8.01,9.10672,11.316915619286023,11.541881723452986,11.58077861009941,7.223367078189472,8.61
2026-01-12 12:30:00,7.55,9.030137,10.458630439513266,10.754034272514668,9.878928852071008,7.0607999930633865,8.42
2026-01-12 13:00:00,8.0,9.494243,10.658382780205436,8.790693662318159,10.443633893004716,7.586680814940996,8.88
2026-01-12 13:30:00,8.01,9.958621,11.39679373891546,9.539398083212022,10.756093396363664,7.75435448440363,8.9
2026-01-12 14:00:00,8.72,10.577554,11.568449946033503,9.80919064685742,10.919172062424218,7.867405281821788,9.68
2026-01-12 14:30:00,8.91,10.958185,12.248786319110076,10.605861918806616,11.007376380901674,8.136959916014783,9.95
2026-01-12 15:00:00,9.86,11.097937,12.336742753882152,11.524905037659114,12.073503734837695,8.54492393296032,9.9
2026-01-12 15:30:00,10.84,12.287344,13.451883950298384,13.58508161892181,12.858276895771295,11.348880059043385,10.9
2026-01-12 16:00:00,11.0,13.99864,14.921838118203208,15.214864950449458,13.45083006162377,13.199222194920074,12.01
2026-01-12 16:30:00,12.4,18.041224,16.384375779179436,15.508591906723854,13.61689306962407,13.435627095734118,12.74
2026-01-12 17:00:00,12.59,14.9017515,16.1562877630244,15.782200184647422,14.06650452389246,13.435627095734118,12.62
2026-01-12 17:30:00,12.61,14.388709,14.852017769977529,14.426084445782053,14.847850248776446,13.435627095734118,12.36
2026-01-12 18:00:00,12.42,14.7186365,15.15981854488805,14.955549368084666,14.739867923287706,13.435627095734118,12.68
2026-01-12 18:30:00,12.43,14.081264,13.665078761436398,14.5813038894955,12.558988207057354,13.416680429508771,12.37
2026-01-12 19:00:00,12.24,14.176596,13.485959346605428,14.529057042066068,12.435852044079253,13.416680429508771,12.47
2026-01-12 19:30:00,12.36,13.322691,13.235528877999414,13.767318575133814,12.593021953151998,13.208895493409887,12.27
2026-01-12 20:00:00,12.24,12.9310875,13.074848532372394,13.438211783959082,12.209872398566247,13.26825176602713,11.65
2026-01-12 20:30:00,11.79,12.430144,12.132384707226612,11.77621857971372,11.001998903220194,13.199222194920074,11.36
2026-01-12 21:00:00,13.0,12.201021,11.749472611380238,11.557471928169807,10.900389477795082,13.106985697832734,10.96
2026-01-12 21:30:00,12.5,11.790336,11.577300479310209,11.38232662406593,10.254165579754568,12.473685468065916,10.85
2026-01-12 22:00:00,10.89,11.474282,11.07250170500685,10.93497060456559,10.218388266143998,11.348880059043385,10.25
2026-01-12 22:30:00,10.87,11.217356,10.946544257917449,9.859453827278696,9.443208454644564,10.83139720349999,10.13
2026-01-12 23:00:00,13.24,11.381347,10.398372168944825,10.551367632304542,9.310532496972463,9.3928986954622,10.42
2026-01-12 23:30:00,12.0,10.350318,9.83870909474509,9.432098123331674,9.063881455517878,8.924472233605046,10.11
2026-01-13 00:00:00,12.42,10.595033,10.24348336851585,10.740075026271857,9.99620244873091,8.800452775502588,10.36
2026-01-13 00:30:00,10.97,10.545469,10.209063113726875,10.89285663174476,10.303108882544205,8.618138550787236,10.28
2026-01-13 01:00:00,10.81,10.459918,10.142694430147609,10.793002069785851,10.132869390584055,8.49955534376255,10.27
2026-01-13 01:30:00,10.67,10.342669,10.142694430147609,10.82781798879959,9.95890091353876,8.36034559384442,10.28
2026-01-13 02:00:00,11.5,10.514663,10.079749254176162,10.73982931955674,10.20857854973522,8.36034559384442,10.25
2026-01-13 02:30:00,12.17,10.514663,10.086934011687566,10.765063344437118,9.629660212890146,8.36034559384442,10.25
2026-01-13 03:00:00,11.67,10.235734,10.043265510146211,10.029303507241831,10.17860546240334,8.563749655695103,10.17
2026-01-13 03:30:00,11.14,10.235734,10.043265510146211,10.082299942261812,9.777726305092086,8.54492393296032,10.15
2026-01-13 04:00:00,12.0,10.235734,10.048609910712592,9.991118383812056,9.728681376358995,8.383755560394667,10.24
2026-01-13 04:30:00,12.0,10.235734,10.050774334236465,10.110794623756796,9.905571040694918,8.563749655695103,10.3
2026-01-13 05:00:00,13.0,10.588336,10.110337039484072,10.941041171815444,10.15683974128675,8.578707448540385,10.2
2026-01-13 05:30:00,13.0,10.723386,10.39749237728616,10.96852755649886,10.359340202346882,8.800452775502588,10.47
2026-01-13 06:00:00,13.0,11.321311,10.95206767248508,12.350250266062682,10.455454220031957,9.85456210447275,10.69
2026-01-13 06:30:00,17.56,12.07588,11.715488923001509,13.183057367881592,11.291689777633833,13.105097405656725,11.72
2026-01-13 07:00:00,20.0,13.703893,13.41120842727664,14.015329985923849,12.121117046383205,13.435627095734118,12.48
2026-01-13 07:30:00,15.59,13.828798,13.160698165485258,12.787474156125583,12.74919953110578,13.328394732795877,11.85
2026-01-13 08:00:00,13.88,13.61401,13.668592569788633,13.096315030570183,12.781064492073924,13.14773625598477,12.08
2026-01-13 08:30:00,13.5,12.813521,12.775525159847374,13.54550610667447,12.797610567974909,13.26825176602713,11.81
2026-01-13 09:00:00,11.5,12.263971,13.131323636090798,14.614654615245923,14.398792332572468,13.106985697832734,11.4
2026-01-13 09:30:00,10.27,11.583636,12.700234286050009,10.163084174223806,13.442470728511442,9.3928986954622,10.68
2026-01-13 10:00:00,10.26,10.839805,14.167072094365617,9.320251983731316,12.340893403431089,8.49955534376255,10.54
2026-01-13 10:30:00,9.94,9.984745,13.223612076629784,9.250692208610308,10.495354185921634,8.136959916014783,10.18
2026-01-13 11:00:00,9.8,9.562482,7.88721835389594,9.204262316270391,10.425627524568895,8.136959916014783,8.84
2026-01-13 11:30:00,9.52,9.606585,7.930095583931907,10.286998476117851,9.835582857922397,7.75435448440363,9.28
2026-01-13 12:00:00,8.55,9.943204,7.467626378937751,9.175711506871927,10.492411999842648,7.471945320883604,8.85
2026-01-13 12:30:00,8.92,10.170743,7.416039305916548,9.676751714104498,10.495164227939853,7.395901749443297,8.79
2026-01-13 13:00:00,9.7,10.824674,11.331564098169256,9.594851258957712,11.33402597493309,7.732856686639216,9.33
2026-01-13 13:30:00,10.0,9.927064,10.019580709558896,8.905574088728205,9.568732541617576,7.867405281821788,9.54
2026-01-13 14:00:00,10.18,9.814915,9.970310200764688,9.578581888692304,9.651099975401918,8.136959916014783,9.97
2026-01-13 14:30:00,10.51,10.010958,10.126581758710635,9.650863010868544,9.58257104684896,8.358820706538975,10.33
2026-01-13 15:00:00,10.34,10.638507,10.414731737065551,9.309108954556738,10.173685285758944,8.74806274059605,10.64
2026-01-13 15:30:00,10.78,11.982236,13.171864799704432,11.81339135028806,12.057437703255603,12.994759201352997,11.66
2026-01-13 16:00:00,12.25,13.792828,12.324324767609744,13.677514263167732,12.86624402752157,13.14773625598477,12.92
2026-01-13 16:30:00,13.81,15.045705,13.48738234763667,14.172540584827626,13.61097452169028,13.435627095734118,13.65
2026-01-13 17:00:00,13.23,14.81284,13.247473072790692,14.048616253171602,13.796537271021062,13.435627095734118,13.84
2026-01-13 17:30:00,13.75,14.983185,13.529587334022995,14.02847927721398,14.027976968356068,13.435627095734118,13.78
2026-01-13 18:00:00,13.0,14.926315,13.717497887223448,13.96171098487608,13.7825621348834,13.435627095734118,13.75
2026-01-13 18:30:00,12.51,14.207479,13.070493800094638,13.533388889038426,12.09213288518403,13.416680429508771,13.63
2026-01-13 19:00:00,13.7,14.140828,13.04350539598298,13.34923003716233,12.475138739025963,13.416680429508771,13.42
2026-01-13 19:30:00,12.42,13.447055,12.851901754963206,13.798563904928791,12.6436117714036,13.208895493409887,13.27
2026-01-13 20:00:00,12.42,12.853448,12.657453810391928,13.067218961723112,12.350965550728404,13.14773625598477,12.79
2026-01-13 20:30:00,12.15,12.510276,12.105976244131393,11.83432460100565,12.29523499593654,13.12382667810645,12.17
2026-01-13 21:00:00,11.99,12.22623,11.89988045693239,11.594589021189822,12.193869513471704,13.106985697832734,12.24
2026-01-13 21:30:00,11.87,12.157301,11.814096761217224,11.5029838627124,11.387606316040268,13.089508514437254,12.01
2026-01-13 22:00:00,10.88,11.881098,11.646928560480278,11.389635123873765,11.490961596783414,12.994759201352997,11.16
2026-01-13 22:30:00,9.89,11.7573395,11.481010481622514,10.738469006565172,11.505277464631272,11.348880059043385,10.91
2026-01-13 23:00:00,9.9,11.647981,10.741427555156152,11.341850407392725,11.06340819841476,10.83139720349999,11.65
2026-01-13 23:30:00,9.99,10.933105,10.891630826765194,11.705486773602454,10.69165424707348,8.924472233605046,10.94
2026-01-14 00:00:00,10.53,,,,,,11.57
2026-01-14 00:30:00,9.9,,,,,,11.18
2026-01-14 01:00:00,9.89,,,,,,10.99
2026-01-14 01:30:00,9.9,,,,,,10.96
2026-01-14 02:00:00,9.99,,,,,,11.22
2026-01-14 02:30:00,10.13,,,,,,11.49
2026-01-14 03:00:00,10.0,,,,,,11.26
2026-01-14 03:30:00,9.99,,,,,,11.03
2026-01-14 04:00:00,9.99,,,,,,11.31
2026-01-14 04:30:00,9.91,,,,,,11.31
2026-01-14 05:00:00,10.07,,,,,,11.5
2026-01-14 05:30:00,10.72,,,,,,11.8
2026-01-14 06:00:00,11.01,,,,,,12.03
2026-01-14 06:30:00,13.07,,,,,,14.11
2026-01-14 07:00:00,12.9,,,,,,15.65
2026-01-14 07:30:00,13.02,,,,,,14.03
2026-01-14 08:00:00,14.78,,,,,,13.38
2026-01-14 08:30:00,14.18,,,,,,13.06
2026-01-14 09:00:00,12.04,,,,,,12.02
2026-01-14 09:30:00,11.94,,,,,,11.31
2026-01-14 10:00:00,11.41,,,,,,10.93
2026-01-14 10:30:00,10.04,,,,,,10.46
2026-01-14 11:00:00,9.99,,,,,,10.03
2026-01-14 11:30:00,9.84,,,,,,9.85
2026-01-14 12:00:00,9.76,,,,,,9.24
2026-01-14 12:30:00,9.72,,,,,,9.25
2026-01-14 13:00:00,9.94,,,,,,9.92
2026-01-14 13:30:00,9.99,,,,,,10.07
2026-01-14 14:00:00,10.24,,,,,,10.46
2026-01-14 14:30:00,11.26,,,,,,10.78
2026-01-14 15:00:00,12.0,,,,,,11.13
2026-01-14 15:30:00,12.62,,,,,,11.75
2026-01-14 16:00:00,13.77,,,,,,12.92
2026-01-14 16:30:00,15.06,,,,,,14.16
2026-01-14 17:00:00,16.0,,,,,,14.0
2026-01-14 17:30:00,16.0,,,,,,14.12
2026-01-14 18:00:00,16.0,,,,,,13.75
2026-01-14 18:30:00,15.1,,,,,,13.38
2026-01-14 19:00:00,14.72,,,,,,13.63
2026-01-14 19:30:00,15.0,,,,,,13.22
2026-01-14 20:00:00,15.0,,,,,,12.76
2026-01-14 20:30:00,14.78,,,,,,12.35
2026-01-14 21:00:00,13.01,,,,,,12.14
2026-01-14 21:30:00,12.6,,,,,,12.09
2026-01-14 22:00:00,11.34,,,,,,11.13
2026-01-14 22:30:00,10.26,,,,,,10.81
2026-01-14 23:00:00,10.28,,,,,,11.01
2026-01-14 23:30:00,10.18,,,,,,10.68
2026-01-15 00:00:00,10.65,11.061374,10.173488618574838,10.393647808441136,9.836898044922512,8.931392701749362,10.53
2026-01-15 00:30:00,10.72,10.715253,9.67583251784656,10.100141851573923,9.82678647839872,8.924472233605046,10.26
2026-01-15 01:00:00,10.44,10.610773,9.604450049556371,9.408274090641456,10.033224007358198,8.618138550787236,10.17
2026-01-15 01:30:00,10.35,10.493523,9.522469977166631,9.391066080958051,9.862886010363365,8.850576968062533,10.23
2026-01-15 02:00:00,10.3,10.610773,9.712261211549944,9.482572725695343,9.39307814257874,8.850576968062533,10.18
2026-01-15 02:30:00,10.53,10.64158,9.672705053858666,10.000019824954084,9.305728597441217,8.850576968062533,10.34
2026-01-15 03:00:00,10.44,10.610773,9.53440715620522,9.603671037541808,9.640896843980912,8.850576968062533,10.25
2026-01-15 03:30:00,10.37,10.539871,9.52443423487965,9.476981394430704,9.658568217031805,8.800452775502588,10.15
2026-01-15 04:00:00,10.52,10.64158,9.571071036149728,9.597584842499128,10.228631171123515,8.850576968062533,10.27
2026-01-15 04:30:00,10.47,10.64158,9.548580516108723,9.662223173533532,9.971145009342392,8.850576968062533,10.31
2026-01-15 05:00:00,12.07,10.832608,9.84606580409362,10.182646855865174,11.77091572288018,8.924472233605046,10.43
2026-01-15 05:30:00,13.73,11.221493,10.572296234289343,11.865838514645116,11.858917216262643,9.3928986954622,10.71
2026-01-15 06:00:00,13.01,11.357654,11.007195775891695,12.49927506962112,12.168352654567192,10.83139720349999,10.88
2026-01-15 06:30:00,14.82,12.951226,13.020912041257317,13.963490132205443,13.662433364555044,13.202264496687464,12.39
2026-01-15 07:00:00,15.0,14.409637,13.792370535359716,13.766563446307952,14.65071451656482,13.435627095734118,12.89
2026-01-15 07:30:00,14.91,14.000371,12.96779049784518,12.65857457496419,14.474428788195524,13.199222194920074,12.42
2026-01-15 08:00:00,14.82,13.63641,13.219100344249478,12.838727803102891,14.812555373292826,13.14773625598477,12.75
2026-01-15 08:30:00,15.0,12.76758,12.744895819548969,13.610793925169908,15.713631799649166,13.14773625598477,12.48
2026-01-15 09:00:00,13.95,12.069047,12.477980033724776,14.9380577537612,17.782101005942376,12.36684439954555,11.37
2026-01-15 09:30:00,12.02,11.671808,12.399734657930589,11.74733923810556,16.3492755154622,9.3928986954622,10.98
2026-01-15 10:00:00,10.27,11.11998,14.884554573963404,10.533548989716314,14.644166571763767,8.516659321826795,10.65
2026-01-15 10:30:00,10.5,10.539888,13.8972390982439,9.168944006911875,12.060086979890984,8.353774920873418,10.02
2026-01-15 11:00:00,9.99,9.616786,12.81070596080367,10.20846198832428,10.094123196513438,8.353774920873418,9.72
2026-01-15 11:30:00,9.81,9.00704,7.1313557343797225,8.718689303543504,9.802858077038875,7.75435448440363,9.64
2026-01-15 12:00:00,9.57,7.870844,7.442096285997159,8.711025314872527,9.618330918527318,7.443593052767814,9.47
2026-01-15 12:30:00,9.57,7.956432,7.326956168143142,8.39609316154928,8.495503397966328,7.395901749443297,9.42
2026-01-15 13:00:00,10.01,8.616429,8.23633329360758,8.163677065443416,10.076667813114996,7.732856686639216,9.95
2026-01-15 13:30:00,9.84,9.5586195,9.371954590040954,9.088692049135506,9.52923085129098,7.867405281821788,10.14
2026-01-15 14:00:00,10.44,9.747508,9.203886916966304,9.355776256892517,10.253177446462905,8.353774920873418,10.1
2026-01-15 14:30:00,10.53,9.875923,9.003283262913646,8.706122377800709,10.221069499382018,8.358820706538975,10.71
2026-01-15 15:00:00,12.0,10.24533,9.512090034150187,9.611511640654433,10.67328753607097,8.49955534376255,11.1
2026-01-15 15:30:00,14.82,11.518945,10.56953566938508,11.460629846880568,11.425525039002812,11.273231737782892,11.91
2026-01-15 16:00:00,14.91,12.352911,11.600728843949714,12.142736210769668,12.604305655606652,13.089508514437254,12.66
2026-01-15 16:30:00,20.0,13.438582,12.777116964880554,13.5443606921428,12.95943322785246,13.435627095734118,13.74
2026-01-15 17:00:00,15.5,13.94673,12.857727292829312,13.484298449368003,12.937866125917765,13.26825176602713,14.0
2026-01-15 17:30:00,15.7,13.861427,13.229265487974551,13.52012071134177,13.426441197676183,13.328394732795877,14.12
2026-01-15 18:00:00,14.82,13.784972,12.6980735443111,13.234600813261247,12.949747890527588,13.328394732795877,13.97
2026-01-15 18:30:00,15.06,13.855831,12.528180997051424,13.144137556600816,12.725797565289714,13.328394732795877,13.73
2026-01-15 19:00:00,13.95,13.63873,12.375930719332397,12.946060944282664,12.516917861015768,13.44797740639606,13.58
2026-01-15 19:30:00,13.76,13.664228,12.454904193247016,12.86241525581463,12.6292266998185,13.208895493409887,13.49
2026-01-15 20:00:00,13.0,13.069689,12.32726637131048,12.082349030064451,12.34113917992666,13.208895493409887,13.16
2026-01-15 20:30:00,12.4,12.514281,11.970687171782917,11.73442951648074,12.18619875311905,13.14773625598477,12.63
2026-01-15 21:00:00,13.88,12.094878,11.47048612974051,11.566016897334256,12.021573634869908,13.106985697832734,12.27
2026-01-15 21:30:00,13.73,11.952842,11.156390128340671,11.46491482568566,11.332449963741189,13.105097405656725,11.98
2026-01-15 22:00:00,12.78,11.909381,11.14978705261809,11.301622627452447,11.604340780983144,13.105097405656725,11.19
2026-01-15 22:30:00,11.75,11.408768,10.594249527534766,10.987773675748922,11.291254447505205,12.66506534947766,10.71
2026-01-15 23:00:00,11.42,11.185198,10.31847116465586,10.914505108936476,10.28531960144172,11.180953122539114,10.89
2026-01-15 23:30:00,10.39,10.656856,9.837689774362326,10.245007041633244,10.54445704413802,8.924472233605046,10.47
2026-01-16 00:00:00,10.31,10.746839,9.84242510197575,10.25796267064658,10.139011602776266,8.931392701749362,10.75
2026-01-16 00:30:00,10.33,10.33657,9.470845853986324,9.969271029537454,9.668400702270857,8.924472233605046,10.63
2026-01-16 01:00:00,9.96,10.232089,9.358383674050094,9.457731969285446,10.077056421530198,8.800452775502588,10.39
2026-01-16 01:30:00,9.86,10.266905,9.35797753153688,9.452109259805416,9.86105917641772,8.850576968062533,10.4
2026-01-16 02:00:00,9.87,10.266905,9.529033374915723,9.544844785085692,9.759801995271054,8.850576968062533,10.51
2026-01-16 02:30:00,9.89,10.297712,9.5769922177923,10.09653153934584,9.674989017517294,8.850576968062533,10.63
2026-01-16 03:00:00,9.83,10.433602,9.339884356638937,9.651805933946845,9.501488847176208,8.850576968062533,10.67
2026-01-16 03:30:00,9.85,10.377768,9.328688799529996,9.546608379042205,9.56736488505362,8.850576968062533,10.6
2026-01-16 04:00:00,9.9,10.41369,9.387843199515508,9.651805933946845,9.771160550220864,8.850576968062533,10.64
2026-01-16 04:30:00,9.91,10.423462,9.26513396409007,9.658907469916135,9.577264550201091,8.850576968062533,10.5
2026-01-16 05:00:00,9.98,10.811335,9.563891001514314,10.227588219243044,9.800915102829496,8.931392701749362,11.06
2026-01-16 05:30:00,10.02,11.156983,9.9590974510721,10.994247081847677,9.507845233119037,10.576270884174416,11.68
2026-01-16 06:00:00,10.42,11.11134,10.162410346362924,10.97583625982637,9.825783247671003,11.180953122539114,11.53
2026-01-16 06:30:00,12.97,12.543606,11.84823682195449,12.09044886427069,11.232803192770644,13.199222194920074,13.01
2026-01-16 07:00:00,13.93,13.708254,12.101708103084732,12.66430553437419,11.705014428906672,13.416680429508771,13.63
2026-01-16 07:30:00,11.5,13.306389,12.001333704852016,12.221397307989006,12.210609363926412,13.12382667810645,13.05
2026-01-16 08:00:00,10.93,13.0522,11.501652391611952,11.91867242202478,12.49689685960506,13.12382667810645,12.97
2026-01-16 08:30:00,10.64,12.300641,10.992473841844774,11.87329706198124,12.80986856308249,13.12382667810645,12.82
2026-01-16 09:00:00,10.04,11.884771,12.043720801049778,11.464221535649507,12.35457639410107,11.92740603463244,12.02
2026-01-16 09:30:00,10.07,10.734993,8.653866480363103,9.342836093856702,11.591824109680395,8.850576968062533,11.14
2026-01-16 10:00:00,9.65,9.856503,9.793151017447478,9.099122181203803,11.271992119886514,8.36034559384442,10.41
2026-01-16 10:30:00,9.25,9.069403,9.30460029043871,8.834325445351649,9.881440070109663,8.353774920873418,10.1
2026-01-16 11:00:00,9.25,8.955552,8.70436470269262,8.67471540639722,8.231581148423897,8.136959916014783,9.78
2026-01-16 11:30:00,9.04,8.783003,8.360390571287791,8.236702116399382,8.778332019055153,7.867405281821788,9.6
2026-01-16 12:00:00,8.92,8.803529,7.878976005503918,8.13568457625408,8.818848185971374,7.586680814940996,9.41
2026-01-16 12:30:00,8.92,9.013815,7.604286743425101,7.826479280088684,9.57388629369736,7.586680814940996,9.37
2026-01-16 13:00:00,9.25,9.791529,9.89078997650066,7.961881815076316,11.205571477972171,7.811469882664264,9.92
2026-01-16 13:30:00,9.25,10.4757,9.858731848060888,9.326546581683257,9.764324706403254,8.136959916014783,9.98
2026-01-16 14:00:00,9.5,10.075685,10.046704597250685,9.378869482739413,10.250638106980483,8.36034559384442,10.28
2026-01-16 14:30:00,9.65,10.831527,10.585451195289808,9.234172425276904,10.479226553201334,8.49955534376255,10.49
2026-01-16 15:00:00,9.59,11.356264,10.746075243326526,10.04041683780785,11.214583595534544,8.54492393296032,11.19
2026-01-16 15:30:00,9.9,11.912788,11.46807003478028,11.974977138175626,11.610980970786883,11.344240612838934,12.67
2026-01-16 16:00:00,10.64,12.346012,12.28686250151559,12.232364053633836,12.449952892779502,12.994759201352997,12.99
2026-01-16 16:30:00,13.0,13.868199,13.657488675922666,13.298390493351585,13.008837483730543,13.435627095734118,15.48
2026-01-16 17:00:00,13.76,14.034951,12.888637341503683,13.508216802934257,13.312709782711847,13.26825176602713,14.14
2026-01-16 17:30:00,12.5,14.010197,13.419294166568058,13.552169392540764,12.836246355878856,13.328394732795877,14.2
2026-01-16 18:00:00,12.39,14.057788,13.104336907904592,13.48803915249412,12.962730818365811,13.328394732795877,13.85
2026-01-16 18:30:00,12.12,14.00377,13.53235162579979,13.47835625322622,12.343806302986804,13.328394732795877,13.64
2026-01-16 19:00:00,11.77,13.929084,13.167035657292406,13.315782361746882,13.70470457867243,13.44797740639606,13.39
2026-01-16 19:30:00,11.74,13.354356,13.308724000402025,12.996501149602537,12.929301178228766,13.208895493409887,13.16
2026-01-16 20:00:00,11.73,12.79733,12.580800218965894,12.193892911198722,12.639809974102183,13.208895493409887,12.67
2026-01-16 20:30:00,11.13,12.542225,12.175116886042089,12.000239760090542,12.424363922659634,13.12382667810645,12.34
2026-01-16 21:00:00,11.13,12.37186,12.139486734234094,11.869227730535831,12.934017628897369,13.12382667810645,12.68
2026-01-16 21:30:00,10.9,12.314172,11.819357417009352,11.721190754666443,12.554222816335033,13.105097405656725,12.48
2026-01-16 22:00:00,10.9,12.453307,11.542795662732187,11.607514241971565,12.517381823572563,13.105097405656725,11.59
2026-01-16 22:30:00,10.34,11.770098,11.01205929770447,11.295847684743627,11.961009270980009,12.473685468065916,11.06
2026-01-16 23:00:00,10.24,11.546528,10.594930009749602,11.188004296053064,10.87097908135512,11.180953122539114,11.27
2026-01-16 23:30:00,10.0,11.036317,10.153316732836588,10.241742747350072,10.501600475660688,8.924472233605046,10.82
2026-01-17 00:00:00,9.78,,,,,,10.61
2026-01-17 00:30:00,9.8,,,,,,10.38
2026-01-17 01:00:00,10.06,,,,,,10.36
2026-01-17 01:30:00,10.07,,,,,,10.33
2026-01-17 02:00:00,10.13,,,,,,10.41
2026-01-17 02:30:00,9.96,,,,,,10.44
2026-01-17 03:00:00,9.8,,,,,,10.51
2026-01-17 03:30:00,9.79,,,,,,10.34
2026-01-17 04:00:00,9.82,,,,,,10.54
2026-01-17 04:30:00,9.91,,,,,,10.47
2026-01-17 05:00:00,10.07,,,,,,10.59
2026-01-17 05:30:00,10.31,,,,,,10.88
2026-01-17 06:00:00,11.63,,,,,,10.95
2026-01-17 06:30:00,12.59,,,,,,12.69
2026-01-17 07:00:00,13.34,,,,,,13.41
2026-01-17 07:30:00,11.5,,,,,,12.16
2026-01-17 08:00:00,10.77,,,,,,11.98
2026-01-17 08:30:00,10.27,,,,,,11.74
2026-01-17 09:00:00,9.78,,,,,,11.17
2026-01-17 09:30:00,9.78,,,,,,10.83
2026-01-17 10:00:00,9.05,,,,,,10.31
2026-01-17 10:30:00,8.43,,,,,,9.98
2026-01-17 11:00:00,8.16,,,,,,9.7
2026-01-17 11:30:00,8.14,,,,,,9.64
2026-01-17 12:00:00,8.15,,,,,,9.41
2026-01-17 12:30:00,8.14,,,,,,9.31
2026-01-17 13:00:00,8.23,,,,,,9.72
2026-01-17 13:30:00,8.23,,,,,,9.84
2026-01-17 14:00:00,7.57,,,,,,10.07
2026-01-17 14:30:00,8.15,,,,,,10.29
2026-01-17 15:00:00,9.03,,,,,,10.58
2026-01-17 15:30:00,10.02,,,,,,11.57
2026-01-17 16:00:00,9.78,,,,,,12.05
2026-01-17 16:30:00,10.38,,,,,,13.45
2026-01-17 17:00:00,10.62,,,,,,13.46
2026-01-17 17:30:00,11.0,,,,,,13.06
2026-01-17 18:00:00,10.62,,,,,,12.8
2026-01-17 18:30:00,10.62,,,,,,12.72
2026-01-17 19:00:00,10.4,,,,,,12.62
2026-01-17 19:30:00,10.62,,,,,,12.32
2026-01-17 20:00:00,11.27,,,,,,12.12
2026-01-17 20:30:00,11.54,,,,,,11.86
2026-01-17 21:00:00,11.53,,,,,,11.82
2026-01-17 21:30:00,10.64,,,,,,11.61
2026-01-17 22:00:00,11.07,,,,,,11.23
2026-01-17 22:30:00,10.23,,,,,,10.77
2026-01-17 23:00:00,9.78,,,,,,10.77
2026-01-17 23:30:00,9.78,,,,,,10.46
2026-01-18 00:00:00,9.07,11.062911,10.661743866189038,11.241378156644735,10.44828181215102,8.931392701749362,10.19
2026-01-18 00:30:00,9.26,10.715253,10.356068473383765,11.11362210608605,10.148344480587834,8.850576968062533,9.96
2026-01-18 01:00:00,9.29,10.610773,10.077348155639402,10.47298375322055,10.350264697538348,8.800452775502588,9.96
2026-01-18 01:30:00,9.28,10.610773,9.978538192139482,10.500697678710615,10.178187627272449,8.850576968062533,10.04
2026-01-18 02:00:00,9.29,10.610773,10.12913733680195,10.647715034808966,10.208517783178284,8.800452775502588,10.12
2026-01-18 02:30:00,9.34,10.798978,10.492613540847016,11.104058593384154,10.228446884747337,8.850576968062533,10.19
2026-01-18 03:00:00,9.34,10.770943,10.296069777664911,10.79522428859234,10.229962786488809,8.850576968062533,10.1
2026-01-18 03:30:00,9.34,10.835093,10.22179007646136,10.683185662436754,10.141194541382925,8.800452775502588,10.02
2026-01-18 04:00:00,9.34,10.828206,10.344028620541485,10.806980746574212,10.472493547468522,8.850576968062533,10.07
2026-01-18 04:30:00,9.43,10.828206,10.291862822948072,10.797234371559894,10.390221029448238,8.850576968062533,10.15
2026-01-18 05:00:00,9.37,11.169627,10.4691744487076,11.432250487304056,12.372654241478156,8.931392701749362,10.3
2026-01-18 05:30:00,9.41,11.383711,10.768413966568668,11.676172090229588,12.210871059435702,9.85456210447275,10.58
2026-01-18 06:00:00,9.42,11.56053,10.955181039123229,12.28465606023898,12.666272185621658,10.83139720349999,10.83
2026-01-18 06:30:00,9.78,12.456342,12.703233348429947,13.487654053790052,14.045354574184923,13.089508514437254,12.05
2026-01-18 07:00:00,10.35,13.488919,13.688748289507307,14.160768373083776,14.421906955543754,13.328394732795877,12.75
2026-01-18 07:30:00,9.22,12.754058,12.847920252600288,13.060625499718856,14.888817847387546,13.14773625598477,11.65
2026-01-18 08:00:00,8.99,11.931444,12.026152051332785,12.45980319801398,14.801935830029176,12.994759201352997,11.28
2026-01-18 08:30:00,8.52,12.208848,13.088454535497068,13.510959985027686,14.670758407888655,12.36684439954555,11.18
2026-01-18 09:00:00,8.48,13.227923,13.855900794642872,15.246130466235122,16.799739179233715,9.85456210447275,10.53
2026-01-18 09:30:00,8.16,12.671271,16.262472964166115,13.50593203134169,17.874290199504262,8.36034559384442,10.28
2026-01-18 10:00:00,8.15,11.290507,11.800652625135342,10.237661658640825,14.955749245979044,7.75435448440363,9.77
2026-01-18 10:30:00,7.6,10.386863,10.199251540814194,10.990014978077475,13.279569345637968,7.072533653846468,9.44
2026-01-18 11:00:00,6.01,10.192656,9.20733361243227,10.299785799106086,10.54080388466253,7.072533653846468,9.05
2026-01-18 11:30:00,5.64,9.958962,9.39047151081316,9.404813996359398,11.557353815033055,7.072533653846468,9.02
2026-01-18 12:00:00,5.94,9.465871,9.498388085458082,8.577014506310736,9.971355517489464,7.072533653846468,8.92
2026-01-18 12:30:00,5.5,9.389977,9.47184009066071,8.463041966037702,9.65238168627534,7.0607999930633865,8.89
2026-01-18 13:00:00,5.5,9.875584,9.236938351679656,8.463659101321692,11.085261055218142,7.072533653846468,9.13
2026-01-18 13:30:00,5.5,9.574254,9.6359079728986,8.32496683234522,11.011285478906514,7.072533653846468,9.16
2026-01-18 14:00:00,6.89,8.86134,9.446354929555026,9.566664118304177,12.384147050713674,7.586680814940996,9.27
2026-01-18 14:30:00,8.31,10.158924,9.9768412809698,10.355738524524345,12.359037806069864,7.75435448440363,9.71
2026-01-18 15:00:00,9.18,10.541705,10.98485396702391,10.64333238105596,12.215147562173048,7.867405281821788,9.95
2026-01-18 15:30:00,9.78,11.402042,11.735958843481548,12.178210788950574,12.556674677245072,10.605377854444276,11.05
2026-01-18 16:00:00,10.54,12.008839,12.224199933544078,13.204120815142549,14.217979481764216,11.39909806149461,11.13
2026-01-18 16:30:00,12.93,13.708981,14.38933976196006,14.52006095108616,13.733472335770983,13.14773625598477,12.2
2026-01-18 17:00:00,13.55,13.36728,14.334068397317916,15.698047261222422,15.933825730976146,13.208895493409887,11.86
2026-01-18 17:30:00,15.0,13.468597,14.543297154091604,14.805191528200751,14.870715780017685,13.26825176602713,11.87
2026-01-18 18:00:00,17.35,13.154254,14.260305168312785,13.880573336843378,15.62986751115943,13.105097405656725,11.79
2026-01-18 18:30:00,17.35,12.648059,13.260898312818176,13.22776313677276,15.36057680277638,13.106985697832734,11.61
2026-01-18 19:00:00,15.15,12.521681,12.81616191974582,12.97060137758673,15.350431369063877,13.199222194920074,11.5
2026-01-18 19:30:00,13.55,12.4889555,12.852559956938745,13.10182066892124,14.7908658430318,13.105097405656725,11.4
2026-01-18 20:00:00,13.34,12.343903,12.948649699775746,12.7551896692432,14.782756659268854,13.199222194920074,11.36
2026-01-18 20:30:00,13.55,12.29638,12.543929768768262,12.775480453574575,14.823614487485395,13.105097405656725,11.47
2026-01-18 21:00:00,12.1,12.25923,12.485710860143,12.511386178176602,14.74228394821242,13.105097405656725,11.26
2026-01-18 21:30:00,13.27,12.073534,12.288050530063764,12.39540294953253,14.412311074978174,12.66506534947766,11.0
2026-01-18 22:00:00,11.35,12.179737,12.151202736090337,12.63022476051124,13.506797391751094,13.089508514437254,10.73
2026-01-18 22:30:00,11.3,11.687929,11.290981130533549,12.066636861305655,12.598413787189791,11.180953122539114,10.26
2026-01-18 23:00:00,11.32,11.580866,11.253330576489684,11.564726402617204,11.648540678492978,9.3928986954622,10.01
2026-01-18 23:30:00,10.15,11.056751,10.48414676384112,10.866805109086084,11.681807788669012,8.618138550787236,9.88
2026-01-19 00:00:00,9.78,,,,,,9.92
2026-01-19 00:30:00,9.82,,,,,,9.7
2026-01-19 01:00:00,9.95,,,,,,9.76
2026-01-19 01:30:00,9.8,,,,,,9.76
2026-01-19 02:00:00,9.8,,,,,,9.79
2026-01-19 02:30:00,9.82,,,,,,9.89
2026-01-19 03:00:00,9.85,,,,,,9.94
2026-01-19 03:30:00,9.84,,,,,,9.88
2026-01-19 04:00:00,10.0,,,,,,10.03
2026-01-19 04:30:00,10.06,,,,,,10.06
2026-01-19 05:00:00,10.16,,,,,,9.96
2026-01-19 05:30:00,10.44,,,,,,10.15
2026-01-19 06:00:00,13.5,,,,,,10.33
2026-01-19 06:30:00,15.58,,,,,,11.42
2026-01-19 07:00:00,17.5,,,,,,12.07
2026-01-19 07:30:00,15.86,,,,,,11.15
2026-01-19 08:00:00,24.08,,,,,,10.95
2026-01-19 08:30:00,18.0,,,,,,10.76
2026-01-19 09:00:00,16.6,,,,,,10.31
2026-01-19 09:30:00,15.0,,,,,,10.2
2026-01-19 10:00:00,13.65,,,,,,9.67
2026-01-19 10:30:00,11.59,,,,,,9.32
2026-01-19 11:00:00,10.97,,,,,,8.62
2026-01-19 11:30:00,10.4,,,,,,8.45
2026-01-19 12:00:00,10.02,,,,,,8.43
2026-01-19 12:30:00,9.91,,,,,,8.17
2026-01-19 13:00:00,10.3,,,,,,8.42
2026-01-19 13:30:00,10.16,,,,,,8.6
2026-01-19 14:00:00,10.32,,,,,,9.03
2026-01-19 14:30:00,10.56,,,,,,9.96
2026-01-19 15:00:00,10.56,,,,,,10.25
2026-01-19 15:30:00,15.0,,,,,,10.98
2026-01-19 16:00:00,15.58,,,,,,11.82
2026-01-19 16:30:00,28.0,,,,,,13.56
2026-01-19 17:00:00,25.12,,,,,,13.59
2026-01-19 17:30:00,21.0,,,,,,14.27
2026-01-19 18:00:00,28.0,,,,,,14.34
2026-01-19 18:30:00,28.0,,,,,,14.42
2026-01-19 19:00:00,24.08,,,,,,13.64
2026-01-19 19:30:00,18.2,,,,,,13.05
2026-01-19 20:00:00,16.1,,,,,,12.83
2026-01-19 20:30:00,15.58,,,,,,12.89
2026-01-19 21:00:00,13.6,,,,,,12.35
2026-01-19 21:30:00,10.15,,,,,,12.42
2026-01-19 22:00:00,10.5,,,,,,11.68
2026-01-19 22:30:00,10.15,,,,,,11.28
2026-01-19 23:00:00,9.78,,,,,,11.36
2026-01-19 23:30:00,9.31,,,,,,10.64
2026-01-20 00:00:00,9.78,10.538541,9.764362233437264,9.632087301504312,10.512237356351028,8.800452775502588,10.45
2026-01-20 00:30:00,9.81,10.560629,9.46289206139382,9.46824048849536,10.396957568621962,8.850576968062533,10.32
2026-01-20 01:00:00,9.78,10.467771,9.456171521095447,9.458753948298638,9.822181162858495,8.36034559384442,10.34
2026-01-20 01:30:00,9.78,10.188843,9.364547109521869,9.560554766785916,9.405231857242764,8.563749655695103,10.29
2026-01-20 02:00:00,9.78,10.447683,9.589410623457129,9.60012917803867,9.370060214320924,8.800452775502588,10.37
2026-01-20 02:30:00,9.95,10.478491,10.236158922180092,10.519776817330763,9.677033612115736,8.850576968062533,10.47
2026-01-20 03:00:00,9.78,10.447683,10.188200079303517,10.531683085384064,9.434043309458968,8.800452775502588,10.39
2026-01-20 03:30:00,9.78,10.511832,10.113920378099964,10.43543380321281,9.721582799547514,8.578707448540385,10.54
2026-01-20 04:00:00,9.78,10.616409,10.406196211325684,10.631418617035552,9.830993232871815,8.850576968062533,10.7
2026-01-20 04:30:00,9.78,10.680557,10.376520933773277,10.691906076141931,9.582571635885236,8.850576968062533,10.72
2026-01-20 05:00:00,9.79,11.092117,10.617615618292714,11.225434277175788,10.434576119293856,8.931392701749362,10.81
2026-01-20 05:30:00,9.78,11.298648,10.678967690133344,11.421129273878018,12.102716062676247,9.3928986954622,10.93
2026-01-20 06:00:00,9.78,11.490973,11.133894826390884,12.0564854998988,12.11436043025761,11.180953122539114,12.05
2026-01-20 06:30:00,10.81,15.305844,13.673279948359976,13.71527039683328,14.185821616634422,13.199222194920074,13.7
2026-01-20 07:00:00,13.5,14.817389,14.651765606106832,14.464489163292257,15.30307472213492,13.435627095734118,14.82
2026-01-20 07:30:00,13.95,13.29896,13.33460271456953,13.372249438154348,13.430939218647882,13.416680429508771,13.76
2026-01-20 08:00:00,14.11,14.573135,14.59384952265019,14.310532007963667,15.252759182726866,14.042991815402171,15.83
2026-01-20 08:30:00,14.11,13.32633,13.334890353329648,13.760934900047875,15.784656680492787,13.12382667810645,13.93
2026-01-20 09:00:00,12.11,13.289825,13.33758353496686,15.235600513363757,17.294106609213507,11.180953122539114,13.17
2026-01-20 09:30:00,10.1,12.683097,13.558692369855624,15.36880556436133,17.40558692527325,8.931392701749362,12.38
2026-01-20 10:00:00,10.0,12.501036,12.347013708655023,12.161455622539334,15.537202486500918,7.732856686639216,11.59
2026-01-20 10:30:00,9.78,12.280027,11.097063158345788,11.535242570156653,15.526275755209184,7.072533653846468,10.77
2026-01-20 11:00:00,9.91,11.132523,10.63184643702553,11.339567618754412,13.208991533127278,7.072533653846468,10.22
2026-01-20 11:30:00,9.95,10.673661,10.216874978825908,10.895194678503508,12.935520938346952,7.072533653846468,9.83
2026-01-20 12:00:00,8.9,10.100667,9.94498764433799,10.008186521900104,14.763821326562285,7.0607999930633865,9.59
2026-01-20 12:30:00,9.2,9.886331,10.090143637155029,9.927479206813722,14.178597776064366,7.0607999930633865,9.62
2026-01-20 13:00:00,10.4,10.431622,10.347717965601808,9.816517479199277,14.144706778146512,7.072533653846468,9.79
2026-01-20 13:30:00,10.5,11.070042,10.339831750247331,9.81452694114074,13.170728095290558,7.072533653846468,9.84
2026-01-20 14:00:00,10.4,10.486837,10.604772083738489,10.172306377431603,14.591606307099044,7.072533653846468,10.22
2026-01-20 14:30:00,10.49,11.456096,10.728081114344633,11.278715116784742,11.587875683249017,7.732856686639216,10.88
2026-01-20 15:00:00,10.5,11.200115,12.135915792233767,11.26372094741716,12.786853114794477,7.867405281821788,10.81
2026-01-20 15:30:00,12.89,13.727168,12.573470321753026,12.888639584769106,14.196312820995503,11.348880059043385,12.84
2026-01-20 16:00:00,13.01,15.608108,13.42412207864154,13.174008244881083,14.63408553268853,13.01979998436281,14.01
2026-01-20 16:30:00,16.56,18.078857,16.539971825601913,16.900544701694873,14.015700726711335,13.369164630232936,18.99
2026-01-20 17:00:00,18.06,18.264124,17.198684823015267,17.762428996186873,15.627008003845226,13.416680429508771,18.14
2026-01-20 17:30:00,19.0,18.446922,17.20906289141343,21.023949785524287,15.460063568155274,13.416680429508771,17.01
2026-01-20 18:00:00,18.06,17.46511,16.506834233471913,15.1261220044441,15.49749424283987,13.416680429508771,18.92
2026-01-20 18:30:00,18.0,15.370651,16.311866625154817,15.76934578915046,15.44313348490832,13.416680429508771,18.71
2026-01-20 19:00:00,17.0,15.336541,16.34293950927287,15.550712090004412,14.62184014220019,14.042991815402171,17.05
2026-01-20 19:30:00,16.3,13.751216,15.226539527309628,15.525885841011938,14.165569138607696,13.435627095734118,14.95
2026-01-20 20:00:00,17.85,13.603153,14.925090644537248,15.405503040436583,14.708370885630227,13.47445693785932,14.23
2026-01-20 20:30:00,15.91,13.448274,14.269310281456306,14.498542055186428,15.490996558026875,13.199222194920074,14.01
2026-01-20 21:00:00,14.72,13.185006,14.008360168313368,13.903739405821185,13.399423188435868,13.12382667810645,13.25
2026-01-20 21:30:00,12.66,12.720491,13.17375881137315,13.498513091642964,12.931324599616676,13.089508514437254,12.1
2026-01-20 22:00:00,13.38,12.604384,12.981009898200506,13.272481582857097,13.26284882508845,13.089508514437254,11.83
2026-01-20 22:30:00,11.35,12.182683,12.686648139563042,12.772492662713349,12.122484434970284,11.180953122539114,11.34
2026-01-20 23:00:00,10.87,12.08627,11.921609254999613,13.014874374972624,10.820642402285678,9.870817557511112,11.1
2026-01-20 23:30:00,10.02,11.522456,11.234504508553888,11.561565119202069,10.755453740987836,8.618138550787236,10.68
2026-01-21 00:00:00,10.46,,,,,,10.8
2026-01-21 00:30:00,11.5,,,,,,10.67
2026-01-21 01:00:00,10.49,,,,,,10.64
2026-01-21 01:30:00,10.4,,,,,,10.55
2026-01-21 02:00:00,11.27,,,,,,10.59
2026-01-21 02:30:00,11.42,,,,,,10.61
2026-01-21 03:00:00,10.4,,,,,,10.68
2026-01-21 03:30:00,10.26,,,,,,10.62
2026-01-21 04:00:00,10.17,,,,,,10.83
2026-01-21 04:30:00,10.31,,,,,,10.66
2026-01-21 05:00:00,10.43,,,,,,10.6
2026-01-21 05:30:00,12.08,,,,,,10.78
2026-01-21 06:00:00,12.62,,,,,,11.43
2026-01-21 06:30:00,16.06,,,,,,12.81
2026-01-21 07:00:00,22.0,,,,,,14.23
2026-01-21 07:30:00,18.17,,,,,,13.71
2026-01-21 08:00:00,17.31,,,,,,14.42
2026-01-21 08:30:00,16.32,,,,,,13.63
2026-01-21 09:00:00,14.43,,,,,,12.43
2026-01-21 09:30:00,11.73,,,,,,11.31
2026-01-21 10:00:00,10.15,,,,,,10.69
2026-01-21 10:30:00,10.0,,,,,,10.39
2026-01-21 11:00:00,10.4,,,,,,9.89
2026-01-21 11:30:00,10.32,,,,,,9.78
2026-01-21 12:00:00,9.93,,,,,,9.21
2026-01-21 12:30:00,9.79,,,,,,9.36
2026-01-21 13:00:00,10.16,,,,,,9.74
2026-01-21 13:30:00,10.0,,,,,,9.85
2026-01-21 14:00:00,10.26,,,,,,9.95
2026-01-21 14:30:00,10.43,,,,,,10.48
2026-01-21 15:00:00,11.2,,,,,,10.72
2026-01-21 15:30:00,13.53,,,,,,12.79
2026-01-21 16:00:00,17.06,,,,,,12.94
2026-01-21 16:30:00,21.0,,,,,,15.86
2026-01-21 17:00:00,25.12,,,,,,16.37
2026-01-21 17:30:00,25.12,,,,,,16.81
2026-01-21 18:00:00,25.12,,,,,,16.26
2026-01-21 18:30:00,25.0,,,,,,16.25
2026-01-21 19:00:00,18.17,,,,,,15.34
2026-01-21 19:30:00,18.17,,,,,,14.38
2026-01-21 20:00:00,18.17,,,,,,14.51
2026-01-21 20:30:00,18.17,,,,,,14.01
2026-01-21 21:00:00,18.0,,,,,,13.27
2026-01-21 21:30:00,15.17,,,,,,12.27
2026-01-21 22:00:00,14.71,,,,,,12.31
2026-01-21 22:30:00,14.5,,,,,,11.27
2026-01-21 23:00:00,13.56,,,,,,11.11
2026-01-21 23:30:00,13.46,,,,,,10.22
2026-01-22 00:00:00,10.6,10.781005,10.47211855672689,9.764847433283933,11.433746645478267,8.800452775502588,10.4
2026-01-22 00:30:00,12.8,10.869807,10.578056067848042,10.0931792056697,10.58190732699091,8.800452775502588,10.72
2026-01-22 01:00:00,10.9,10.602156,10.353005592904188,9.993966454262312,10.720836090721804,8.36034559384442,10.32
2026-01-22 01:30:00,10.5,10.323228,10.273396823065012,10.08657867905208,10.442049031010916,8.516659321826795,10.27
2026-01-22 02:00:00,10.5,10.582068,10.347661192337805,9.931351953801848,10.32017447841334,8.578707448540385,10.58
2026-01-22 02:30:00,10.5,10.582068,10.347661192337805,9.93634762407136,10.380011190504169,8.800452775502588,10.73
2026-01-22 03:00:00,10.4,10.440963,10.245561902457627,10.102858889745528,9.95696697628662,8.563749655695103,10.48
2026-01-22 03:30:00,10.38,10.36729,10.245561902457627,10.074927995175855,9.83783631250216,8.54492393296032,10.29
2026-01-22 04:00:00,10.37,10.497081,10.486640238750711,10.152746389578825,10.511662873915268,8.74806274059605,10.36
2026-01-22 04:30:00,10.4,10.440963,10.456964961198302,10.023702222505548,10.292601303533727,8.618138550787236,10.44
2026-01-22 05:00:00,10.6,10.8216,10.713604879793555,10.060605461942975,11.175821301457432,9.291207996034828,10.82
2026-01-22 05:30:00,10.74,11.354766,10.940805928837252,10.536251779293416,10.841144173554191,9.870817557511112,11.35
2026-01-22 06:00:00,13.4,11.625555,12.435688438251336,11.280910544227275,10.81326555030862,11.39909806149461,11.88
2026-01-22 06:30:00,19.76,15.427669,12.616136336155682,13.273853325890506,13.88491505534726,13.435627095734118,13.66
2026-01-22 07:00:00,19.54,15.460699,16.03890290165188,14.675354611234358,14.38680919468782,14.179390988309674,16.36
2026-01-22 07:30:00,22.37,14.825135,14.740134664969831,14.293378331624956,15.1155560207465,14.042991815402171,14.68
2026-01-22 08:00:00,18.12,15.985101,16.01910032399678,15.770232794150004,15.742842589774364,14.211378086897,15.01
2026-01-22 08:30:00,17.31,15.04398,13.883082450454124,14.846738117252876,15.58565648249205,13.582660166769609,13.8
2026-01-22 09:00:00,13.66,13.365819,13.339938390138174,16.396252454089755,14.97320116095674,13.089508514437254,12.57
2026-01-22 09:30:00,12.94,12.37782,12.528122293339113,13.59431475509946,14.095041837554092,9.27528525438898,11.07
2026-01-22 10:00:00,12.61,11.637739,12.256458795967054,10.516967521027407,13.739789652959088,7.732856686639216,10.32
2026-01-22 10:30:00,10.96,11.117965,11.803375584113065,10.531306410497104,13.250243156899202,7.072533653846468,9.89
2026-01-22 11:00:00,10.15,10.586491,10.568179182523904,10.091026419189326,12.7832131898822,7.072533653846468,9.76
2026-01-22 11:30:00,9.78,9.950857,10.10909402740004,10.00964974708075,11.989991211450189,7.072533653846468,9.54
2026-01-22 12:00:00,9.64,9.643888,10.360082393751082,9.260050179120071,12.3495874741896,7.0607999930633865,9.37
2026-01-22 12:30:00,9.49,9.860897,10.497180346336217,9.750071713330696,12.084081593707776,7.0607999930633865,9.25
2026-01-22 13:00:00,9.88,10.746513,11.318456635366166,9.852284184297256,14.18158629133216,7.072533653846468,9.5
2026-01-22 13:30:00,10.11,11.306992,11.830267090894775,10.123559267547602,13.39522810694453,7.072533653846468,9.44
2026-01-22 14:00:00,10.15,10.855088,11.563764562424916,9.967713827051377,12.4092019447908,7.395901749443297,9.98
2026-01-22 14:30:00,10.5,11.974399,11.886054405682575,11.323761125511856,11.039735463286451,7.732856686639216,10.48
2026-01-22 15:00:00,11.0,11.636184,13.23726523250141,11.354312542249648,11.87326927446122,7.881227447724293,10.4
2026-01-22 15:30:00,12.94,14.951081,12.98258381058517,13.201519887119431,13.143791164738523,13.01979998436281,13.11
2026-01-22 16:00:00,16.13,19.231005,12.48209363318917,13.45958130938265,15.174355512003167,13.14773625598477,13.96
2026-01-22 16:30:00,18.14,19.463575,19.76171558616144,20.189945444139173,13.197701041179377,14.122359787926149,17.38
2026-01-22 17:00:00,18.14,20.514563,23.764316845878284,21.644752582057,15.298976646554088,14.72231459480538,19.01
2026-01-22 17:30:00,20.0,21.5278,22.610461566149148,23.032421070955767,15.307241613431886,14.72231459480538,18.6
2026-01-22 18:00:00,18.14,21.013962,17.01551920137947,17.25487102002675,15.647037892570468,14.155377253813322,19.21
2026-01-22 18:30:00,18.14,17.955128,17.94717054203626,17.497368541244132,15.213080509270924,14.155377253813322,18.99
2026-01-22 19:00:00,20.8,16.602968,18.334003533049085,16.555482843369703,13.860156269341244,14.406232750797065,15.93
2026-01-22 19:30:00,20.0,14.949655,16.423834391675737,16.158205961717954,13.64540430199224,13.46070284451754,15.42
2026-01-22 20:00:00,18.12,14.993959,16.23422343197347,16.358961143355316,13.842794881298024,14.042991815402171,15.14
2026-01-22 20:30:00,18.12,14.708117,15.713214303345016,15.503928359589477,13.817411635514484,13.582660166769609,15.04
2026-01-22 21:00:00,18.12,14.304505,15.34328903862685,14.903138045105308,13.15432831649842,13.582660166769609,14.66
2026-01-22 21:30:00,16.76,12.850027,13.894220205594882,13.252010553625636,12.608187429538466,13.199222194920074,13.26
2026-01-22 22:00:00,15.28,12.559664,13.46674559783167,12.936689670718074,12.350208355231567,13.105097405656725,12.71
2026-01-22 22:30:00,13.0,12.063402,12.94188621107231,12.466864812914354,11.333826372147085,11.344240612838934,12.25
2026-01-22 23:00:00,12.5,12.017924,12.02707132107559,12.52727064929188,10.633753676710322,10.576270884174416,12.28
2026-01-22 23:30:00,10.35,11.414115,11.340076930045091,11.498467948016708,10.08432125527655,8.850576968062533,11.46
2026-01-23 00:00:00,10.5,10.83,10.54,10.01,11.33,8.85,9.95
2026-01-23 00:30:00,10.75,10.87,10.87,10.71,10.45,8.85,10.43
2026-01-23 01:00:00,10.49,10.58,10.31,9.97,10.42,8.8,9.89
2026-01-23 01:30:00,10.4,10.58,10.31,9.95,10.41,8.58,9.83
2026-01-23 02:00:00,10.39,10.56,10.31,9.93,10.08,8.8,9.92
2026-01-23 02:30:00,10.36,10.63,10.31,9.96,10.16,8.8,9.93
2026-01-23 03:00:00,10.5,10.47,10.23,10.01,9.85,8.56,10.17
2026-01-23 03:30:00,10.32,10.47,10.21,10.11,9.79,8.54,10.01
2026-01-23 04:00:00,10.31,10.48,10.37,10.03,10.37,8.93,10.04
2026-01-23 04:30:00,10.32,10.42,10.42,9.98,10.27,8.62,10.03
2026-01-23 05:00:00,10.6,10.85,10.81,10.25,11.09,9.29,10.01
2026-01-23 05:30:00,10.92,11.33,12.07,10.75,11.18,9.92,10.1
2026-01-23 06:00:00,13.0,11.79,12.15,12.38,11.22,12.46,10.93
2026-01-23 06:30:00,16.56,16.86,14.47,14.2,13.91,13.44,13.7
2026-01-23 07:00:00,18.33,16.46,16.23,15.57,15.31,14.21,15.02
2026-01-23 07:30:00,18.39,17.37,16.38,15.89,15.25,14.54,15.04
2026-01-23 08:00:00,16.79,16.22,16.32,17.37,15.99,14.41,14.62
2026-01-23 08:30:00,14.7,15.44,14.66,14.97,14.52,14.04,13.39
2026-01-23 09:00:00,13.56,13.89,13.96,16.36,13.08,13.12,11.29
2026-01-23 09:30:00,13.0,11.29,12.04,13.22,12.18,9.29,10.58
2026-01-23 10:00:00,12.37,10.4,11.72,11.43,11.59,7.75,10.07
2026-01-23 10:30:00,10.5,10.02,11.51,10.48,11.34,7.07,9.29
2026-01-23 11:00:00,10.4,9.48,10.8,9.81,11.37,7.07,8.76
2026-01-23 11:30:00,9.78,8.9,9.81,10.05,11.04,7.07,8.58
2026-01-23 12:00:00,9.5,8.73,11.26,9.16,11.15,7.06,8.49
2026-01-23 12:30:00,9.33,8.65,10.5,9.35,10.93,7.06,8.35
2026-01-23 13:00:00,9.78,9.35,11.5,9.56,11.72,7.07,8.57
2026-01-23 13:30:00,10.03,9.82,11.22,9.34,11.41,7.07,8.84
2026-01-23 14:00:00,10.54,10.28,11.74,9.99,11.47,7.4,8.74
2026-01-23 14:30:00,10.75,11.85,11.68,11.26,10.31,7.59,9.32
2026-01-23 15:00:00,10.5,11.66,12.75,12.27,12.64,7.87,9.76
2026-01-23 15:30:00,12.96,17.25,14.82,14.51,13.38,13.02,12.03
2026-01-23 16:00:00,13.62,21.44,15.61,20.39,13.98,13.21,12.68
2026-01-23 16:30:00,16.73,21.97,19.48,20.25,13.94,14.41,15.71
2026-01-23 17:00:00,17.05,22.0,24.02,22.46,15.24,14.72,16.15
2026-01-23 17:30:00,17.5,22.11,23.92,18.83,14.17,14.72,16.99
2026-01-23 18:00:00,17.24,21.39,18.41,17.78,14.49,14.72,16.46
2026-01-23 18:30:00,17.0,19.03,18.53,18.32,14.97,14.72,16.5
2026-01-23 19:00:00,16.85,18.25,19.08,18.82,15.79,15.21,15.99
2026-01-23 19:30:00,16.84,16.63,18.4,17.45,15.28,14.27,14.97
2026-01-23 20:00:00,16.42,16.0,17.95,18.33,14.23,14.21,14.11
2026-01-23 20:30:00,17.52,15.29,16.64,16.03,14.28,14.21,14.12
2026-01-23 21:00:00,16.79,14.64,16.39,15.47,13.55,14.04,13.58
2026-01-23 21:30:00,13.85,13.36,14.91,14.12,13.1,13.44,12.62
2026-01-23 22:00:00,13.0,12.91,14.28,13.42,12.2,13.27,12.04
2026-01-23 22:30:00,12.85,12.19,13.22,12.88,11.63,11.93,11.09
2026-01-23 23:00:00,10.6,12.19,12.17,12.69,10.79,10.83,11.19
2026-01-23 23:30:00,10.37,11.48,11.37,11.45,10.4,8.85,9.93
2026-01-24 00:00:00,11.5,10.862811,10.496282997173395,9.657393253363177,11.374780070280003,8.618138550787236,10.18
2026-01-24 00:30:00,14.44,10.936089,10.906535746158456,10.863614488941804,10.612612232926868,8.850576968062533,10.37
2026-01-24 01:00:00,14.44,10.576947,10.323190568253647,10.168768743439689,10.483639996622449,8.800452775502588,10.14
2026-01-24 01:30:00,12.0,10.576947,10.323190568253647,10.12359261933798,10.464430330529972,8.578707448540385,10.04
2026-01-24 02:00:00,12.0,10.630534,10.37810194416982,10.12423629146678,10.31397679331969,8.800452775502588,10.28
2026-01-24 02:30:00,11.86,10.630534,10.37810194416982,9.940082990334483,10.35848267908456,8.800452775502588,10.29
2026-01-24 03:00:00,11.23,10.424008,10.24193337833201,9.902961427044918,10.009070000508364,8.563749655695103,10.39
2026-01-24 03:30:00,11.5,10.472349,10.24193337833201,10.09620929425712,10.248495049667858,8.54492393296032,10.18
2026-01-24 04:00:00,11.48,10.528467,10.33621157806977,9.955125460408311,10.735643436204748,8.74806274059605,10.2
2026-01-24 04:30:00,11.09,10.424008,10.415820347908944,9.99483952414314,10.41894418569004,8.618138550787236,10.36
2026-01-24 05:00:00,11.02,10.808157,10.628409585352784,10.124405630779943,10.878793093829298,9.291207996034828,10.48
2026-01-24 05:30:00,11.15,10.835576,10.80332710953115,10.641711016861144,11.012543486559672,9.340302995785247,10.69
2026-01-24 06:00:00,11.93,11.845567,12.0629808769597,12.295452053755383,11.065716256235376,12.36684439954555,11.79
2026-01-24 06:30:00,14.51,17.532166,15.35529737032346,15.430184095203218,12.82602242848635,13.46070284451754,13.81
2026-01-24 07:00:00,15.04,16.519644,17.241533862462646,16.1029023985328,14.299866801425344,14.406232750797065,15.63
2026-01-24 07:30:00,14.62,16.757973,17.037486722947573,16.007299693878828,15.366398310779855,14.541125823772427,15.19
2026-01-24 08:00:00,14.0,16.17249,16.944674043248117,16.562672043918447,15.348952507769992,14.72231459480538,15.27
2026-01-24 08:30:00,12.0,14.582423,14.387373751545258,14.609024221998432,14.207951827658512,14.122359787926149,13.46
2026-01-24 09:00:00,11.67,12.8553295,12.854945693533027,14.266966572941731,13.30581199587199,13.12382667810645,12.19
2026-01-24 09:30:00,11.86,12.820358,12.584676793735005,14.67317535585275,13.347318282932228,11.187881022436446,11.34
2026-01-24 10:00:00,10.48,11.140547,11.44339463030858,12.12004042004055,11.96706441934076,8.344482161775305,10.77
2026-01-24 10:30:00,10.25,11.24848,11.981288758540025,12.049035787308744,11.616422414821868,7.072533653846468,9.66
2026-01-24 11:00:00,10.03,12.910927,11.706208620854056,12.81182349544075,13.432961376027755,7.072533653846468,9.33
2026-01-24 11:30:00,9.92,12.321232,11.504856018602084,13.101092904975468,12.119214930585574,7.072533653846468,8.93
2026-01-24 12:00:00,9.92,11.859066,12.399685501668769,12.345271031092745,12.547222120602765,7.0607999930633865,8.72
2026-01-24 12:30:00,10.02,10.389251,12.74437337134123,11.765437001900995,13.163925987041708,7.0607999930633865,8.72
2026-01-24 13:00:00,10.09,10.96343,12.02070650760294,10.89622058958536,12.306956742074725,7.072533653846468,8.91
2026-01-24 13:30:00,10.17,11.117825,11.722081337959615,11.17749226100528,13.971051114681844,7.072533653846468,9.0
2026-01-24 14:00:00,10.25,11.34343,12.015034448234788,11.033329447266835,12.651899775614316,7.395901749443297,9.41
2026-01-24 14:30:00,10.32,12.360932,12.640695651882131,12.529720966419156,11.099148994635254,7.586680814940996,9.91
2026-01-24 15:00:00,10.42,13.186588,14.338665532661937,11.224414838760646,12.89794011296112,7.75435448440363,9.6
2026-01-24 15:30:00,10.95,16.618477,15.516064324323462,14.005008721260584,15.458056972551708,12.619909821249172,12.56
2026-01-24 16:00:00,11.12,21.411524,16.552142254761815,20.82225893813273,14.439493110770908,13.208895493409887,12.83
2026-01-24 16:30:00,12.57,21.848507,24.34172819064321,21.129305907257358,13.698940322821771,14.541125823772427,16.26
2026-01-24 17:00:00,14.62,22.790922,24.854334983208737,24.78098885290397,14.508866977635623,14.889732120805574,17.3
2026-01-24 17:30:00,15.49,22.874147,25.53045038401208,22.285455410469343,13.42902466454724,15.21043814629127,16.89
2026-01-24 18:00:00,15.5,22.035372,20.037080288913344,19.385468315192117,14.852083264224843,15.023829360395473,17.55
2026-01-24 18:30:00,15.35,19.679417,19.36002727171352,19.094560158039545,14.813950325541311,14.889732120805574,17.13
2026-01-24 19:00:00,15.26,18.739014,20.02851313539015,19.755301894913533,15.395328912062864,15.555593148377303,15.83
2026-01-24 19:30:00,15.17,17.545668,18.45678882956561,18.235270047386937,14.631258494195706,14.923914011770886,15.22
2026-01-24 20:00:00,15.26,16.219255,18.377781190772343,17.523555742843925,14.41328709815118,14.270457272833765,14.76
2026-01-24 20:30:00,15.2,15.528584,16.940191311638884,16.40144337083247,15.530740587828028,14.270457272833765,15.03
2026-01-24 21:00:00,15.31,15.1639185,16.56696946967678,15.93826960677112,15.566124444091862,14.211378086897,14.16
2026-01-24 21:30:00,15.04,13.714747,14.882650749797628,14.333769994142026,12.994197834616896,13.435627095734118,12.47
2026-01-24 22:00:00,15.03,13.308522,14.4389267334027,13.586424803926636,12.707936520345134,13.328394732795877,12.01
2026-01-24 22:30:00,12.5,12.342216,13.557846248677771,13.0706682376185,12.067529229889548,12.21807509398078,11.48
2026-01-24 23:00:00,11.5,12.22736,12.49335503951803,12.883949116233152,10.571771978281102,11.39909806149461,10.99
2026-01-24 23:30:00,11.04,11.484256,11.47865794574528,11.55449905946342,10.048292098068467,8.850576968062533,10.37
2026-01-25 00:00:00,11.37,,,,,,10.31
2026-01-25 00:30:00,11.49,,,,,,11.12
2026-01-25 01:00:00,11.23,,,,,,11.0
2026-01-25 01:30:00,11.12,,,,,,10.41
2026-01-25 02:00:00,11.04,,,,,,10.63
2026-01-25 02:30:00,10.95,,,,,,10.48
2026-01-25 03:00:00,11.28,,,,,,10.46
2026-01-25 03:30:00,10.95,,,,,,10.45
2026-01-25 04:00:00,10.8,,,,,,10.56
2026-01-25 04:30:00,10.84,,,,,,10.37
2026-01-25 05:00:00,11.1,,,,,,10.18
2026-01-25 05:30:00,11.24,,,,,,10.53
2026-01-25 06:00:00,11.88,,,,,,11.41
2026-01-25 06:30:00,13.01,,,,,,13.26
2026-01-25 07:00:00,14.46,,,,,,14.54
2026-01-25 07:30:00,12.1,,,,,,14.0
2026-01-25 08:00:00,11.02,,,,,,14.19
2026-01-25 08:30:00,10.99,,,,,,12.97
2026-01-25 09:00:00,11.11,,,,,,11.66
2026-01-25 09:30:00,11.5,,,,,,11.2
2026-01-25 10:00:00,10.69,,,,,,10.34
2026-01-25 10:30:00,10.3,,,,,,9.81
2026-01-25 11:00:00,10.26,,,,,,9.3
2026-01-25 11:30:00,9.5,,,,,,8.98
2026-01-25 12:00:00,9.5,,,,,,8.92
2026-01-25 12:30:00,9.03,,,,,,8.89
2026-01-25 13:00:00,10.25,,,,,,9.08
2026-01-25 13:30:00,10.16,,,,,,9.22
2026-01-25 14:00:00,10.1,,,,,,9.16
2026-01-25 14:30:00,10.15,,,,,,9.56
2026-01-25 15:00:00,10.15,,,,,,9.92
2026-01-25 15:30:00,10.64,,,,,,11.6
2026-01-25 16:00:00,11.08,,,,,,11.75
2026-01-25 16:30:00,14.02,,,,,,14.48
2026-01-25 17:00:00,14.57,,,,,,15.14
2026-01-25 17:30:00,15.24,,,,,,16.08
2026-01-25 18:00:00,16.3,,,,,,16.26
2026-01-25 18:30:00,16.42,,,,,,16.17
2026-01-25 19:00:00,16.42,,,,,,15.0
2026-01-25 19:30:00,16.42,,,,,,14.29
2026-01-25 20:00:00,16.17,,,,,,14.08
2026-01-25 20:30:00,15.52,,,,,,13.96
2026-01-25 21:00:00,15.5,,,,,,13.47
2026-01-25 21:30:00,14.8,,,,,,12.59
2026-01-25 22:00:00,14.5,,,,,,12.34
2026-01-25 22:30:00,13.13,,,,,,11.3
2026-01-25 23:00:00,13.14,,,,,,10.82
2026-01-25 23:30:00,12.0,,,,,,10.26
2026-01-26 00:00:00,11.1,10.9721365,11.103042268872125,10.263667851463886,11.312894372970897,8.924472233605046,10.24
2026-01-26 00:30:00,11.69,11.605461,11.621798201327405,11.80604335273477,10.644576495890105,10.605377854444276,10.49
2026-01-26 01:00:00,11.84,11.293051,10.893902451951249,10.934323420290628,10.575622411931093,9.3928986954622,10.37
2026-01-26 01:30:00,12.0,10.925803,10.845713382504512,10.74202671733466,10.737525691723224,8.924472233605046,10.08
2026-01-26 02:00:00,11.6,10.962311,10.860887134080606,10.78378024794326,10.35732930444423,8.924472233605046,10.35
2026-01-26 02:30:00,11.08,11.232829,10.860887134080606,10.833161115871482,10.588028319410904,8.924472233605046,10.3
2026-01-26 03:00:00,11.5,10.874909,10.631846380241072,10.044029891996962,10.320843720854732,8.850576968062533,10.39
2026-01-26 03:30:00,11.02,10.912678,10.661145041362616,10.165038548500297,10.401535808067203,8.800452775502588,10.15
2026-01-26 04:00:00,11.5,10.931503,10.73919809107156,10.151783571917166,10.828835652595997,9.27528525438898,10.14
2026-01-26 04:30:00,11.97,10.81879,10.735014465708662,10.114733127813604,10.639221164941745,8.924472233605046,10.25
2026-01-26 05:00:00,14.43,11.113308,11.506902352280534,10.447025974716942,11.27915052468676,9.291207996034828,10.36
2026-01-26 05:30:00,14.54,11.715595,11.486083003218932,11.358941015182063,11.43915192290854,9.870817557511112,10.56
2026-01-26 06:00:00,16.14,12.262107,12.45232700591031,12.39299950532472,10.751869244028608,12.57857066211709,11.65
2026-01-26 06:30:00,21.17,17.752981,16.271511993380983,15.463447678761655,14.269698510099229,13.582660166769609,12.96
2026-01-26 07:00:00,30.0,17.062262,17.22055475196206,17.160783794176986,15.272096298993755,14.541125823772427,14.44
2026-01-26 07:30:00,30.0,17.649796,17.73568699711154,17.328118916523596,15.674124511187244,14.889732120805574,13.59
2026-01-26 08:00:00,24.08,17.230425,17.834130820179475,17.11730694730499,16.513772748295914,14.72231459480538,13.19
2026-01-26 08:30:00,20.0,15.655079,15.960618548550354,15.263985524651856,15.798242277486755,14.211378086897,12.18
2026-01-26 09:00:00,16.7,14.761417,14.735530459678666,15.119321707695006,14.031520447339318,13.416680429508771,11.87
2026-01-26 09:30:00,14.0,16.510113,13.875546559532715,14.889830332638873,14.424220966643588,12.21807509398078,11.4
2026-01-26 10:00:00,11.2,12.1775,12.257916404699468,12.357939290144278,13.575429858625272,9.340302995785247,10.72
2026-01-26 10:30:00,11.06,12.2052555,11.722324210802745,11.694406327514862,12.644601384004934,7.965737530836342,10.04
2026-01-26 11:00:00,10.95,12.082045,11.613336886452323,11.569986241642876,11.94909052896502,7.75435448440363,9.85
2026-01-26 11:30:00,10.5,11.402748,10.028015557338216,10.71097261221452,11.561453902039478,7.732856686639216,9.35
2026-01-26 12:00:00,10.44,10.65068,10.40774697702371,9.99179104639479,12.051885808534568,7.223367078189472,9.27
2026-01-26 12:30:00,10.34,10.8548,10.085658062551795,10.027249422032316,11.777456573778151,7.072533653846468,9.25
2026-01-26 13:00:00,10.96,11.903962,11.9152687836083,10.727797097753005,10.67135315910674,7.732856686639216,9.57
2026-01-26 13:30:00,10.96,11.434283,11.403763548336984,10.40053070235198,12.830170076864633,7.75435448440363,9.58
2026-01-26 14:00:00,11.16,11.601041,12.240658557784643,11.007951896567333,11.110422976330709,7.867405281821788,9.77
2026-01-26 14:30:00,11.5,11.825587,12.432940137715653,11.53058717690586,12.136693700740706,7.867405281821788,10.02
2026-01-26 15:00:00,14.35,11.855488,12.132076699244935,12.006114852589528,10.889060184112632,8.933845495370813,10.13
2026-01-26 15:30:00,15.06,15.612544,14.513997026493415,14.964617088493648,13.069958298939609,13.105097405656725,11.4
2026-01-26 16:00:00,18.01,18.984468,16.13950149712967,21.927059159902605,13.20852574959799,13.369164630232936,12.5
2026-01-26 16:30:00,45.01,21.586115,23.590672470364925,20.83080265596205,14.801754185975811,14.541125823772427,15.48
2026-01-26 17:00:00,21.0,22.809322,21.753278537975948,26.734320051403067,14.691872639229253,15.555593148377303,16.55
2026-01-26 17:30:00,40.0,22.777853,21.48172136201147,23.23013964115132,16.211709002407364,15.871530902569372,16.54
2026-01-26 18:00:00,18.19,22.144167,21.60473521986632,21.05952439216573,16.329892354261833,15.871530902569372,17.36
2026-01-26 18:30:00,21.28,19.821789,22.02453884679591,20.050444877220396,14.63214596006973,15.871530902569372,17.12
2026-01-26 19:00:00,20.0,18.936497,21.901931378664013,19.57148378983731,16.336854878429275,16.082850872891285,16.28
2026-01-26 19:30:00,18.17,17.315042,19.605738955072766,17.847756511589147,16.28475955008618,15.24642704177904,15.71
2026-01-26 20:00:00,20.0,16.493458,19.329844313189145,17.235978969955713,15.168000225056767,15.023829360395473,15.31
2026-01-26 20:30:00,18.17,16.180038,16.585334901920795,16.849846976173367,15.339617878555163,15.023829360395473,15.1
2026-01-26 21:00:00,19.51,15.713052,16.068932629211293,16.532392510875564,14.05409615965161,14.833871094089494,14.62
2026-01-26 21:30:00,16.67,14.557106,15.442109823116054,14.79375210597267,13.10947422760551,14.211378086897,13.29
2026-01-26 22:00:00,16.32,14.421408,15.39848800440477,14.642236496415425,13.507909338933125,14.211378086897,13.12
2026-01-26 22:30:00,14.43,12.537532,13.717070308061937,12.950292224386809,11.709897182247536,13.105097405656725,12.02
2026-01-26 23:00:00,14.39,12.091535,12.299891693959196,12.43803693519016,10.567840367717292,12.21807509398078,11.78
2026-01-26 23:30:00,12.0,11.746456,11.380410392256511,11.922329310368054,10.011446881234264,9.870817557511112,10.92
2026-01-27 00:00:00,11.38,11.354319,11.383097201225825,11.262514061954166,10.703040970693404,9.85456210447275,10.77
2026-01-27 00:30:00,11.5,11.485122,11.345187049519296,11.790621120796336,10.051695217752265,11.180953122539114,11.2
2026-01-27 01:00:00,11.23,11.520332,11.35102180547445,11.733119552367956,10.34716817292713,10.605377854444276,11.13
2026-01-27 01:30:00,11.07,11.454768,11.089524040811227,11.564061208250685,10.499573095075853,9.870817557511112,10.94
2026-01-27 02:00:00,11.02,11.533,11.27755282668667,11.724218239429865,10.553275531538905,9.923783820866312,10.87
2026-01-27 02:30:00,11.06,11.511362,11.313830715568663,11.658120076276091,10.52103784790808,9.923783820866312,10.88
2026-01-27 03:00:00,11.08,11.113308,11.01102257014506,11.217568880719366,10.264836752601802,8.924472233605046,10.98
2026-01-27 03:30:00,11.07,11.075515,10.917649853187116,11.149398655050453,10.395011840608236,8.924472233605046,10.8
2026-01-27 04:00:00,11.19,11.141988,11.261365874443074,11.321395132119868,10.704178462718104,9.693669673973298,11.03
2026-01-27 04:30:00,11.32,11.012435,11.272298149387494,11.177991100072912,10.687226453496166,8.931392701749362,11.05
2026-01-27 05:00:00,11.49,11.61803,11.925095741188128,11.86492737909207,11.579929265222976,11.187881022436446,11.78
2026-01-27 05:30:00,14.46,11.935767,12.235763895200062,12.181363311220984,11.454182719740093,12.57857066211709,11.98
2026-01-27 06:00:00,15.9,13.345195,14.171328106320535,13.654357088588426,12.018261836122631,13.56279419354775,13.08
2026-01-27 06:30:00,20.0,19.456165,17.901327597945293,17.896902488624743,14.203435674816472,14.87759215976963,15.98
2026-01-27 07:00:00,18.2,19.225368,19.76900131882196,19.39188088737675,17.480692125761585,15.871530902569372,19.42
2026-01-27 07:30:00,25.66,21.230751,19.755922790834877,19.44900509011958,18.93393633203469,16.082850872891285,19.48
2026-01-27 08:00:00,20.07,19.441917,19.587507995530636,19.505720705467617,19.241521019589392,15.871530902569372,17.1
2026-01-27 08:30:00,17.24,17.57654,16.68405131539417,17.455254496714605,18.806258748382486,14.817457930622297,15.76
2026-01-27 09:00:00,17.24,14.553792,15.050829979697786,15.007310366072078,16.823131854294605,14.211378086897,14.17
2026-01-27 09:30:00,14.5,15.872639,13.701168950963051,14.45773598844604,15.059968560722314,13.202264496687464,13.06
2026-01-27 10:00:00,11.05,11.180089,12.055122129120722,12.765756476176056,12.964900332499123,9.923783820866312,11.77
2026-01-27 10:30:00,11.01,10.568179,14.68417109214215,12.078385477437648,12.599764934408332,8.800452775502588,10.97
2026-01-27 11:00:00,10.96,10.438388,14.68117718713277,12.056228580536182,12.958816152726868,8.356519120982403,10.92
2026-01-27 11:30:00,10.5,10.721546,14.251831236613986,9.808075043417036,11.89837872562492,7.965737530836342,10.42
2026-01-27 12:00:00,10.38,10.737989,13.914960880530137,11.371694997036144,11.356981913017108,7.732856686639216,10.29
2026-01-27 12:30:00,10.38,10.596346,14.001823670406248,10.850316076957478,10.614478654864792,7.732856686639216,10.06
2026-01-27 13:00:00,10.64,11.419022,9.973655324278631,9.456134263471707,10.907228223678011,7.965737530836342,10.54
2026-01-27 13:30:00,11.09,11.13824,14.402919480016852,9.930446729179785,11.001094046195911,8.169607375541784,10.54
2026-01-27 14:00:00,11.0,11.232333,11.564378696810314,10.566629870122606,11.694306632530283,8.356519120982403,10.69
2026-01-27 14:30:00,11.53,11.55809,11.179575821332737,10.633193421260978,13.962216519889312,8.850576968062533,10.93
2026-01-27 15:00:00,13.1,11.920175,11.568606294533568,11.06976203350358,11.600834166770063,9.923783820866312,12.02
2026-01-27 15:30:00,15.32,13.893405,14.718193667544396,13.538131721077898,12.350541958741877,13.208895493409887,13.21
2026-01-27 16:00:00,17.15,18.051502,16.23862165423841,19.78667656118776,13.864648763007526,14.042991815402171,14.81
2026-01-27 16:30:00,17.25,23.855082,22.871488906646416,27.194333882799263,18.641899447474074,17.240871504609427,25.64
2026-01-27 17:00:00,18.2,21.44277,22.47917726532227,21.865853392050525,17.93032709073732,16.082850872891285,18.27
2026-01-27 17:30:00,18.2,24.208345,26.136319761541436,29.896475326598036,23.5589391224057,18.96565494870573,25.03
2026-01-27 18:00:00,17.25,20.61598,22.572413481233205,20.39370543274635,18.956996424988244,16.082850872891285,17.64
2026-01-27 18:30:00,17.17,20.693584,22.51589961925535,20.662939208368574,17.806260020019398,16.082850872891285,18.8
2026-01-27 19:00:00,17.0,19.604263,22.3270228071213,20.093919553534864,18.66168023068071,17.240871504609427,18.12
2026-01-27 19:30:00,16.5,18.499355,19.06160926662041,18.875015119138336,18.068813263839864,15.702148642529089,16.88
2026-01-27 20:00:00,17.17,17.536798,18.687903437151085,18.400367969730464,17.07687326332797,15.24642704177904,17.2
2026-01-27 20:30:00,16.33,16.910027,17.552794684414536,17.49581636693769,16.930457730258183,15.24642704177904,16.3
2026-01-27 21:00:00,15.75,16.957457,17.995334607067317,17.211307596014727,15.873331921562242,15.13440640423266,16.45
2026-01-27 21:30:00,15.11,15.066858,16.46689140616606,15.443077333513132,13.37119673645432,14.406232750797065,14.73
2026-01-27 22:00:00,14.62,14.93164,16.533029876742493,15.588355459803536,13.757116357986234,14.406232750797065,14.33
2026-01-27 22:30:00,12.57,13.198866,14.50219222262801,13.81075840857379,12.255000577611955,13.26825176602713,12.99
2026-01-27 23:00:00,11.65,12.420734,13.03456316636384,12.82012241195724,11.018672114379791,12.619909821249172,12.3
2026-01-27 23:30:00,10.66,12.150649,12.130414685925324,12.278786012327874,10.056710408105983,10.83139720349999,11.25
2026-01-28 00:00:00,10.59,11.39648,11.24242678004928,11.269476613112648,11.203004950774751,10.576270884174416,11.42
2026-01-28 00:30:00,10.79,11.724771,11.474882886547494,11.754314888175358,10.550078924225955,11.348880059043385,11.68
2026-01-28 01:00:00,11.0,11.395624,11.370328258842322,11.629037696845176,10.637682841764756,11.180953122539114,11.46
2026-01-28 01:30:00,10.99,11.387298,11.300811202102109,11.741337341511509,10.704348643658566,9.923783820866312,11.15
2026-01-28 02:00:00,11.0,11.626488,11.41589279064832,11.563007092711509,10.539534573987474,10.605377854444276,11.15
2026-01-28 02:30:00,10.95,11.696629,11.47790686764525,11.7466182689808,10.523468697127488,10.605377854444276,11.11
2026-01-28 03:00:00,10.72,11.665821,11.37402372557379,11.564087977801927,10.655338936798824,9.870817557511112,11.1
2026-01-28 03:30:00,10.74,11.094341,11.798196839796535,11.542842303225182,10.743480014108757,8.924472233605046,11.15
2026-01-28 04:00:00,10.95,11.315857,11.593274378851934,11.6543891249134,10.361836254961842,8.931392701749362,11.29
2026-01-28 04:30:00,10.5,11.456822,11.496860285707752,11.483939838769553,10.395428276456824,9.870817557511112,11.39
2026-01-28 05:00:00,10.64,11.693835,11.735389826028293,11.805236379047834,10.396783845025446,11.348880059043385,11.78
2026-01-28 05:30:00,11.0,11.981531,12.37742931432199,11.80562094958148,10.717611886143851,12.619909821249172,12.63
2026-01-28 06:00:00,14.46,13.3173065,13.97146919145019,13.899541692083211,12.19881363027078,13.582660166769609,13.82
2026-01-28 06:30:00,16.38,17.104483,17.577781060616108,17.459977109388664,15.340274513538628,15.094938275140109,16.74
2026-01-28 07:00:00,17.0,19.09048,19.891175424083,19.42743951829487,16.663659855339287,16.082850872891285,17.71
2026-01-28 07:30:00,17.95,20.179743,20.35026717419933,19.81808121032093,18.59929130651936,16.082850872891285,19.77
2026-01-28 08:00:00,16.86,18.250898,19.20613648349335,18.58174124060151,18.931130472720213,16.082850872891285,17.24
2026-01-28 08:30:00,16.32,16.085184,16.60484010305109,17.179565850794422,18.566280990331155,15.023829360395473,15.59
2026-01-28 09:00:00,14.7,14.60656,15.04465737742969,15.645874933080323,16.047531332343574,14.211378086897,14.85
2026-01-28 09:30:00,11.88,15.48991,13.496773015955377,14.036668616463576,14.086117138699102,13.199222194920074,13.38
2026-01-28 10:00:00,11.3,11.614221,12.383386205020612,13.10244948723901,14.839835171165111,10.83139720349999,11.64
2026-01-28 10:30:00,10.95,10.41635,14.485088999444404,11.942576121165484,16.2338233411073,8.924472233605046,11.12
2026-01-28 11:00:00,10.56,9.868131,14.181644223029704,11.484681747016564,15.16539430966845,8.563749655695103,10.97
2026-01-28 11:30:00,10.38,9.65452,14.139043661248476,11.405792432826203,13.52417378236406,8.136959916014783,10.67
2026-01-28 12:00:00,10.15,9.283427,14.238283132480984,11.332922159191774,12.249565983443922,7.75435448440363,10.39
2026-01-28 12:30:00,9.99,9.15837,14.342170345703458,12.52341922766164,11.668678127277705,7.732856686639216,10.3
2026-01-28 13:00:00,10.25,9.881091,14.61550591543682,11.869631574896962,12.216978879066566,8.353774920873418,10.7
2026-01-28 13:30:00,10.34,9.937209,14.599433766766037,11.696856885410485,12.608522130236278,8.535154123642926,10.9
2026-01-28 14:00:00,10.84,9.979387,14.582263794487485,12.057169822216018,11.717669261625913,8.800452775502588,11.11
2026-01-28 14:30:00,11.05,10.674366,11.203943603516288,11.153140621033208,12.005948793280696,8.850576968062533,11.39
2026-01-28 15:00:00,11.48,11.3617525,12.030061320974008,10.908792420978248,12.290792353399846,10.576270884174416,11.95
2026-01-28 15:30:00,14.0,15.249771,13.82039747656319,14.048306829827377,12.900815933747063,13.26825176602713,13.66
2026-01-28 16:00:00,14.72,19.281334,17.716087577062684,17.137777185093768,13.36635786545444,14.211378086897,15.18
2026-01-28 16:30:00,17.49,23.436214,21.041876447966462,19.55887247586846,17.557790696023176,17.240871504609427,17.83
2026-01-28 17:00:00,19.31,20.749739,21.694618445965105,20.974827829832435,21.9741326848851,16.082850872891285,17.89
2026-01-28 17:30:00,17.28,23.41435,24.97962677707868,23.44374734486043,24.037883517299587,18.96565494870573,19.05
2026-01-28 18:00:00,18.1,20.545685,21.54803237459303,20.331096378910512,16.952979015236586,16.082850872891285,17.44
2026-01-28 18:30:00,20.0,20.749739,21.20245989838175,20.713564083194345,16.848892629924556,16.082850872891285,17.34
2026-01-28 19:00:00,17.85,18.8891,20.39546526724301,19.939608493711837,19.503107026219336,16.99461329187742,16.77
2026-01-28 19:30:00,17.3,18.300493,19.36835219646505,18.838881035133134,17.428527141942006,15.702148642529089,16.36
2026-01-28 20:00:00,16.86,18.376865,20.29830091384096,19.26909148046662,17.513738174541505,15.702148642529089,16.31
2026-01-28 20:30:00,16.38,16.893503,19.04946162043536,17.58681455669462,15.984698849915308,15.702148642529089,16.06
2026-01-28 21:00:00,15.66,16.9724,18.99137834644694,17.163536501292057,15.696455177832128,15.24642704177904,15.66
2026-01-28 21:30:00,14.85,15.70498,17.05584901340922,16.542044204644963,14.209119699931362,15.023829360395473,14.42
2026-01-28 22:00:00,14.62,15.649729,17.401135545720894,15.804318354359292,14.95087036799056,14.817457930622297,14.05
2026-01-28 22:30:00,12.94,13.488472,14.165660528692449,13.96829254946134,11.462499497808835,13.328394732795877,12.51
2026-01-28 23:00:00,12.5,12.587544,12.78157849011541,13.018226101602652,11.15716102803058,13.106985697832734,11.83
2026-01-28 23:30:00,10.98,12.338605,11.773490952123032,12.40622662611395,10.334992487865325,10.83139720349999,11.21
2026-01-29 00:00:00,11.45,11.536832,11.510148799885044,11.491206799997045,11.586122495688612,11.344240612838934,10.82
2026-01-29 00:30:00,11.37,11.775944,12.101123135092893,11.8631885348699,10.8128359163151,12.11940899357585,11.25
2026-01-29 01:00:00,11.16,11.63665,11.556241973105664,11.730541747091618,10.535842454970393,11.180953122539114,11.14
2026-01-29 01:30:00,11.07,11.63665,11.486724916365448,11.660428302181185,10.425101775493244,10.83139720349999,10.97
2026-01-29 02:00:00,11.0,11.819246,11.486724916365448,11.675755626140775,10.680552990214672,10.83139720349999,10.97
2026-01-29 02:30:00,11.0,11.773768,11.486724916365448,11.69088251663868,10.968788411512024,11.180953122539114,10.96
2026-01-29 03:00:00,10.95,11.742961,11.438766073488871,11.753984848730347,10.9284240046199,10.605377854444276,11.04
2026-01-29 03:30:00,10.86,11.71906,12.053449686538046,11.767576201279288,10.971959522913314,11.187881022436446,10.82
2026-01-29 04:00:00,10.95,11.641073,11.560648489468626,11.607399721035854,10.848750759725416,10.605377854444276,11.02
2026-01-29 04:30:00,11.02,11.546001,11.484808264623997,11.517803498604648,10.973514783639825,10.605377854444276,10.77
2026-01-29 05:00:00,11.97,12.123956,12.028683693027492,12.078190360202456,10.481880598965736,12.11940899357585,11.28
2026-01-29 05:30:00,12.08,12.205942,12.216671243617691,11.985598115595282,11.048470003059602,13.105097405656725,11.52
2026-01-29 06:00:00,15.0,14.609071,15.368917732645526,14.820378803032304,12.59771594548094,14.155377253813322,13.18
2026-01-29 06:30:00,16.41,17.578455,18.287356321280196,17.674628707082068,16.385396128792973,15.21043814629127,15.76
2026-01-29 07:00:00,20.0,19.003054,19.89388728398694,19.536927334862607,17.768539126906752,16.082850872891285,16.33
2026-01-29 07:30:00,17.36,21.866331,20.55651267121043,20.17100540811451,17.43612408721648,17.26389073972112,17.05
2026-01-29 08:00:00,16.41,18.809628,19.04759252975218,18.846307710286048,18.630308919197017,16.082850872891285,15.72
2026-01-29 08:30:00,16.32,16.478987,15.782902218718045,16.959277320024267,15.778232432357102,15.023829360395473,15.06
2026-01-29 09:00:00,14.7,18.030128,15.29007144721404,16.110720661549657,16.1851097365208,14.406232750797065,13.87
2026-01-29 09:30:00,12.0,16.19531,14.353808619784784,14.830187434948876,15.453532892265926,13.26825176602713,12.63
2026-01-29 10:00:00,10.95,11.114246,11.815604591146808,12.295662538724274,15.32372630897182,11.39909806149461,11.64
2026-01-29 10:30:00,10.46,9.945576,14.736941137747728,11.185859051150208,15.379259184700318,8.924472233605046,11.1
2026-01-29 11:00:00,10.44,9.756923,13.76117723311235,11.517333095787595,14.531657620132522,8.618138550787236,10.89
2026-01-29 11:30:00,10.34,9.445655,13.710654944243045,11.086757753657276,13.44735545346052,8.344482161775305,10.33
2026-01-29 12:00:00,10.02,9.168549,13.165210599562707,11.052325955828868,12.296964591864516,7.732856686639216,10.32
2026-01-29 12:30:00,9.85,9.045307,13.407837498302486,12.37413570227573,11.516708440784049,7.732856686639216,10.2
2026-01-29 13:00:00,10.17,9.821848,14.067855233085536,11.6215561811031,12.198733146792613,8.38550881057275,10.4
2026-01-29 13:30:00,10.26,9.779906,13.864033316713511,11.457295471064947,11.911605640369077,8.933845495370813,10.59
2026-01-29 14:00:00,10.44,9.896139,14.551913308868466,12.017955823726938,11.838540452273197,9.27528525438898,10.74
2026-01-29 14:30:00,10.8,10.151326,11.269038172970872,10.787259869139552,11.73100036398122,9.693669673973298,10.82
2026-01-29 15:00:00,11.16,11.348523,11.77685137494499,10.85634039673254,12.03958839352266,10.605377854444276,11.69
2026-01-29 15:30:00,14.01,17.400307,14.920101526400057,20.04579070245496,13.293219828853015,13.26825176602713,13.09
2026-01-29 16:00:00,14.5,19.820843,18.02009731228339,16.543725106711864,14.9314223252195,14.211378086897,14.21
2026-01-29 16:30:00,16.41,24.553482,23.036092956146565,20.15957315673081,17.989598178848556,17.26389073972112,17.35
2026-01-29 17:00:00,18.2,21.435991,21.69276152414492,21.30911405752252,20.509168759948896,16.082850872891285,17.08
2026-01-29 17:30:00,18.2,23.43126,24.73184232563043,23.93397627382149,23.31681040220989,18.96565494870573,17.72
2026-01-29 18:00:00,19.5,21.113855,21.382615032425605,20.134311237402475,16.092495203153874,16.082850872891285,16.56
2026-01-29 18:30:00,19.98,20.631655,21.09791142597114,20.48597494508,17.241752095119654,16.082850872891285,17.54
2026-01-29 19:00:00,18.2,19.020237,20.25670233484577,19.888776243014167,19.887394636072912,17.02671670165027,16.91
2026-01-29 19:30:00,18.2,18.593554,19.52683969014012,18.715003514029117,14.7094776507459,16.27145008365869,16.33
2026-01-29 20:00:00,20.0,17.8656,19.7422431231564,18.34118507420998,15.038570789382009,15.702148642529089,16.13
2026-01-29 20:30:00,19.5,16.893503,18.74004605579016,17.775421312994208,15.781004943306463,15.702148642529089,15.67
2026-01-29 21:00:00,17.82,17.272974,19.040424981452237,17.91506472405619,16.317615535848816,15.702148642529089,15.49
2026-01-29 21:30:00,16.1,15.917539,17.477694172421366,16.455866401342362,14.6818888411291,15.023829360395473,14.59
2026-01-29 22:00:00,15.66,15.359468,17.334825124214102,16.115562833108207,14.216042205101402,14.817457930622297,14.09
2026-01-29 22:30:00,13.8,13.750865,15.044653963558329,14.43693323475935,12.419555629881376,13.369164630232936,12.8
2026-01-29 23:00:00,13.02,13.087332,13.592725885037584,16.09532329758852,11.362578062640354,13.202264496687464,12.24
2026-01-29 23:30:00,11.12,12.334151,12.418285388153556,12.621626802232454,10.53546196302946,11.344240612838934,11.37
2026-01-30 00:00:00,11.14,11.708787,11.662550703364268,11.399357061596568,11.688761541087263,11.348880059043385,11.24
2026-01-30 00:30:00,11.5,11.83528,12.12653368733955,11.927169469317016,10.483800328482909,12.11940899357585,11.27
2026-01-30 01:00:00,11.42,11.819246,11.581652525352322,11.745304977855795,10.432409230539998,11.180953122539114,11.28
2026-01-30 01:30:00,11.23,11.684297,11.634017884591858,11.856587745462251,10.270764622674784,11.348880059043385,11.05
2026-01-30 02:00:00,11.16,11.9448805,11.708145400605444,11.856587745462251,10.608114105671133,11.344240612838934,11.14
2026-01-30 02:30:00,11.08,11.899403,11.708145400605444,11.846702431238974,11.089372877676476,11.187881022436446,11.13
2026-01-30 03:00:00,11.02,11.742961,11.464176625735533,11.655401774817184,10.912546460046656,10.576270884174416,11.24
2026-01-30 03:30:00,10.95,11.71906,11.668145208809095,11.599377582584175,11.008321863351943,11.187881022436446,11.14
2026-01-30 04:00:00,10.95,11.71906,11.668145208809095,11.65219230924753,11.045666425546443,11.187881022436446,11.23
2026-01-30 04:30:00,11.02,11.624233,11.53098294011118,11.612577029528088,11.003781205464996,11.180953122539114,11.16
2026-01-30 05:00:00,11.97,12.123956,12.019551704149391,12.095530729290488,11.275061775101092,12.21807509398078,11.93
2026-01-30 05:30:00,12.0,12.28393,12.28331519083564,12.063289781555428,11.195525426670129,13.105097405656725,11.97
2026-01-30 06:00:00,15.0,15.200762,16.038663743914714,15.18118978793114,13.41964876563071,14.211378086897,13.56
2026-01-30 06:30:00,19.9,17.892138,18.50519885230293,18.0791299343336,16.720985664148163,15.429693165968308,15.67
2026-01-30 07:00:00,19.9,19.183456,19.822504557590765,19.449718946708963,17.960333729654245,16.082850872891285,17.63
2026-01-30 07:30:00,18.32,21.866331,20.28284456079304,20.15024721048832,17.293257945215,17.26389073972112,17.3
2026-01-30 08:00:00,17.17,18.975494,18.82042937585396,18.465431669689835,18.726602954240693,16.082850872891285,15.88
2026-01-30 08:30:00,16.24,16.850468,15.968585147395954,16.974674156798113,17.676163011046103,15.023829360395473,15.11
2026-01-30 09:00:00,15.0,17.928343,15.53417896152094,16.171120294534877,16.54362085533023,14.406232750797065,14.07
2026-01-30 09:30:00,13.44,16.16905,14.096614477659829,14.779857129296284,15.914431515625786,13.369164630232936,12.58
2026-01-30 10:00:00,12.48,12.01324,11.815604591146808,12.30383376412537,15.387515426716538,11.92740603463244,11.44
2026-01-30 10:30:00,11.02,11.308938,14.856987541640006,11.730413242923476,15.74195019457437,8.924472233605046,10.97
2026-01-30 11:00:00,10.95,11.170536,14.455429854314396,11.537901598109215,15.342208803842851,8.800452775502588,10.95
2026-01-30 11:30:00,10.5,10.693501,14.253315836325712,11.22357598881882,14.08299558170912,8.344482161775305,10.63
2026-01-30 12:00:00,10.25,10.466302,14.823572276237764,11.450513056161594,12.100999587806555,7.75435448440363,10.42
2026-01-30 12:30:00,10.22,10.600973,15.321550566149773,12.028752652702329,12.336478927907216,7.75435448440363,10.35
2026-01-30 13:00:00,10.45,11.208844,15.083768811230742,12.984945250310606,13.074386788517828,8.516659321826795,10.71
2026-01-30 13:30:00,10.95,11.238693,14.875854867689451,12.901676246233013,12.263576198001672,8.933845495370813,10.84
2026-01-30 14:00:00,10.91,11.357157,14.9431549460146,13.260212097797735,12.743577329569789,9.27528525438898,11.1
2026-01-30 14:30:00,11.05,11.564941,12.32766459374071,12.173310922355196,11.46724627400702,9.870817557511112,11.0
2026-01-30 15:00:00,11.92,11.974346,12.955036257566707,11.32114948678047,12.782871177904411,10.605377854444276,11.64
2026-01-30 15:30:00,14.44,16.523436,15.352396612421243,20.39896077619068,13.581201604502704,13.328394732795877,13.33
2026-01-30 16:00:00,15.0,17.842419,18.221230151245347,16.389393496348273,15.823766671054557,14.211378086897,14.18
2026-01-30 16:30:00,17.82,23.52211,22.905855507429603,17.962367933831697,20.20889976458269,17.240871504609427,18.23
2026-01-30 17:00:00,17.82,21.038406,20.671239831796388,20.43538766735556,20.69754992419077,15.702148642529089,17.29
2026-01-30 17:30:00,17.82,22.545145,24.159092520233173,23.830953383415327,22.764522134684576,18.96565494870573,19.01
2026-01-30 18:00:00,17.74,18.944927,20.592465922276983,18.98940693795467,16.291534815689136,15.702148642529089,17.5
2026-01-30 18:30:00,17.5,19.473125,20.21062806833232,19.72941833800524,17.813438542921023,15.702148642529089,17.77
2026-01-30 19:00:00,17.2,18.96549,20.078199281467697,19.623184233357645,18.40959913146557,17.02671670165027,17.0
2026-01-30 19:30:00,16.7,18.416271,19.498614051306397,18.175235180106693,16.83773035262015,15.702148642529089,16.93
2026-01-30 20:00:00,16.7,17.999165,20.261388860830557,18.67863853929882,16.213244618252997,15.702148642529089,17.24
2026-01-30 20:30:00,16.5,17.12481,19.10438104914575,17.789891506865747,16.716853201340506,15.702148642529089,16.75
2026-01-30 21:00:00,17.5,17.316494,19.034797347319834,17.889934106091196,14.99400728533139,15.702148642529089,16.04
2026-01-30 21:30:00,15.74,16.108961,17.797415988026298,16.30547784394698,14.458413345914456,15.023829360395473,14.87
2026-01-30 22:00:00,14.72,15.922124,17.778213715233058,16.21561491684325,14.434910974160584,15.023829360395473,14.52
2026-01-30 22:30:00,14.0,13.625289,14.834782365363026,13.978898294419777,12.253475239063937,13.328394732795877,12.87
2026-01-30 23:00:00,13.05,12.866266,13.48255237401956,16.08567995575103,11.35233810508072,13.199222194920074,12.19
2026-01-30 23:30:00,11.0,12.334151,12.216484360307682,12.481679494530956,10.443707364876603,11.344240612838934,11.34
2026-01-31 00:00:00,12.29,11.67,11.65,11.52,11.47,11.35,10.22
